Site Name,Year,Feb_Temp,Mar_Temp,Feb_Mar_Temp,Temperature_Source
Akita,1953,-1.510714285714286,3.9387096774193546,1.2139976958525343,JMA daily observed
Akita,1954,0.7000000000000001,2.7451612903225806,1.7225806451612904,JMA daily observed
Akita,1955,0.21428571428571433,3.0580645161290323,1.6361751152073734,JMA daily observed
Akita,1956,-1.2,3.045161290322581,0.9225806451612905,JMA daily observed
Akita,1957,-1.1035714285714286,1.2483870967741935,0.0724078341013824,JMA daily observed
Akita,1958,1.1857142857142857,2.725806451612903,1.9557603686635945,JMA daily observed
Akita,1959,2.142857142857143,4.887096774193548,3.514976958525345,JMA daily observed
Akita,1960,1.0586206896551724,3.364516129032258,2.211568409343715,JMA daily observed
Akita,1961,-0.6571428571428571,2.448387096774194,0.8956221198156684,JMA daily observed
Akita,1962,-0.08928571428571429,2.1741935483870964,1.042453917050691,JMA daily observed
Akita,1963,-0.00714285714285715,2.8483870967741933,1.420622119815668,JMA daily observed
Akita,1964,-0.993103448275862,3.0677419354838706,1.0373192436040042,JMA daily observed
Akita,1965,-1.0464285714285715,1.429032258064516,0.1913018433179723,JMA daily observed
Akita,1966,0.09642857142857143,3.954838709677419,2.025633640552995,JMA daily observed
Akita,1967,-0.2714285714285714,3.196774193548387,1.4626728110599079,JMA daily observed
Akita,1968,-1.196551724137931,4.035483870967742,1.4194660734149052,JMA daily observed
Akita,1969,-0.7750000000000001,1.493548387096774,0.35927419354838697,JMA daily observed
Akita,1970,-0.09285714285714287,-0.15161290322580645,-0.12223502304147466,JMA daily observed
Akita,1971,-0.11785714285714287,2.396774193548387,1.139458525345622,JMA daily observed
Akita,1972,0.25862068965517243,4.003225806451613,2.1309232480533926,JMA daily observed
Akita,1973,1.582142857142857,1.761290322580645,1.671716589861751,JMA daily observed
Akita,1974,-0.5357142857142857,1.4548387096774194,0.4595622119815668,JMA daily observed
Akita,1975,-0.4857142857142857,3.0129032258064514,1.2635944700460828,JMA daily observed
Akita,1976,0.20344827586206893,3.106451612903226,1.6549499443826474,JMA daily observed
Akita,1977,-0.942857142857143,3.641935483870968,1.3495391705069124,JMA daily observed
Akita,1978,-2.5035714285714286,2.916129032258065,0.20627880184331815,JMA daily observed
Akita,1979,1.9821428571428572,3.3161290322580643,2.6491359447004608,JMA daily observed
Akita,1980,-1.4068965517241379,2.458064516129032,0.5255839822024472,JMA daily observed
Akita,1981,0.375,3.1258064516129034,1.7504032258064517,JMA daily observed
Akita,1982,-0.9607142857142857,3.52258064516129,1.2809331797235022,JMA daily observed
Akita,1983,-0.48214285714285715,3.1870967741935483,1.3524769585253456,JMA daily observed
Akita,1984,-2.282758620689655,0.3645161290322581,-0.9591212458286985,JMA daily observed
Akita,1985,0.48214285714285715,2.5548387096774197,1.5184907834101384,JMA daily observed
Akita,1986,-1.6214285714285714,2.8193548387096774,0.598963133640553,JMA daily observed
Akita,1987,0.19642857142857142,3.0387096774193547,1.6175691244239632,JMA daily observed
Akita,1988,-2.0413793103448277,2.667741935483871,0.31318131256952175,JMA daily observed
Akita,1989,1.8607142857142858,5.016129032258065,3.4384216589861754,JMA daily observed
Akita,1990,2.9642857142857144,5.145161290322581,4.054723502304148,JMA daily observed
Akita,1991,0.5071428571428571,3.603225806451613,2.055184331797235,JMA daily observed
Akita,1992,0.49310344827586206,4.051612903225807,2.2723581757508344,JMA daily observed
Akita,1993,2.1142857142857143,3.9096774193548387,3.0119815668202765,JMA daily observed
Akita,1994,1.325,2.5129032258064514,1.9189516129032258,JMA daily observed
Akita,1995,1.075,3.835483870967742,2.455241935483871,JMA daily observed
Akita,1996,0.293103448275862,2.987096774193548,1.6401001112347051,JMA daily observed
Akita,1997,1.3392857142857142,3.8741935483870966,2.6067396313364055,JMA daily observed
Akita,1998,1.262962962962963,4.803225806451613,3.0330943847072884,JMA daily observed
Akita,1999,0.45714285714285713,3.8870967741935485,2.1721198156682027,JMA daily observed
Akita,2000,0.19655172413793107,3.174193548387097,1.6853726362625139,JMA daily observed
Akita,2001,-0.775,3.6903225806451614,1.4576612903225807,JMA daily observed
Akita,2002,1.8642857142857143,5.464516129032258,3.664400921658986,JMA daily observed
Akita,2003,0.7392857142857142,3.3161290322580643,2.0277073732718893,JMA daily observed
Akita,2004,2.027586206896552,4.203225806451614,3.1154060066740827,JMA daily observed
Akita,2005,-0.5464285714285714,3.009677419354839,1.2316244239631338,JMA daily observed
Akita,2006,0.8678571428571429,3.674193548387097,2.27102534562212,JMA daily observed
Akita,2007,2.7142857142857144,3.487096774193548,3.1006912442396315,JMA daily observed
Akita,2008,-0.031034482758620703,5.758064516129032,2.8635150166852057,JMA daily observed
Akita,2009,1.417857142857143,3.9000000000000004,2.6589285714285715,JMA daily observed
Akita,2010,0.3607142857142857,3.02258064516129,1.691647465437788,JMA daily observed
Akita,2011,1.1357142857142857,2.148387096774193,1.6420506912442394,JMA daily observed
Akita,2012,-1.0344827586206897,3.306451612903226,1.1359844271412682,JMA daily observed
Akita,2013,-0.49642857142857144,3.519354838709677,1.5114631336405528,JMA daily observed
Akita,2014,-0.13214285714285712,3.867741935483871,1.867799539170507,JMA daily observed
Akita,2015,2.2642857142857142,5.748387096774193,4.006336405529954,JMA daily observed
Akita,2016,0.9379310344827587,5.103225806451612,3.0205784204671855,JMA daily observed
Akita,2017,1.2678571428571428,3.9225806451612906,2.595218894009217,JMA daily observed
Akita,2018,-0.8607142857142858,5.241935483870968,2.190610599078341,JMA daily observed
Akita,2019,1.414814814814815,5.370967741935484,3.3928912783751493,JMA daily observed
Akita,2020,2.4655172413793105,6.377419354838709,4.42146829810901,JMA daily observed
Akita,2021,1.6535714285714287,6.463333333333334,4.058452380952382,JMA daily observed
Akita,2022,0.5642857142857143,4.8933333333333335,2.728809523809524,JMA daily observed
Akita,2023,0.925,7.509677419354839,4.21733870967742,JMA daily observed
Akita,2024,2.9827586206896552,4.038709677419355,3.510734149054505,JMA daily observed
Aomori,1953,-2.892857142857143,2.2451612903225806,-0.3238479262672811,JMA daily observed
Aomori,1954,-0.46428571428571425,1.4870967741935484,0.5114055299539171,JMA daily observed
Aomori,1955,-1.2964285714285713,1.0032258064516129,-0.1466013824884792,JMA daily observed
Aomori,1956,-2.5413793103448277,1.1806451612903226,-0.6803670745272525,JMA daily observed
Aomori,1957,-3.1714285714285713,-0.2129032258064516,-1.6921658986175114,JMA daily observed
Aomori,1958,-0.30357142857142855,0.9290322580645162,0.31273041474654384,JMA daily observed
Aomori,1959,0.2571428571428572,3.4612903225806453,1.8592165898617512,JMA daily observed
Aomori,1960,-0.303448275862069,1.538709677419355,0.617630700778643,JMA daily observed
Aomori,1961,-1.7142857142857142,1.5451612903225806,-0.08456221198156677,JMA daily observed
Aomori,1962,-1.207142857142857,0.7903225806451613,-0.2084101382488479,JMA daily observed
Aomori,1963,-1.1642857142857144,2.161290322580645,0.4985023041474653,JMA daily observed
Aomori,1964,-2.810344827586207,1.9806451612903226,-0.4148498331479421,JMA daily observed
Aomori,1965,-2.9678571428571425,-0.16774193548387098,-1.5677995391705069,JMA daily observed
Aomori,1966,-1.6357142857142857,2.551612903225806,0.45794930875576023,JMA daily observed
Aomori,1967,-2.0357142857142856,1.9903225806451614,-0.022695852534562078,JMA daily observed
Aomori,1968,-2.4310344827586206,2.4645161290322584,0.016740823136818905,JMA daily observed
Aomori,1969,-2.314285714285714,0.4548387096774193,-0.9297235023041474,JMA daily observed
Aomori,1970,-1.0250000000000001,-1.803225806451613,-1.4141129032258064,JMA daily observed
Aomori,1971,-1.2750000000000001,1.4129032258064516,0.06895161290322571,JMA daily observed
Aomori,1972,-1.1551724137931034,2.835483870967742,0.8401557285873192,JMA daily observed
Aomori,1973,-0.06428571428571432,0.37741935483870964,0.15656682027649765,JMA daily observed
Aomori,1974,-1.407142857142857,0.6225806451612902,-0.3922811059907834,JMA daily observed
Aomori,1975,-1.989285714285714,1.5096774193548386,-0.23980414746543777,JMA daily observed
Aomori,1976,-0.996551724137931,1.567741935483871,0.28559510567297003,JMA daily observed
Aomori,1977,-2.685714285714286,1.7129032258064516,-0.48640552995391717,JMA daily observed
Aomori,1978,-4.2178571428571425,1.2870967741935484,-1.465380184331797,JMA daily observed
Aomori,1979,-0.22499999999999995,2.2838709677419353,1.0294354838709676,JMA daily observed
Aomori,1980,-3.0448275862068965,1.1225806451612903,-0.9611234705228031,JMA daily observed
Aomori,1981,-1.2,1.3387096774193548,0.0693548387096774,JMA daily observed
Aomori,1982,-2.210714285714286,2.0870967741935487,-0.061808755760368594,JMA daily observed
Aomori,1983,-1.9785714285714284,1.8516129032258064,-0.06347926267281101,JMA daily observed
Aomori,1984,-3.5344827586206895,-0.6322580645161291,-2.083370411568409,JMA daily observed
Aomori,1985,-0.5071428571428572,1.1516129032258065,0.3222350230414746,JMA daily observed
Aomori,1986,-2.689285714285714,1.4838709677419355,-0.6027073732718893,JMA daily observed
Aomori,1987,-1.4785714285714284,1.5774193548387097,0.049423963133640614,JMA daily observed
Aomori,1988,-3.296551724137931,1.4225806451612903,-0.9369855394883203,JMA daily observed
Aomori,1989,0.9214285714285715,4.341935483870968,2.6316820276497697,JMA daily observed
Aomori,1990,1.5250000000000001,4.490322580645161,3.007661290322581,JMA daily observed
Aomori,1991,-0.7714285714285715,2.261290322580645,0.7449308755760369,JMA daily observed
Aomori,1992,-0.29310344827586204,3.141935483870968,1.424416017797553,JMA daily observed
Aomori,1993,0.7642857142857143,3.3451612903225807,2.0547235023041477,JMA daily observed
Aomori,1994,0.4035714285714286,1.532258064516129,0.9679147465437787,JMA daily observed
Aomori,1995,0.3821428571428571,2.803225806451613,1.592684331797235,JMA daily observed
Aomori,1996,-1.006896551724138,1.9548387096774194,0.4739710789766407,JMA daily observed
Aomori,1997,0.6142857142857142,2.770967741935484,1.692626728110599,JMA daily observed
Aomori,1998,-0.375,4.067741935483871,1.8463709677419353,JMA daily observed
Aomori,1999,-1.0285714285714287,1.6516129032258065,0.3115207373271889,JMA daily observed
Aomori,2000,-1.006896551724138,1.7322580645161292,0.3626807563959956,JMA daily observed
Aomori,2001,-2.4785714285714286,2.0870967741935487,-0.19573732718894,JMA daily observed
Aomori,2002,0.5821428571428572,4.377419354838709,2.4797811059907833,JMA daily observed
Aomori,2003,-0.6035714285714285,2.267741935483871,0.8320852534562211,JMA daily observed
Aomori,2004,0.7620689655172415,2.9096774193548387,1.83587319243604,JMA daily observed
Aomori,2005,-2.0142857142857142,1.3709677419354838,-0.32165898617511524,JMA daily observed
Aomori,2006,-1.1214285714285714,2.267741935483871,0.5731566820276497,JMA daily observed
Aomori,2007,1.5678571428571428,2.3225806451612905,1.9452188940092165,JMA daily observed
Aomori,2008,-1.003448275862069,4.564516129032258,1.7805339265850946,JMA daily observed
Aomori,2009,0.18571428571428575,2.564516129032258,1.375115207373272,JMA daily observed
Aomori,2010,-1.0,1.8193548387096774,0.4096774193548387,JMA daily observed
Aomori,2011,0.32142857142857145,1.3806451612903226,0.851036866359447,JMA daily observed
Aomori,2012,-2.5714285714285716,1.8483870967741935,-0.36152073732718903,JMA daily observed
Aomori,2013,-1.7428571428571427,2.0161290322580645,0.13663594470046092,JMA daily observed
Aomori,2014,-1.3071428571428572,2.458064516129032,0.5754608294930875,JMA daily observed
Aomori,2015,1.1928571428571428,4.629032258064516,2.9109447004608295,JMA daily observed
Aomori,2016,-0.062068965517241434,3.9967741935483874,1.967352614015573,JMA daily observed
Aomori,2017,0.18214285714285716,2.5870967741935487,1.384619815668203,JMA daily observed
Aomori,2018,-1.9321428571428572,4.593548387096774,1.3307027649769587,JMA daily observed
Aomori,2019,0.024999999999999998,3.7903225806451615,1.9076612903225807,JMA daily observed
Aomori,2020,1.1620689655172414,5.090322580645162,3.126195773081202,JMA daily observed
Aomori,2021,-0.6821428571428572,5.422580645161291,2.370218894009217,JMA daily observed
Aomori,2022,-0.8178571428571428,3.6700000000000004,1.4260714285714289,JMA daily observed
Aomori,2023,-0.0142857142857143,5.8999999999999995,2.9428571428571426,JMA daily observed
Aomori,2024,1.2724137931034483,3.148387096774193,2.210400444938821,JMA daily observed
Asahikawa,1953,-9.62142857142857,-2.3193548387096774,-5.970391705069124,JMA daily observed
Asahikawa,1954,-4.95,-3.9612903225806453,-4.455645161290323,JMA daily observed
Asahikawa,1955,-6.167857142857143,-2.8032258064516125,-4.485541474654378,JMA daily observed
Asahikawa,1956,-7.503448275862069,-2.5483870967741935,-5.025917686318131,JMA daily observed
Asahikawa,1957,-8.767857142857142,-4.741935483870968,-6.754896313364055,JMA daily observed
Asahikawa,1958,-6.535714285714286,-2.8548387096774195,-4.695276497695852,JMA daily observed
Asahikawa,1959,-5.510714285714286,-0.26129032258064516,-2.886002304147466,JMA daily observed
Asahikawa,1960,-5.724137931034483,-3.1516129032258067,-4.437875417130145,JMA daily observed
Asahikawa,1961,-7.610714285714286,-2.4000000000000004,-5.005357142857143,JMA daily observed
Asahikawa,1962,-8.10357142857143,-3.1096774193548384,-5.606624423963134,JMA daily observed
Asahikawa,1963,-5.953571428571428,-0.7580645161290323,-3.35581797235023,JMA daily observed
Asahikawa,1964,-10.662068965517241,-2.0161290322580645,-6.3390989988876525,JMA daily observed
Asahikawa,1965,-7.5321428571428575,-3.551612903225806,-5.541877880184332,JMA daily observed
Asahikawa,1966,-6.232142857142857,-1.0419354838709676,-3.6370391705069123,JMA daily observed
Asahikawa,1967,-7.5,-1.3935483870967742,-4.4467741935483875,JMA daily observed
Asahikawa,1968,-10.303448275862069,0.503225806451613,-4.900111234705228,JMA daily observed
Asahikawa,1969,-8.489285714285714,-3.9129032258064513,-6.201094470046082,JMA daily observed
Asahikawa,1970,-5.985714285714286,-5.051612903225807,-5.518663594470047,JMA daily observed
Asahikawa,1971,-7.610714285714286,-1.835483870967742,-4.723099078341014,JMA daily observed
Asahikawa,1972,-7.158620689655172,-1.3612903225806452,-4.259955506117908,JMA daily observed
Asahikawa,1973,-5.7178571428571425,-4.716129032258064,-5.216993087557603,JMA daily observed
Asahikawa,1974,-6.857142857142857,-3.5,-5.178571428571429,JMA daily observed
Asahikawa,1975,-8.517857142857142,-3.4451612903225803,-5.981509216589862,JMA daily observed
Asahikawa,1976,-5.655172413793103,-2.6806451612903226,-4.1679087875417125,JMA daily observed
Asahikawa,1977,-10.278571428571428,-2.5870967741935487,-6.432834101382489,JMA daily observed
Asahikawa,1978,-11.775,-4.187096774193549,-7.9810483870967746,JMA daily observed
Asahikawa,1979,-5.557142857142857,-3.6548387096774193,-4.605990783410138,JMA daily observed
Asahikawa,1980,-9.413793103448276,-2.8774193548387097,-6.1456062291434925,JMA daily observed
Asahikawa,1981,-7.478571428571429,-3.396774193548387,-5.437672811059908,JMA daily observed
Asahikawa,1982,-8.97857142857143,-1.396774193548387,-5.187672811059908,JMA daily observed
Asahikawa,1983,-8.45,-3.0870967741935487,-5.768548387096774,JMA daily observed
Asahikawa,1984,-10.358620689655172,-4.519354838709678,-7.438987764182425,JMA daily observed
Asahikawa,1985,-4.767857142857143,-2.1258064516129034,-3.4468317972350233,JMA daily observed
Asahikawa,1986,-9.328571428571427,-3.225806451612903,-6.277188940092165,JMA daily observed
Asahikawa,1987,-7.478571428571429,-2.229032258064516,-4.853801843317973,JMA daily observed
Asahikawa,1988,-9.33448275862069,-2.5161290322580645,-5.925305895439377,JMA daily observed
Asahikawa,1989,-4.714285714285714,0.6096774193548387,-2.052304147465438,JMA daily observed
Asahikawa,1990,-3.585714285714286,0.19354838709677416,-1.696082949308756,JMA daily observed
Asahikawa,1991,-6.839285714285714,-1.9161290322580644,-4.377707373271889,JMA daily observed
Asahikawa,1992,-5.975862068965518,-1.7903225806451613,-3.8830923248053395,JMA daily observed
Asahikawa,1993,-4.8500000000000005,-1.4064516129032258,-3.128225806451613,JMA daily observed
Asahikawa,1994,-4.517857142857143,-2.6838709677419357,-3.6008640552995397,JMA daily observed
Asahikawa,1995,-6.375,-1.4161290322580644,-3.895564516129032,JMA daily observed
Asahikawa,1996,-6.137931034482759,-1.8677419354838711,-4.002836484983315,JMA daily observed
Asahikawa,1997,-4.703571428571428,-2.212903225806452,-3.4582373271889404,JMA daily observed
Asahikawa,1998,-7.896428571428571,-0.9516129032258065,-4.424020737327189,JMA daily observed
Asahikawa,1999,-6.539285714285714,-2.9129032258064513,-4.726094470046083,JMA daily observed
Asahikawa,2000,-8.851724137931035,-2.8161290322580643,-5.83392658509455,JMA daily observed
Asahikawa,2001,-8.246428571428572,-2.864516129032258,-5.555472350230415,JMA daily observed
Asahikawa,2002,-3.767857142857143,-0.025806451612903163,-1.896831797235023,JMA daily observed
Asahikawa,2003,-8.210714285714285,-2.074193548387097,-5.142453917050691,JMA daily observed
Asahikawa,2004,-4.313793103448275,-1.667741935483871,-2.990767519466073,JMA daily observed
Asahikawa,2005,-7.421428571428572,-1.7741935483870968,-4.597811059907834,JMA daily observed
Asahikawa,2006,-5.8999999999999995,-1.1258064516129034,-3.5129032258064514,JMA daily observed
Asahikawa,2007,-4.828571428571428,-1.4516129032258065,-3.1400921658986176,JMA daily observed
Asahikawa,2008,-7.26551724137931,0.6419354838709678,-3.3117908787541714,JMA daily observed
Asahikawa,2009,-5.396428571428571,-1.0290322580645161,-3.212730414746544,JMA daily observed
Asahikawa,2010,-6.2178571428571425,-2.5677419354838706,-4.392799539170507,JMA daily observed
Asahikawa,2011,-4.635714285714286,-2.0677419354838706,-3.3517281105990784,JMA daily observed
Asahikawa,2012,-8.13103448275862,-2.8,-5.46551724137931,JMA daily observed
Asahikawa,2013,-7.196428571428571,-2.103225806451613,-4.649827188940092,JMA daily observed
Asahikawa,2014,-6.871428571428572,-2.232258064516129,-4.5518433179723505,JMA daily observed
Asahikawa,2015,-4.089285714285714,1.6548387096774193,-1.2172235023041476,JMA daily observed
Asahikawa,2016,-5.293103448275862,-0.5766666666666667,-2.9348850574712646,JMA daily observed
Asahikawa,2017,-5.125,-1.2322580645161292,-3.1786290322580646,JMA daily observed
Asahikawa,2018,-7.667857142857143,-0.11935483870967749,-3.89360599078341,JMA daily observed
Asahikawa,2019,-5.785714285714286,-0.45806451612903226,-3.121889400921659,JMA daily observed
Asahikawa,2020,-5.837931034482759,0.6290322580645161,-2.6044493882091215,JMA daily observed
Asahikawa,2021,-5.139285714285714,1.1741935483870969,-1.9825460829493087,JMA daily observed
Asahikawa,2022,-5.560714285714285,0.5548387096774193,-2.502937788018433,JMA daily observed
Asahikawa,2023,-6.339285714285714,2.4645161290322584,-1.937384792626728,JMA daily observed
Asahikawa,2024,-5.5344827586206895,-1.9225806451612903,-3.72853170189099,JMA daily observed
Fukui,1953,2.7214285714285715,7.493548387096775,5.107488479262673,JMA daily observed
Fukui,1954,3.8000000000000003,6.429032258064517,5.114516129032259,JMA daily observed
Fukui,1955,4.132142857142857,7.619354838709677,5.875748847926268,JMA daily observed
Fukui,1956,1.182758620689655,6.567741935483871,3.875250278086763,JMA daily observed
Fukui,1957,1.9392857142857143,3.92258064516129,2.9309331797235023,JMA daily observed
Fukui,1958,3.917857142857143,6.461290322580646,5.189573732718895,JMA daily observed
Fukui,1959,5.153571428571429,7.648387096774194,6.400979262672811,JMA daily observed
Fukui,1960,4.410344827586207,7.606451612903226,6.008398220244716,JMA daily observed
Fukui,1961,1.1607142857142858,6.158064516129032,3.659389400921659,JMA daily observed
Fukui,1962,2.7642857142857147,5.919354838709677,4.341820276497696,JMA daily observed
Fukui,1963,0.975,4.403225806451613,2.6891129032258063,JMA daily observed
Fukui,1964,1.9310344827586208,5.638709677419355,3.784872080088988,JMA daily observed
Fukui,1965,2.492857142857143,4.674193548387097,3.58352534562212,JMA daily observed
Fukui,1966,3.917857142857143,7.267741935483872,5.592799539170508,JMA daily observed
Fukui,1967,2.4107142857142856,7.051612903225807,4.731163594470046,JMA daily observed
Fukui,1968,0.8517241379310344,6.15483870967742,3.503281423804227,JMA daily observed
Fukui,1969,3.2357142857142853,5.529032258064516,4.382373271889401,JMA daily observed
Fukui,1970,3.4642857142857144,2.97741935483871,3.220852534562212,JMA daily observed
Fukui,1971,2.6035714285714286,5.125806451612903,3.864688940092166,JMA daily observed
Fukui,1972,3.9413793103448276,6.829032258064516,5.385205784204672,JMA daily observed
Fukui,1973,4.542857142857143,5.558064516129033,5.050460829493088,JMA daily observed
Fukui,1974,2.3214285714285716,5.429032258064517,3.875230414746544,JMA daily observed
Fukui,1975,2.257142857142857,5.82258064516129,4.039861751152074,JMA daily observed
Fukui,1976,4.8310344827586205,6.558064516129033,5.694549499443827,JMA daily observed
Fukui,1977,0.9285714285714286,5.925806451612903,3.427188940092166,JMA daily observed
Fukui,1978,1.25,5.812903225806451,3.5314516129032256,JMA daily observed
Fukui,1979,5.871428571428572,6.903225806451613,6.387327188940093,JMA daily observed
Fukui,1980,1.6448275862068966,5.848387096774194,3.746607341490545,JMA daily observed
Fukui,1981,2.017857142857143,5.841935483870968,3.929896313364055,JMA daily observed
Fukui,1982,2.9107142857142856,7.909677419354838,5.410195852534562,JMA daily observed
Fukui,1983,2.1357142857142857,6.609677419354839,4.372695852534562,JMA daily observed
Fukui,1984,0.43448275862068964,3.2,1.817241379310345,JMA daily observed
Fukui,1985,2.939285714285714,6.419354838709677,4.6793202764976956,JMA daily observed
Fukui,1986,0.5214285714285715,5.435483870967742,2.9784562211981567,JMA daily observed
Fukui,1987,4.0285714285714285,6.151612903225806,5.090092165898618,JMA daily observed
Fukui,1988,1.9655172413793103,5.564516129032258,3.7650166852057843,JMA daily observed
Fukui,1989,5.25,7.34516129032258,6.29758064516129,JMA daily observed
Fukui,1990,6.417857142857143,7.664516129032258,7.0411866359447,JMA daily observed
Fukui,1991,2.867857142857143,7.135483870967741,5.001670506912442,JMA daily observed
Fukui,1992,3.731034482758621,7.65483870967742,5.69293659621802,JMA daily observed
Fukui,1993,4.821428571428571,6.074193548387097,5.447811059907834,JMA daily observed
Fukui,1994,2.9642857142857144,5.370967741935484,4.1676267281106,JMA daily observed
Fukui,1995,3.367857142857143,7.116129032258065,5.241993087557604,JMA daily observed
Fukui,1996,2.3310344827586205,6.283333333333333,4.307183908045976,JMA daily observed
Fukui,1997,3.232142857142857,7.767741935483872,5.499942396313364,JMA daily observed
Fukui,1998,5.203571428571428,8.026666666666667,6.615119047619048,JMA daily observed
Fukui,1999,2.960714285714286,8.570967741935483,5.765841013824884,JMA daily observed
Fukui,2000,2.1482758620689655,5.706451612903226,3.927363737486096,JMA daily observed
Fukui,2001,3.35,6.890322580645161,5.120161290322581,JMA daily observed
Fukui,2002,4.275,8.651612903225805,6.463306451612903,JMA daily observed
Fukui,2003,3.939285714285714,5.974193548387096,4.956739631336405,JMA daily observed
Fukui,2004,4.427586206896552,7.351612903225806,5.88959955506118,JMA daily observed
Fukui,2005,2.932142857142857,6.145161290322581,4.5386520737327185,JMA daily observed
Fukui,2006,3.289285714285714,6.103225806451612,4.696255760368663,JMA daily observed
Fukui,2007,5.935714285714285,7.083870967741936,6.50979262672811,JMA daily observed
Fukui,2008,2.1206896551724137,8.012903225806452,5.0667964404894335,JMA daily observed
Fukui,2009,5.353571428571429,7.470967741935484,6.412269585253457,JMA daily observed
Fukui,2010,4.660714285714286,6.848387096774194,5.75455069124424,JMA daily observed
Fukui,2011,3.632142857142857,5.04516129032258,4.338652073732719,JMA daily observed
Fukui,2012,1.8586206896551725,6.603225806451612,4.230923248053393,JMA daily observed
Fukui,2013,2.7821428571428575,8.561290322580644,5.6717165898617505,JMA daily observed
Fukui,2014,3.5749999999999997,7.351612903225806,5.463306451612903,JMA daily observed
Fukui,2015,3.935714285714286,7.609677419354839,5.772695852534563,JMA daily observed
Fukui,2016,4.631034482758621,8.429032258064517,6.530033370411569,JMA daily observed
Fukui,2017,3.642857142857143,6.661290322580645,5.152073732718894,JMA daily observed
Fukui,2018,1.6821428571428572,8.570967741935483,5.12655529953917,JMA daily observed
Fukui,2019,5.292857142857143,8.40967741935484,6.851267281105991,JMA daily observed
Fukui,2020,5.868965517241379,8.793548387096775,7.331256952169078,JMA daily observed
Fukui,2021,5.367857142857143,9.832258064516129,7.600057603686636,JMA daily observed
Fukui,2022,2.6107142857142853,8.609677419354838,5.610195852534562,JMA daily observed
Fukui,2023,3.9214285714285713,10.696774193548388,7.309101382488479,JMA daily observed
Fukui,2024,6.075862068965517,7.148387096774194,6.612124582869855,JMA daily observed
Fukuoka,1953,6.360714285714286,9.406451612903227,7.883582949308757,JMA daily observed
Fukuoka,1954,7.5,8.841935483870968,8.170967741935485,JMA daily observed
Fukuoka,1955,7.396428571428571,10.709677419354838,9.053052995391704,JMA daily observed
Fukuoka,1956,4.8,9.358064516129033,7.079032258064517,JMA daily observed
Fukuoka,1957,4.882142857142857,7.874193548387097,6.378168202764977,JMA daily observed
Fukuoka,1958,7.239285714285714,9.593548387096773,8.416417050691244,JMA daily observed
Fukuoka,1959,9.407142857142857,10.67741935483871,10.042281105990783,JMA daily observed
Fukuoka,1960,7.8310344827586205,10.658064516129032,9.244549499443826,JMA daily observed
Fukuoka,1961,5.417857142857143,10.17741935483871,7.797638248847926,JMA daily observed
Fukuoka,1962,6.7250000000000005,8.996774193548386,7.860887096774194,JMA daily observed
Fukuoka,1963,3.507142857142857,8.69032258064516,6.098732718894009,JMA daily observed
Fukuoka,1964,4.975862068965518,9.451612903225806,7.213737486095662,JMA daily observed
Fukuoka,1965,6.260714285714286,7.664516129032258,6.962615207373272,JMA daily observed
Fukuoka,1966,8.132142857142856,10.787096774193548,9.459619815668201,JMA daily observed
Fukuoka,1967,6.082142857142857,10.13225806451613,8.107200460829493,JMA daily observed
Fukuoka,1968,3.0,9.364516129032259,6.182258064516129,JMA daily observed
Fukuoka,1969,6.721428571428572,8.396774193548387,7.55910138248848,JMA daily observed
Fukuoka,1970,7.671428571428572,7.016129032258065,7.343778801843318,JMA daily observed
Fukuoka,1971,6.3500000000000005,8.861290322580645,7.605645161290322,JMA daily observed
Fukuoka,1972,6.796551724137931,9.374193548387098,8.085372636262514,JMA daily observed
Fukuoka,1973,7.903571428571428,10.083870967741936,8.993721198156681,JMA daily observed
Fukuoka,1974,5.957142857142857,9.09032258064516,7.523732718894009,JMA daily observed
Fukuoka,1975,6.035714285714286,9.551612903225807,7.793663594470047,JMA daily observed
Fukuoka,1976,8.648275862068965,9.303225806451612,8.975750834260289,JMA daily observed
Fukuoka,1977,4.671428571428572,10.254838709677419,7.463133640552995,JMA daily observed
Fukuoka,1978,6.007142857142857,9.383870967741935,7.695506912442395,JMA daily observed
Fukuoka,1979,7.971428571428571,9.906451612903227,8.938940092165899,JMA daily observed
Fukuoka,1980,5.089655172413793,9.593548387096773,7.341601779755283,JMA daily observed
Fukuoka,1981,6.060714285714285,10.206451612903225,8.133582949308755,JMA daily observed
Fukuoka,1982,6.732142857142857,10.703225806451613,8.717684331797235,JMA daily observed
Fukuoka,1983,6.021428571428571,10.109677419354838,8.065552995391705,JMA daily observed
Fukuoka,1984,4.410344827586207,7.574193548387097,5.992269187986652,JMA daily observed
Fukuoka,1985,7.035714285714286,9.97741935483871,8.506566820276499,JMA daily observed
Fukuoka,1986,4.678571428571429,9.361290322580645,7.019930875576037,JMA daily observed
Fukuoka,1987,7.871428571428572,9.72258064516129,8.79700460829493,JMA daily observed
Fukuoka,1988,6.389655172413794,8.874193548387098,7.631924360400445,JMA daily observed
Fukuoka,1989,8.675,10.251612903225807,9.463306451612905,JMA daily observed
Fukuoka,1990,10.200000000000001,11.412903225806453,10.806451612903228,JMA daily observed
Fukuoka,1991,6.0928571428571425,10.396774193548387,8.244815668202765,JMA daily observed
Fukuoka,1992,7.582758620689655,10.758064516129032,9.170411568409344,JMA daily observed
Fukuoka,1993,8.335714285714285,9.751612903225807,9.043663594470047,JMA daily observed
Fukuoka,1994,7.15,8.935483870967742,8.042741935483871,JMA daily observed
Fukuoka,1995,7.064285714285715,10.135483870967741,8.599884792626728,JMA daily observed
Fukuoka,1996,6.086206896551724,9.922580645161291,8.004393770856508,JMA daily observed
Fukuoka,1997,7.685714285714285,11.30967741935484,9.497695852534562,JMA daily observed
Fukuoka,1998,9.446428571428571,10.85483870967742,10.150633640552996,JMA daily observed
Fukuoka,1999,7.178571428571429,11.341935483870968,9.260253456221198,JMA daily observed
Fukuoka,2000,6.113793103448276,10.387096774193548,8.250444938820912,JMA daily observed
Fukuoka,2001,7.653571428571429,10.903225806451612,9.27839861751152,JMA daily observed
Fukuoka,2002,8.403571428571428,12.535483870967743,10.469527649769585,JMA daily observed
Fukuoka,2003,8.339285714285714,9.916129032258064,9.127707373271889,JMA daily observed
Fukuoka,2004,9.024137931034483,10.922580645161291,9.973359288097887,JMA daily observed
Fukuoka,2005,6.135714285714286,9.641935483870967,7.888824884792626,JMA daily observed
Fukuoka,2006,7.6499999999999995,10.116129032258065,8.883064516129032,JMA daily observed
Fukuoka,2007,9.846428571428572,11.319354838709677,10.582891705069123,JMA daily observed
Fukuoka,2008,6.320689655172414,10.654838709677419,8.487764182424916,JMA daily observed
Fukuoka,2009,9.810714285714285,11.7,10.755357142857143,JMA daily observed
Fukuoka,2010,9.362962962962964,10.851612903225806,10.107287933094385,JMA daily observed
Fukuoka,2011,8.178571428571429,8.82,8.499285714285715,JMA daily observed
Fukuoka,2012,5.710344827586207,10.654838709677419,8.182591768631813,JMA daily observed
Fukuoka,2013,7.7749999999999995,12.296774193548387,10.035887096774193,JMA daily observed
Fukuoka,2014,7.589285714285714,11.519354838709678,9.554320276497696,JMA daily observed
Fukuoka,2015,7.5928571428571425,11.05483870967742,9.32384792626728,JMA daily observed
Fukuoka,2016,7.893103448275863,11.506451612903225,9.699777530589543,JMA daily observed
Fukuoka,2017,8.275,10.480645161290322,9.377822580645162,JMA daily observed
Fukuoka,2018,6.207142857142857,11.896774193548387,9.051958525345622,JMA daily observed
Fukuoka,2019,9.435714285714285,11.896774193548387,10.666244239631336,JMA daily observed
Fukuoka,2020,9.679310344827586,12.374193548387098,11.026751946607341,JMA daily observed
Fukuoka,2021,10.171428571428573,13.48709677419355,11.829262672811062,JMA daily observed
Fukuoka,2022,6.321428571428571,12.703225806451613,9.512327188940091,JMA daily observed
Fukuoka,2023,8.960714285714285,13.596774193548388,11.278744239631337,JMA daily observed
Fukuoka,2024,9.944827586206896,11.53225806451613,10.738542825361513,JMA daily observed
Iwamizawa,1953,-7.503571428571428,-1.1870967741935483,-4.345334101382488,JMA daily observed
Iwamizawa,1954,-4.164285714285714,-2.9741935483870967,-3.569239631336405,JMA daily observed
Iwamizawa,1955,-5.017857142857143,-1.929032258064516,-3.4734447004608295,JMA daily observed
Iwamizawa,1956,-6.082758620689655,-1.3774193548387097,-3.7300889877641827,JMA daily observed
Iwamizawa,1957,-6.742857142857143,-3.135483870967742,-4.9391705069124425,JMA daily observed
Iwamizawa,1958,-3.942857142857143,-1.7193548387096773,-2.83110599078341,JMA daily observed
Iwamizawa,1959,-3.396428571428572,0.6741935483870968,-1.3611175115207375,JMA daily observed
Iwamizawa,1960,-4.386206896551724,-1.8064516129032258,-3.096329254727475,JMA daily observed
Iwamizawa,1961,-5.6499999999999995,-1.4483870967741934,-3.5491935483870964,JMA daily observed
Iwamizawa,1962,-5.828571428571429,-2.206451612903226,-4.017511520737328,JMA daily observed
Iwamizawa,1963,-4.196428571428571,0.24838709677419346,-1.974020737327189,JMA daily observed
Iwamizawa,1964,-8.26896551724138,-1.2645161290322582,-4.76674082313682,JMA daily observed
Iwamizawa,1965,-6.507142857142857,-2.7838709677419353,-4.645506912442396,JMA daily observed
Iwamizawa,1966,-4.814285714285715,0.041935483870967655,-2.3861751152073736,JMA daily observed
Iwamizawa,1967,-5.7821428571428575,-0.49354838709677423,-3.1378456221198157,JMA daily observed
Iwamizawa,1968,-7.093103448275862,1.0451612903225806,-3.0239710789766407,JMA daily observed
Iwamizawa,1969,-6.389285714285714,-2.6870967741935483,-4.5381912442396315,JMA daily observed
Iwamizawa,1970,-4.385714285714285,-4.248387096774193,-4.317050691244239,JMA daily observed
Iwamizawa,1971,-5.207142857142857,-1.364516129032258,-3.2858294930875576,JMA daily observed
Iwamizawa,1972,-5.058620689655172,-0.4161290322580646,-2.7373748609566184,JMA daily observed
Iwamizawa,1973,-3.55,-2.97741935483871,-3.263709677419355,JMA daily observed
Iwamizawa,1974,-4.696428571428571,-2.141935483870968,-3.4191820276497698,JMA daily observed
Iwamizawa,1975,-6.2178571428571425,-1.4774193548387098,-3.847638248847926,JMA daily observed
Iwamizawa,1976,-4.210344827586207,-1.5741935483870966,-2.892269187986652,JMA daily observed
Iwamizawa,1977,-7.921428571428572,-1.467741935483871,-4.694585253456221,JMA daily observed
Iwamizawa,1978,-9.685714285714285,-2.674193548387097,-6.179953917050691,JMA daily observed
Iwamizawa,1979,-3.8642857142857143,-2.003225806451613,-2.9337557603686637,JMA daily observed
Iwamizawa,1980,-7.56551724137931,-1.558064516129032,-4.561790878754171,JMA daily observed
Iwamizawa,1981,-5.378571428571428,-2.0903225806451613,-3.7344470046082945,JMA daily observed
Iwamizawa,1982,-6.8,-0.5387096774193548,-3.6693548387096775,JMA daily observed
Iwamizawa,1983,-6.721428571428571,-2.206451612903226,-4.463940092165898,JMA daily observed
Iwamizawa,1984,-8.310344827586206,-3.7516129032258063,-6.030978865406007,JMA daily observed
Iwamizawa,1985,-3.957142857142857,-1.4161290322580644,-2.686635944700461,JMA daily observed
Iwamizawa,1986,-7.732142857142857,-2.1225806451612903,-4.927361751152073,JMA daily observed
Iwamizawa,1987,-5.617857142857143,-1.4,-3.508928571428571,JMA daily observed
Iwamizawa,1988,-7.313793103448275,-1.4258064516129034,-4.36979977753059,JMA daily observed
Iwamizawa,1989,-3.1535714285714285,1.3290322580645162,-0.9122695852534561,JMA daily observed
Iwamizawa,1990,-2.1821428571428574,1.164516129032258,-0.5088133640552996,JMA daily observed
Iwamizawa,1991,-5.017857142857143,-1.1032258064516127,-3.0605414746543778,JMA daily observed
Iwamizawa,1992,-4.334482758620689,-0.7935483870967742,-2.564015572858732,JMA daily observed
Iwamizawa,1993,-3.8,-0.5129032258064515,-2.1564516129032256,JMA daily observed
Iwamizawa,1994,-3.2392857142857143,-1.6,-2.419642857142857,JMA daily observed
Iwamizawa,1995,-4.871428571428572,-0.5870967741935483,-2.72926267281106,JMA daily observed
Iwamizawa,1996,-5.110344827586206,-1.1129032258064515,-3.1116240266963286,JMA daily observed
Iwamizawa,1997,-3.560714285714286,-1.167741935483871,-2.3642281105990786,JMA daily observed
Iwamizawa,1998,-5.539285714285714,0.05161290322580645,-2.7438364055299536,JMA daily observed
Iwamizawa,1999,-5.164285714285714,-1.7548387096774194,-3.4595622119815665,JMA daily observed
Iwamizawa,2000,-6.562068965517242,-1.5451612903225806,-4.053615127919912,JMA daily observed
Iwamizawa,2001,-7.110714285714286,-1.4709677419354839,-4.290841013824885,JMA daily observed
Iwamizawa,2002,-2.567857142857143,0.9516129032258066,-0.8081221198156683,JMA daily observed
Iwamizawa,2003,-5.903571428571429,-1.3161290322580643,-3.6098502304147466,JMA daily observed
Iwamizawa,2004,-2.886206896551724,-0.7870967741935483,-1.8366518353726362,JMA daily observed
Iwamizawa,2005,-5.771428571428571,-1.2096774193548387,-3.490552995391705,JMA daily observed
Iwamizawa,2006,-4.2214285714285715,0.012903225806451646,-2.10426267281106,JMA daily observed
Iwamizawa,2007,-3.1214285714285714,-0.5096774193548387,-1.8155529953917051,JMA daily observed
Iwamizawa,2008,-5.406896551724138,1.729032258064516,-1.838932146829811,JMA daily observed
Iwamizawa,2009,-3.6214285714285714,0.6709677419354839,-1.4752304147465438,JMA daily observed
Iwamizawa,2010,-4.789285714285714,-1.3064516129032258,-3.04786866359447,JMA daily observed
Iwamizawa,2011,-2.914285714285714,-0.8483870967741935,-1.8813364055299537,JMA daily observed
Iwamizawa,2012,-6.2379310344827585,-1.6290322580645162,-3.9334816462736373,JMA daily observed
Iwamizawa,2013,-5.664285714285714,-1.1290322580645162,-3.396658986175115,JMA daily observed
Iwamizawa,2014,-5.703571428571428,-1.3133333333333332,-3.508452380952381,JMA daily observed
Iwamizawa,2015,-2.617857142857143,2.4645161290322584,-0.07667050691244226,JMA daily observed
Iwamizawa,2016,-3.6758620689655173,0.5483870967741935,-1.5637374860956619,JMA daily observed
Iwamizawa,2017,-3.9285714285714284,-0.12580645161290324,-2.0271889400921657,JMA daily observed
Iwamizawa,2018,-5.914285714285714,1.2225806451612902,-2.3458525345622117,JMA daily observed
Iwamizawa,2019,-4.228571428571429,0.6774193548387096,-1.7755760368663596,JMA daily observed
Iwamizawa,2020,-3.996551724137931,2.03,-0.9832758620689657,JMA daily observed
Iwamizawa,2021,-3.8249999999999997,1.8935483870967742,-0.9657258064516128,JMA daily observed
Iwamizawa,2022,-4.2214285714285715,1.3548387096774193,-1.4332949308755762,JMA daily observed
Iwamizawa,2023,-4.825,3.3,-0.7625000000000002,JMA daily observed
Iwamizawa,2024,-3.7275862068965515,-0.8161290322580645,-2.271857619577308,JMA daily observed
Kagoshima,1953,8.342857142857143,11.33548387096774,9.839170506912442,JMA daily observed
Kagoshima,1954,9.292857142857143,10.919354838709678,10.10610599078341,JMA daily observed
Kagoshima,1955,8.839285714285714,13.035483870967743,10.937384792626728,JMA daily observed
Kagoshima,1956,6.324137931034483,11.870967741935484,9.097552836484983,JMA daily observed
Kagoshima,1957,6.985714285714286,9.438709677419356,8.21221198156682,JMA daily observed
Kagoshima,1958,8.532142857142857,11.361290322580645,9.946716589861751,JMA daily observed
Kagoshima,1959,11.989285714285714,12.380645161290323,12.18496543778802,JMA daily observed
Kagoshima,1960,8.83448275862069,13.687096774193549,11.260789766407118,JMA daily observed
Kagoshima,1961,6.871428571428572,12.106451612903227,9.4889400921659,JMA daily observed
Kagoshima,1962,7.764285714285714,10.083870967741936,8.924078341013825,JMA daily observed
Kagoshima,1963,4.914285714285714,10.399999999999999,7.657142857142857,JMA daily observed
Kagoshima,1964,7.786206896551724,10.96774193548387,9.376974416017797,JMA daily observed
Kagoshima,1965,8.178571428571429,9.009677419354839,8.594124423963134,JMA daily observed
Kagoshima,1966,9.657142857142857,13.441935483870967,11.549539170506911,JMA daily observed
Kagoshima,1967,7.214285714285714,11.429032258064517,9.321658986175116,JMA daily observed
Kagoshima,1968,4.796551724137931,10.961290322580645,7.878921023359288,JMA daily observed
Kagoshima,1969,9.5,10.245161290322581,9.87258064516129,JMA daily observed
Kagoshima,1970,8.764285714285714,8.893548387096773,8.828917050691244,JMA daily observed
Kagoshima,1971,8.371428571428572,10.564516129032258,9.467972350230415,JMA daily observed
Kagoshima,1972,9.10344827586207,11.496774193548388,10.300111234705229,JMA daily observed
Kagoshima,1973,10.064285714285715,11.103225806451613,10.583755760368664,JMA daily observed
Kagoshima,1974,7.982142857142857,10.864516129032259,9.423329493087557,JMA daily observed
Kagoshima,1975,7.560714285714285,11.290322580645162,9.425518433179723,JMA daily observed
Kagoshima,1976,10.882758620689655,11.570967741935483,11.22686318131257,JMA daily observed
Kagoshima,1977,5.9071428571428575,12.748387096774193,9.327764976958525,JMA daily observed
Kagoshima,1978,7.453571428571429,11.0,9.226785714285715,JMA daily observed
Kagoshima,1979,10.007142857142856,11.670967741935485,10.83905529953917,JMA daily observed
Kagoshima,1980,6.593103448275862,12.093548387096773,9.343325917686318,JMA daily observed
Kagoshima,1981,8.510714285714286,12.141935483870967,10.326324884792626,JMA daily observed
Kagoshima,1982,8.614285714285714,13.390322580645162,11.002304147465438,JMA daily observed
Kagoshima,1983,8.164285714285715,12.509677419354839,10.336981566820278,JMA daily observed
Kagoshima,1984,6.593103448275862,9.609677419354838,8.10139043381535,JMA daily observed
Kagoshima,1985,9.392857142857142,13.303225806451612,11.348041474654377,JMA daily observed
Kagoshima,1986,6.671428571428572,11.464516129032257,9.067972350230415,JMA daily observed
Kagoshima,1987,9.339285714285714,12.251612903225807,10.79544930875576,JMA daily observed
Kagoshima,1988,8.60344827586207,11.303225806451612,9.953337041156841,JMA daily observed
Kagoshima,1989,11.082142857142857,12.035483870967743,11.5588133640553,JMA daily observed
Kagoshima,1990,12.6,13.083870967741936,12.841935483870968,JMA daily observed
Kagoshima,1991,8.096428571428572,13.761290322580646,10.928859447004609,JMA daily observed
Kagoshima,1992,8.33448275862069,13.996774193548386,11.165628476084539,JMA daily observed
Kagoshima,1993,9.453571428571427,11.290322580645162,10.371947004608295,JMA daily observed
Kagoshima,1994,9.428571428571429,10.899999999999999,10.164285714285715,JMA daily observed
Kagoshima,1995,9.010714285714286,11.82258064516129,10.416647465437787,JMA daily observed
Kagoshima,1996,7.806896551724138,12.12258064516129,9.964738598442715,JMA daily observed
Kagoshima,1997,9.428571428571429,13.796774193548387,11.612672811059909,JMA daily observed
Kagoshima,1998,12.275,12.529032258064515,12.402016129032258,JMA daily observed
Kagoshima,1999,9.075,14.45483870967742,11.76491935483871,JMA daily observed
Kagoshima,2000,7.76551724137931,12.570967741935483,10.168242491657397,JMA daily observed
Kagoshima,2001,10.817857142857141,12.245161290322581,11.53150921658986,JMA daily observed
Kagoshima,2002,10.103571428571428,14.003225806451614,12.05339861751152,JMA daily observed
Kagoshima,2003,10.4,12.154838709677419,11.27741935483871,JMA daily observed
Kagoshima,2004,10.200000000000001,13.16,11.68,JMA daily observed
Kagoshima,2005,9.160714285714286,10.916129032258064,10.038421658986175,JMA daily observed
Kagoshima,2006,11.049999999999999,11.812903225806451,11.431451612903224,JMA daily observed
Kagoshima,2007,11.553571428571429,13.293548387096775,12.423559907834102,JMA daily observed
Kagoshima,2008,7.751724137931035,13.14516129032258,10.448442714126807,JMA daily observed
Kagoshima,2009,12.464285714285714,13.13225806451613,12.798271889400922,JMA daily observed
Kagoshima,2010,11.921428571428573,13.345161290322581,12.633294930875577,JMA daily observed
Kagoshima,2011,10.789285714285715,10.551612903225807,10.67044930875576,JMA daily observed
Kagoshima,2012,9.117241379310345,12.845161290322581,10.981201334816463,JMA daily observed
Kagoshima,2013,10.303571428571429,14.119354838709677,12.211463133640553,JMA daily observed
Kagoshima,2014,10.453571428571427,13.083870967741936,11.768721198156681,JMA daily observed
Kagoshima,2015,9.082142857142857,12.903225806451612,10.992684331797236,JMA daily observed
Kagoshima,2016,9.582758620689654,13.32258064516129,11.452669632925472,JMA daily observed
Kagoshima,2017,9.228571428571428,11.567741935483872,10.39815668202765,JMA daily observed
Kagoshima,2018,8.157142857142857,14.52258064516129,11.339861751152073,JMA daily observed
Kagoshima,2019,11.310714285714285,13.64516129032258,12.477937788018433,JMA daily observed
Kagoshima,2020,11.424137931034483,14.038709677419355,12.73142380422692,JMA daily observed
Kagoshima,2021,12.096428571428572,15.616129032258064,13.856278801843317,JMA daily observed
Kagoshima,2022,8.314285714285715,14.361290322580645,11.33778801843318,JMA daily observed
Kagoshima,2023,11.546428571428573,15.12258064516129,13.334504608294932,JMA daily observed
Kagoshima,2024,13.53103448275862,13.589655172413794,13.560344827586206,JMA daily observed
Kobe,1953,4.571428571428571,8.996774193548386,6.784101382488479,JMA daily observed
Kobe,1954,6.528571428571429,8.22258064516129,7.375576036866359,JMA daily observed
Kobe,1955,6.5321428571428575,9.183870967741935,7.858006912442397,JMA daily observed
Kobe,1956,4.082758620689655,8.696774193548388,6.389766407119021,JMA daily observed
Kobe,1957,4.228571428571429,6.025806451612904,5.127188940092166,JMA daily observed
Kobe,1958,6.060714285714285,8.438709677419356,7.24971198156682,JMA daily observed
Kobe,1959,8.285714285714286,9.53225806451613,8.908986175115208,JMA daily observed
Kobe,1960,7.0103448275862075,9.619354838709677,8.314849833147942,JMA daily observed
Kobe,1961,4.014285714285714,8.922580645161291,6.468433179723503,JMA daily observed
Kobe,1962,5.764285714285714,8.22258064516129,6.993433179723502,JMA daily observed
Kobe,1963,3.0,7.629032258064516,5.314516129032258,JMA daily observed
Kobe,1964,3.7103448275862068,7.519354838709678,5.614849833147942,JMA daily observed
Kobe,1965,4.87037037037037,6.219354838709678,5.5448626045400236,JMA daily observed
Kobe,1966,6.682142857142857,9.351612903225806,8.016877880184332,JMA daily observed
Kobe,1967,4.8999999999999995,8.609677419354838,6.7548387096774185,JMA daily observed
Kobe,1968,2.7517241379310344,8.558064516129033,5.654894327030034,JMA daily observed
Kobe,1969,5.353571428571429,7.241935483870968,6.297753456221198,JMA daily observed
Kobe,1970,5.45,5.1,5.275,JMA daily observed
Kobe,1971,5.239285714285714,7.293548387096774,6.266417050691244,JMA daily observed
Kobe,1972,5.69655172413793,8.648387096774194,7.172469410456062,JMA daily observed
Kobe,1973,6.728571428571429,7.66774193548387,7.1981566820276495,JMA daily observed
Kobe,1974,4.460714285714286,7.293548387096774,5.8771313364055295,JMA daily observed
Kobe,1975,4.085714285714286,7.803225806451613,5.94447004608295,JMA daily observed
Kobe,1976,7.248275862068965,8.32258064516129,7.785428253615128,JMA daily observed
Kobe,1977,3.5214285714285714,9.2,6.360714285714286,JMA daily observed
Kobe,1978,4.021428571428571,8.019354838709678,6.020391705069125,JMA daily observed
Kobe,1979,7.692857142857143,8.2,7.946428571428571,JMA daily observed
Kobe,1980,3.8000000000000003,7.758064516129032,5.779032258064516,JMA daily observed
Kobe,1981,4.067857142857142,8.587096774193547,6.327476958525345,JMA daily observed
Kobe,1982,4.771428571428571,9.109677419354838,6.940552995391705,JMA daily observed
Kobe,1983,4.821428571428571,8.387096774193548,6.60426267281106,JMA daily observed
Kobe,1984,2.527586206896552,5.596774193548387,4.062180200222469,JMA daily observed
Kobe,1985,5.825,8.903225806451612,7.364112903225806,JMA daily observed
Kobe,1986,2.9642857142857144,7.729032258064516,5.346658986175115,JMA daily observed
Kobe,1987,5.867857142857143,8.406451612903227,7.137154377880185,JMA daily observed
Kobe,1988,4.320689655172414,7.725806451612903,6.023248053392658,JMA daily observed
Kobe,1989,6.978571428571429,8.529032258064515,7.753801843317971,JMA daily observed
Kobe,1990,8.128571428571428,9.748387096774193,8.93847926267281,JMA daily observed
Kobe,1991,4.989285714285714,9.806451612903226,7.39786866359447,JMA daily observed
Kobe,1992,5.720689655172414,10.01290322580645,7.866796440489432,JMA daily observed
Kobe,1993,6.810714285714285,7.919354838709677,7.3650345622119815,JMA daily observed
Kobe,1994,5.389285714285714,7.361290322580645,6.37528801843318,JMA daily observed
Kobe,1995,5.192857142857143,9.025806451612903,7.109331797235023,JMA daily observed
Kobe,1996,4.417241379310345,8.190322580645162,6.303781979977753,JMA daily observed
Kobe,1997,5.264285714285714,9.719354838709679,7.491820276497696,JMA daily observed
Kobe,1998,7.5928571428571425,9.851612903225806,8.722235023041474,JMA daily observed
Kobe,1999,5.457142857142857,10.006451612903225,7.731797235023041,JMA daily observed
Kobe,2000,4.741379310344827,8.59032258064516,6.665850945494994,JMA daily observed
Kobe,2001,6.3500000000000005,9.558064516129033,7.954032258064517,JMA daily observed
Kobe,2002,7.0249999999999995,11.374193548387098,9.199596774193548,JMA daily observed
Kobe,2003,6.685714285714285,8.396774193548387,7.541244239631336,JMA daily observed
Kobe,2004,7.637931034482759,10.003225806451614,8.820578420467186,JMA daily observed
Kobe,2005,5.982142857142857,9.041935483870969,7.512039170506913,JMA daily observed
Kobe,2006,6.617857142857143,8.577419354838709,7.597638248847925,JMA daily observed
Kobe,2007,8.714285714285714,9.903225806451612,9.308755760368662,JMA daily observed
Kobe,2008,4.9206896551724135,10.629032258064516,7.774860956618465,JMA daily observed
Kobe,2009,8.071428571428571,9.970967741935485,9.02119815668203,JMA daily observed
Kobe,2010,8.092857142857143,9.783870967741937,8.938364055299541,JMA daily observed
Kobe,2011,7.528571428571429,8.019354838709678,7.773963133640553,JMA daily observed
Kobe,2012,5.175862068965517,9.100000000000001,7.13793103448276,JMA daily observed
Kobe,2013,5.910714285714286,10.848387096774195,8.37955069124424,JMA daily observed
Kobe,2014,6.060714285714285,9.996774193548386,8.028744239631337,JMA daily observed
Kobe,2015,6.821428571428571,10.219354838709679,8.520391705069125,JMA daily observed
Kobe,2016,7.627586206896551,10.819354838709677,9.223470522803114,JMA daily observed
Kobe,2017,6.421428571428572,9.174193548387096,7.7978110599078345,JMA daily observed
Kobe,2018,5.310714285714285,11.425806451612903,8.368260368663595,JMA daily observed
Kobe,2019,7.992857142857143,10.761290322580646,9.377073732718895,JMA daily observed
Kobe,2020,8.210344827586207,11.432258064516128,9.821301446051168,JMA daily observed
Kobe,2021,8.810714285714285,12.306451612903226,10.558582949308756,JMA daily observed
Kobe,2022,5.5928571428571425,11.480645161290322,8.536751152073732,JMA daily observed
Kobe,2023,7.2178571428571425,12.951612903225806,10.084735023041475,JMA daily observed
Kobe,2024,8.713793103448275,9.72258064516129,9.218186874304783,JMA daily observed
Kochi,1953,6.707142857142857,10.806451612903226,8.756797235023042,JMA daily observed
Kochi,1954,7.889285714285714,9.883870967741935,8.886578341013823,JMA daily observed
Kochi,1955,7.664285714285714,11.970967741935485,9.8176267281106,JMA daily observed
Kochi,1956,5.431034482758621,11.100000000000001,8.26551724137931,JMA daily observed
Kochi,1957,5.817857142857143,8.432258064516128,7.125057603686636,JMA daily observed
Kochi,1958,7.8,10.041935483870969,8.920967741935485,JMA daily observed
Kochi,1959,10.24642857142857,11.52258064516129,10.884504608294929,JMA daily observed
Kochi,1960,7.76551724137931,11.635483870967741,9.700500556173527,JMA daily observed
Kochi,1961,5.25,11.303225806451612,8.276612903225807,JMA daily observed
Kochi,1962,6.707142857142857,9.325806451612904,8.01647465437788,JMA daily observed
Kochi,1963,3.9107142857142856,9.783870967741937,6.847292626728111,JMA daily observed
Kochi,1964,5.806896551724138,9.73225806451613,7.769577308120134,JMA daily observed
Kochi,1965,6.542857142857143,8.316129032258065,7.429493087557604,JMA daily observed
Kochi,1966,8.535714285714286,11.293548387096775,9.914631336405531,JMA daily observed
Kochi,1967,6.528571428571428,10.796774193548387,8.662672811059908,JMA daily observed
Kochi,1968,3.703448275862069,10.616129032258065,7.159788654060067,JMA daily observed
Kochi,1969,7.964285714285714,9.36774193548387,8.666013824884793,JMA daily observed
Kochi,1970,7.596428571428571,7.648387096774194,7.622407834101383,JMA daily observed
Kochi,1971,6.914285714285714,9.529032258064515,8.221658986175115,JMA daily observed
Kochi,1972,8.062068965517241,10.567741935483872,9.314905450500557,JMA daily observed
Kochi,1973,8.525,9.97741935483871,9.251209677419356,JMA daily observed
Kochi,1974,6.253571428571428,9.364516129032259,7.809043778801843,JMA daily observed
Kochi,1975,5.867857142857143,9.993548387096775,7.930702764976958,JMA daily observed
Kochi,1976,9.10344827586207,10.40967741935484,9.756562847608453,JMA daily observed
Kochi,1977,4.7821428571428575,10.812903225806451,7.797523041474655,JMA daily observed
Kochi,1978,5.435714285714285,9.53225806451613,7.4839861751152075,JMA daily observed
Kochi,1979,8.846428571428572,10.219354838709679,9.532891705069126,JMA daily observed
Kochi,1980,5.26551724137931,10.109677419354838,7.687597330367074,JMA daily observed
Kochi,1981,6.885714285714286,11.658064516129032,9.271889400921658,JMA daily observed
Kochi,1982,6.8,11.361290322580645,9.080645161290322,JMA daily observed
Kochi,1983,5.921428571428572,9.938709677419356,7.930069124423964,JMA daily observed
Kochi,1984,4.537931034482758,7.574193548387097,6.056062291434928,JMA daily observed
Kochi,1985,6.875,11.351612903225806,9.113306451612903,JMA daily observed
Kochi,1986,4.578571428571428,9.758064516129032,7.168317972350231,JMA daily observed
Kochi,1987,7.375,9.932258064516128,8.653629032258063,JMA daily observed
Kochi,1988,6.227586206896552,9.63225806451613,7.929922135706341,JMA daily observed
Kochi,1989,8.857142857142858,10.564516129032258,9.710829493087559,JMA daily observed
Kochi,1990,10.35,11.525806451612903,10.937903225806451,JMA daily observed
Kochi,1991,6.128571428571428,12.474193548387097,9.301382488479263,JMA daily observed
Kochi,1992,6.7379310344827585,11.941935483870967,9.339933259176863,JMA daily observed
Kochi,1993,7.992857142857143,9.358064516129033,8.675460829493089,JMA daily observed
Kochi,1994,7.321428571428571,9.422580645161291,8.372004608294931,JMA daily observed
Kochi,1995,6.8999999999999995,10.741935483870968,8.820967741935483,JMA daily observed
Kochi,1996,5.982758620689655,9.94516129032258,7.963959955506118,JMA daily observed
Kochi,1997,7.203571428571428,11.922580645161291,9.56307603686636,JMA daily observed
Kochi,1998,9.639285714285714,11.451612903225806,10.54544930875576,JMA daily observed
Kochi,1999,6.728571428571429,12.36774193548387,9.548156682027649,JMA daily observed
Kochi,2000,5.810344827586207,10.170967741935485,7.9906562847608456,JMA daily observed
Kochi,2001,8.264285714285714,11.083870967741936,9.674078341013825,JMA daily observed
Kochi,2002,7.885714285714286,12.541935483870969,10.213824884792627,JMA daily observed
Kochi,2003,8.453571428571427,10.387096774193548,9.420334101382487,JMA daily observed
Kochi,2004,8.668965517241379,11.22258064516129,9.945773081201335,JMA daily observed
Kochi,2005,6.882142857142857,9.551612903225807,8.216877880184333,JMA daily observed
Kochi,2006,8.914285714285715,10.05483870967742,9.484562211981567,JMA daily observed
Kochi,2007,9.957142857142857,11.341935483870968,10.649539170506912,JMA daily observed
Kochi,2008,6.220689655172414,11.719354838709679,8.970022246941046,JMA daily observed
Kochi,2009,10.125,11.419354838709678,10.77217741935484,JMA daily observed
Kochi,2010,9.821428571428571,11.44516129032258,10.633294930875575,JMA daily observed
Kochi,2011,8.910714285714286,9.27741935483871,9.094066820276499,JMA daily observed
Kochi,2012,6.558620689655172,11.051612903225807,8.80511679644049,JMA daily observed
Kochi,2013,7.8,12.716129032258063,10.258064516129032,JMA daily observed
Kochi,2014,8.14642857142857,11.425806451612903,9.786117511520736,JMA daily observed
Kochi,2015,7.253571428571428,11.16451612903226,9.209043778801844,JMA daily observed
Kochi,2016,8.320689655172414,11.98709677419355,10.15389321468298,JMA daily observed
Kochi,2017,7.482142857142857,10.23225806451613,8.857200460829493,JMA daily observed
Kochi,2018,5.803571428571429,12.86774193548387,9.33565668202765,JMA daily observed
Kochi,2019,9.339285714285714,11.719354838709679,10.529320276497696,JMA daily observed
Kochi,2020,9.03793103448276,12.3,10.66896551724138,JMA daily observed
Kochi,2021,9.557142857142859,13.906451612903227,11.731797235023043,JMA daily observed
Kochi,2022,6.364285714285714,12.783870967741937,9.574078341013825,JMA daily observed
Kochi,2023,8.471428571428572,13.751612903225807,11.11152073732719,JMA daily observed
Kochi,2024,10.5,11.341935483870968,10.920967741935485,JMA daily observed
Kyoto,1953,3.957142857142857,8.561290322580644,6.259216589861751,JMA daily observed
Kyoto,1954,5.332142857142857,7.558064516129033,6.445103686635945,JMA daily observed
Kyoto,1955,5.625,8.98709677419355,7.306048387096775,JMA daily observed
Kyoto,1956,3.3758620689655174,8.280645161290321,5.828253615127919,JMA daily observed
Kyoto,1957,3.560714285714286,5.193548387096774,4.3771313364055295,JMA daily observed
Kyoto,1958,5.289285714285714,7.535483870967742,6.412384792626728,JMA daily observed
Kyoto,1959,7.496428571428572,8.97741935483871,8.236923963133641,JMA daily observed
Kyoto,1960,5.437931034482758,8.887096774193548,7.162513904338153,JMA daily observed
Kyoto,1961,3.3214285714285716,8.038709677419355,5.680069124423963,JMA daily observed
Kyoto,1962,4.789285714285714,7.329032258064516,6.059158986175115,JMA daily observed
Kyoto,1963,2.3285714285714287,7.032258064516129,4.680414746543779,JMA daily observed
Kyoto,1964,3.2413793103448274,6.619354838709677,4.930367074527252,JMA daily observed
Kyoto,1965,3.835714285714286,5.496774193548387,4.666244239631337,JMA daily observed
Kyoto,1966,5.7178571428571425,8.5,7.108928571428571,JMA daily observed
Kyoto,1967,4.128571428571428,7.732258064516128,5.930414746543779,JMA daily observed
Kyoto,1968,2.293103448275862,7.990322580645161,5.141713014460512,JMA daily observed
Kyoto,1969,4.957142857142857,6.890322580645161,5.9237327188940085,JMA daily observed
Kyoto,1970,5.067857142857143,5.0,5.0339285714285715,JMA daily observed
Kyoto,1971,5.096428571428571,7.358064516129032,6.227246543778801,JMA daily observed
Kyoto,1972,5.827586206896552,8.848387096774195,7.337986651835373,JMA daily observed
Kyoto,1973,6.935714285714285,7.754838709677419,7.345276497695853,JMA daily observed
Kyoto,1974,4.192857142857143,7.006451612903225,5.599654377880184,JMA daily observed
Kyoto,1975,3.7285714285714286,7.412903225806452,5.57073732718894,JMA daily observed
Kyoto,1976,6.727586206896552,7.864516129032259,7.296051167964405,JMA daily observed
Kyoto,1977,2.9250000000000003,8.696774193548388,5.810887096774194,JMA daily observed
Kyoto,1978,3.460714285714286,7.596774193548387,5.528744239631337,JMA daily observed
Kyoto,1979,7.478571428571429,7.970967741935484,7.724769585253457,JMA daily observed
Kyoto,1980,3.493103448275862,7.325806451612903,5.409454949944382,JMA daily observed
Kyoto,1981,3.896428571428572,8.303225806451612,6.099827188940092,JMA daily observed
Kyoto,1982,4.3,8.63225806451613,6.466129032258065,JMA daily observed
Kyoto,1983,4.489285714285715,7.84516129032258,6.1672235023041475,JMA daily observed
Kyoto,1984,2.3275862068965516,5.090322580645162,3.7089543937708567,JMA daily observed
Kyoto,1985,5.5,8.5,7.0,JMA daily observed
Kyoto,1986,2.557142857142857,7.583870967741936,5.070506912442396,JMA daily observed
Kyoto,1987,5.3,8.229032258064516,6.764516129032257,JMA daily observed
Kyoto,1988,3.9482758620689653,7.329032258064516,5.638654060066741,JMA daily observed
Kyoto,1989,6.55,8.23225806451613,7.391129032258064,JMA daily observed
Kyoto,1990,7.857142857142857,9.332258064516129,8.594700460829493,JMA daily observed
Kyoto,1991,4.335714285714286,9.425806451612903,6.880760368663594,JMA daily observed
Kyoto,1992,5.068965517241379,9.709677419354838,7.3893214682981085,JMA daily observed
Kyoto,1993,6.057142857142857,7.590322580645162,6.823732718894009,JMA daily observed
Kyoto,1994,4.632142857142857,7.096774193548387,5.864458525345622,JMA daily observed
Kyoto,1995,4.853571428571429,8.603225806451613,6.728398617511521,JMA daily observed
Kyoto,1996,3.7482758620689656,7.680645161290323,5.714460511679644,JMA daily observed
Kyoto,1997,4.646428571428571,9.33548387096774,6.9909562211981555,JMA daily observed
Kyoto,1998,7.0321428571428575,9.651612903225805,8.341877880184331,JMA daily observed
Kyoto,1999,4.6499999999999995,9.935483870967742,7.292741935483871,JMA daily observed
Kyoto,2000,3.606896551724138,7.487096774193549,5.546996662958843,JMA daily observed
Kyoto,2001,5.292857142857143,8.55483870967742,6.923847926267281,JMA daily observed
Kyoto,2002,6.064285714285715,10.30967741935484,8.186981566820277,JMA daily observed
Kyoto,2003,5.4750000000000005,7.341935483870968,6.408467741935484,JMA daily observed
Kyoto,2004,6.424137931034483,9.064516129032258,7.744327030033371,JMA daily observed
Kyoto,2005,4.8500000000000005,7.803333333333333,6.326666666666666,JMA daily observed
Kyoto,2006,5.517857142857143,7.509677419354838,6.513767281105991,JMA daily observed
Kyoto,2007,7.285714285714286,8.62258064516129,7.954147465437789,JMA daily observed
Kyoto,2008,3.5620689655172413,9.574193548387097,6.568131256952169,JMA daily observed
Kyoto,2009,6.728571428571429,8.8,7.764285714285714,JMA daily observed
Kyoto,2010,6.767857142857143,8.541935483870969,7.6548963133640555,JMA daily observed
Kyoto,2011,6.339285714285714,6.767741935483872,6.553513824884793,JMA daily observed
Kyoto,2012,4.103448275862069,8.296666666666667,6.200057471264368,JMA daily observed
Kyoto,2013,4.5,9.687096774193549,7.093548387096774,JMA daily observed
Kyoto,2014,5.057142857142857,9.009677419354839,7.033410138248848,JMA daily observed
Kyoto,2015,5.625,9.416129032258064,7.520564516129032,JMA daily observed
Kyoto,2016,6.43448275862069,9.896774193548387,8.165628476084539,JMA daily observed
Kyoto,2017,5.085714285714286,8.154838709677419,6.620276497695853,JMA daily observed
Kyoto,2018,4.446428571428571,10.94516129032258,7.695794930875576,JMA daily observed
Kyoto,2019,6.903571428571429,9.616129032258065,8.259850230414747,JMA daily observed
Kyoto,2020,6.868965517241379,10.612903225806452,8.740934371523915,JMA daily observed
Kyoto,2021,7.7250000000000005,11.561290322580644,9.643145161290322,JMA daily observed
Kyoto,2022,4.475,10.490322580645161,7.48266129032258,JMA daily observed
Kyoto,2023,6.039285714285714,12.26774193548387,9.153513824884792,JMA daily observed
Kyoto,2024,7.596551724137932,8.703225806451613,8.149888765294772,JMA daily observed
Matsue,1953,4.107142857142857,8.103225806451613,6.1051843317972345,JMA daily observed
Matsue,1954,5.321428571428571,7.241935483870968,6.28168202764977,JMA daily observed
Matsue,1955,5.753571428571428,8.374193548387098,7.063882488479263,JMA daily observed
Matsue,1956,2.9310344827586206,7.383870967741935,5.157452725250278,JMA daily observed
Matsue,1957,3.192857142857143,5.199999999999999,4.196428571428571,JMA daily observed
Matsue,1958,4.778571428571429,7.712903225806452,6.245737327188941,JMA daily observed
Matsue,1959,6.867857142857143,8.725806451612904,7.796831797235024,JMA daily observed
Matsue,1960,6.044827586206897,8.948387096774193,7.496607341490545,JMA daily observed
Matsue,1961,3.185714285714286,7.754838709677419,5.470276497695853,JMA daily observed
Matsue,1962,4.710714285714286,6.970967741935484,5.840841013824885,JMA daily observed
Matsue,1963,1.9000000000000001,6.235483870967743,4.0677419354838715,JMA daily observed
Matsue,1964,2.9068965517241376,6.629032258064516,4.767964404894327,JMA daily observed
Matsue,1965,3.8535714285714286,5.070967741935483,4.4622695852534555,JMA daily observed
Matsue,1966,5.675,8.396774193548387,7.035887096774193,JMA daily observed
Matsue,1967,3.5785714285714287,7.690322580645161,5.634447004608295,JMA daily observed
Matsue,1968,1.4137931034482758,7.225806451612903,4.319799777530589,JMA daily observed
Matsue,1969,4.328571428571428,5.880645161290322,5.104608294930875,JMA daily observed
Matsue,1970,5.103571428571429,4.270967741935484,4.687269585253457,JMA daily observed
Matsue,1971,3.75,6.290322580645161,5.02016129032258,JMA daily observed
Matsue,1972,5.193103448275862,7.354838709677419,6.27397107897664,JMA daily observed
Matsue,1973,5.960714285714286,6.993548387096775,6.477131336405531,JMA daily observed
Matsue,1974,3.5107142857142857,6.300000000000001,4.905357142857143,JMA daily observed
Matsue,1975,3.425,6.351612903225806,4.888306451612904,JMA daily observed
Matsue,1976,5.779310344827586,6.941935483870967,6.3606229143492765,JMA daily observed
Matsue,1977,2.2964285714285713,7.674193548387097,4.9853110599078345,JMA daily observed
Matsue,1978,3.2535714285714286,6.612903225806452,4.93323732718894,JMA daily observed
Matsue,1979,6.107142857142857,7.338709677419355,6.722926267281106,JMA daily observed
Matsue,1980,2.986206896551724,6.751612903225807,4.868909899888766,JMA daily observed
Matsue,1981,3.2392857142857143,7.564516129032258,5.401900921658986,JMA daily observed
Matsue,1982,4.1,7.848387096774194,5.974193548387097,JMA daily observed
Matsue,1983,3.475,7.206451612903226,5.340725806451613,JMA daily observed
Matsue,1984,1.589655172413793,4.72258064516129,3.1561179087875417,JMA daily observed
Matsue,1985,4.635714285714286,7.483870967741935,6.059792626728111,JMA daily observed
Matsue,1986,2.1928571428571426,6.429032258064517,4.31094470046083,JMA daily observed
Matsue,1987,5.257142857142857,7.048387096774194,6.152764976958526,JMA daily observed
Matsue,1988,3.5827586206896553,6.696774193548387,5.139766407119021,JMA daily observed
Matsue,1989,5.632142857142857,7.967741935483871,6.799942396313364,JMA daily observed
Matsue,1990,7.007142857142857,8.580645161290322,7.79389400921659,JMA daily observed
Matsue,1991,3.8000000000000003,7.606451612903226,5.703225806451613,JMA daily observed
Matsue,1992,5.086206896551724,8.241935483870968,6.664071190211346,JMA daily observed
Matsue,1993,6.046428571428572,6.803225806451613,6.4248271889400925,JMA daily observed
Matsue,1994,4.2407407407407405,5.903225806451613,5.071983273596176,JMA daily observed
Matsue,1995,4.067857142857143,8.129032258064516,6.0984447004608295,JMA daily observed
Matsue,1996,3.3448275862068964,6.990322580645161,5.167575083426029,JMA daily observed
Matsue,1997,4.3,8.687096774193549,6.493548387096775,JMA daily observed
Matsue,1998,6.307142857142857,8.580645161290322,7.4438940092165895,JMA daily observed
Matsue,1999,4.5321428571428575,8.893548387096773,6.712845622119815,JMA daily observed
Matsue,2000,3.555172413793103,7.54516129032258,5.550166852057842,JMA daily observed
Matsue,2001,4.992857142857143,7.738709677419355,6.365783410138249,JMA daily observed
Matsue,2002,5.3500000000000005,9.64516129032258,7.497580645161291,JMA daily observed
Matsue,2003,5.242857142857143,6.82258064516129,6.032718894009216,JMA daily observed
Matsue,2004,6.362068965517241,8.129032258064516,7.245550611790879,JMA daily observed
Matsue,2005,4.25,7.006451612903225,5.628225806451613,JMA daily observed
Matsue,2006,4.689285714285715,7.009677419354839,5.849481566820277,JMA daily observed
Matsue,2007,6.867857142857143,8.406451612903227,7.637154377880185,JMA daily observed
Matsue,2008,3.151724137931035,8.425806451612903,5.788765294771969,JMA daily observed
Matsue,2009,6.832142857142857,8.580645161290322,7.70639400921659,JMA daily observed
Matsue,2010,6.235714285714286,7.961290322580646,7.098502304147466,JMA daily observed
Matsue,2011,5.25,6.016129032258065,5.633064516129032,JMA daily observed
Matsue,2012,3.134482758620689,7.55483870967742,5.344660734149055,JMA daily observed
Matsue,2013,4.8500000000000005,9.396774193548387,7.123387096774193,JMA daily observed
Matsue,2014,4.728571428571429,8.461290322580645,6.594930875576036,JMA daily observed
Matsue,2015,5.357142857142857,8.33548387096774,6.846313364055298,JMA daily observed
Matsue,2016,5.475862068965518,9.019354838709678,7.247608453837598,JMA daily observed
Matsue,2017,5.142857142857143,7.509677419354839,6.3262672811059915,JMA daily observed
Matsue,2018,3.257142857142857,9.183870967741935,6.220506912442396,JMA daily observed
Matsue,2019,6.442857142857143,8.951612903225806,7.6972350230414746,JMA daily observed
Matsue,2020,6.358620689655172,9.774193548387096,8.066407119021134,JMA daily observed
Matsue,2021,7.464285714285714,10.390322580645162,8.927304147465438,JMA daily observed
Matsue,2022,3.992857142857143,9.838709677419354,6.915783410138248,JMA daily observed
Matsue,2023,5.735714285714286,10.948387096774193,8.34205069124424,JMA daily observed
Matsue,2024,7.020689655172413,8.670967741935485,7.845828698553949,JMA daily observed
Miyazaki,1953,8.321428571428571,11.399999999999999,9.860714285714284,JMA daily observed
Miyazaki,1954,8.960714285714285,10.558064516129033,9.759389400921659,JMA daily observed
Miyazaki,1955,8.803571428571429,12.383870967741935,10.593721198156683,JMA daily observed
Miyazaki,1956,6.662068965517241,11.683870967741935,9.172969966629587,JMA daily observed
Miyazaki,1957,6.635714285714286,9.812903225806451,8.224308755760369,JMA daily observed
Miyazaki,1958,8.67142857142857,11.33548387096774,10.003456221198157,JMA daily observed
Miyazaki,1959,11.192857142857141,11.948387096774193,11.570622119815667,JMA daily observed
Miyazaki,1960,9.375862068965516,12.880645161290323,11.12825361512792,JMA daily observed
Miyazaki,1961,7.017857142857143,11.76774193548387,9.392799539170507,JMA daily observed
Miyazaki,1962,8.078571428571427,10.635483870967741,9.357027649769584,JMA daily observed
Miyazaki,1963,5.007142857142857,10.73225806451613,7.869700460829494,JMA daily observed
Miyazaki,1964,7.417241379310345,10.567741935483872,8.992491657397109,JMA daily observed
Miyazaki,1965,8.017857142857142,9.174193548387096,8.59602534562212,JMA daily observed
Miyazaki,1966,9.607142857142858,12.812903225806451,11.210023041474654,JMA daily observed
Miyazaki,1967,7.471428571428571,11.538709677419355,9.505069124423963,JMA daily observed
Miyazaki,1968,4.772413793103448,11.206451612903225,7.989432703003336,JMA daily observed
Miyazaki,1969,9.10357142857143,9.770967741935483,9.437269585253457,JMA daily observed
Miyazaki,1970,9.082142857142857,8.561290322580644,8.821716589861751,JMA daily observed
Miyazaki,1971,7.8428571428571425,10.693548387096774,9.268202764976959,JMA daily observed
Miyazaki,1972,9.26896551724138,11.64516129032258,10.45706340378198,JMA daily observed
Miyazaki,1973,9.65,10.941935483870967,10.295967741935485,JMA daily observed
Miyazaki,1974,7.4071428571428575,10.403225806451612,8.905184331797235,JMA daily observed
Miyazaki,1975,7.339285714285714,10.848387096774195,9.093836405529954,JMA daily observed
Miyazaki,1976,10.213793103448275,11.096774193548388,10.655283648498331,JMA daily observed
Miyazaki,1977,6.135714285714286,12.329032258064515,9.2323732718894,JMA daily observed
Miyazaki,1978,7.503571428571428,10.69032258064516,9.096947004608294,JMA daily observed
Miyazaki,1979,9.732142857142858,10.709677419354838,10.220910138248847,JMA daily observed
Miyazaki,1980,6.203448275862069,11.399999999999999,8.801724137931034,JMA daily observed
Miyazaki,1981,8.275,11.625806451612902,9.95040322580645,JMA daily observed
Miyazaki,1982,7.935714285714285,12.729032258064517,10.332373271889402,JMA daily observed
Miyazaki,1983,7.789285714285714,11.80967741935484,9.799481566820276,JMA daily observed
Miyazaki,1984,6.003448275862069,8.745161290322581,7.374304783092326,JMA daily observed
Miyazaki,1985,8.539285714285715,12.52258064516129,10.530933179723501,JMA daily observed
Miyazaki,1986,6.471428571428571,11.058064516129033,8.764746543778802,JMA daily observed
Miyazaki,1987,9.275,11.887096774193548,10.581048387096775,JMA daily observed
Miyazaki,1988,7.7,10.558064516129033,9.129032258064516,JMA daily observed
Miyazaki,1989,9.992857142857144,11.496774193548386,10.744815668202765,JMA daily observed
Miyazaki,1990,11.146428571428572,12.48709677419355,11.81676267281106,JMA daily observed
Miyazaki,1991,7.882142857142857,13.51290322580645,10.697523041474653,JMA daily observed
Miyazaki,1992,8.562068965517241,13.106451612903227,10.834260289210235,JMA daily observed
Miyazaki,1993,9.610714285714286,10.448387096774193,10.02955069124424,JMA daily observed
Miyazaki,1994,8.914285714285715,10.458064516129031,9.686175115207373,JMA daily observed
Miyazaki,1995,8.053571428571429,11.577419354838709,9.815495391705069,JMA daily observed
Miyazaki,1996,7.572413793103448,11.416129032258064,9.494271412680757,JMA daily observed
Miyazaki,1997,8.514285714285714,13.283870967741937,10.899078341013826,JMA daily observed
Miyazaki,1998,11.582142857142857,12.09032258064516,11.83623271889401,JMA daily observed
Miyazaki,1999,8.457142857142857,13.69032258064516,11.073732718894009,JMA daily observed
Miyazaki,2000,7.4655172413793105,11.922580645161291,9.694048943270301,JMA daily observed
Miyazaki,2001,9.446428571428571,12.103225806451613,10.774827188940092,JMA daily observed
Miyazaki,2002,9.560714285714285,13.80967741935484,11.685195852534562,JMA daily observed
Miyazaki,2003,9.582142857142857,11.416129032258064,10.49913594470046,JMA daily observed
Miyazaki,2004,9.703448275862069,12.216129032258063,10.959788654060066,JMA daily observed
Miyazaki,2005,8.096428571428572,10.7,9.398214285714285,JMA daily observed
Miyazaki,2006,9.985714285714286,10.832258064516129,10.408986175115206,JMA daily observed
Miyazaki,2007,10.596428571428572,12.061290322580644,11.328859447004607,JMA daily observed
Miyazaki,2008,6.613793103448276,12.051612903225807,9.332703003337041,JMA daily observed
Miyazaki,2009,11.12142857142857,12.216129032258063,11.668778801843317,JMA daily observed
Miyazaki,2010,10.957142857142857,12.37741935483871,11.667281105990783,JMA daily observed
Miyazaki,2011,9.260714285714286,10.009677419354839,9.635195852534562,JMA daily observed
Miyazaki,2012,7.651724137931034,11.887096774193548,9.76941045606229,JMA daily observed
Miyazaki,2013,9.407142857142857,13.783870967741937,11.595506912442396,JMA daily observed
Miyazaki,2014,8.392592592592592,12.3,10.346296296296297,JMA daily observed
Miyazaki,2015,8.025,12.087096774193547,10.056048387096773,JMA daily observed
Miyazaki,2016,9.12758620689655,12.235483870967743,10.681535038932147,JMA daily observed
Miyazaki,2017,8.667857142857143,10.619354838709677,9.64360599078341,JMA daily observed
Miyazaki,2018,7.25,13.399999999999999,10.325,JMA daily observed
Miyazaki,2019,10.49642857142857,12.938709677419356,11.717569124423964,JMA daily observed
Miyazaki,2020,10.441379310344828,13.406451612903227,11.923915461624027,JMA daily observed
Miyazaki,2021,11.328571428571427,14.735483870967743,13.032027649769585,JMA daily observed
Miyazaki,2022,7.685714285714285,13.551612903225807,10.618663594470046,JMA daily observed
Miyazaki,2023,10.057142857142859,14.13225806451613,12.094700460829493,JMA daily observed
Miyazaki,2024,12.182758620689656,13.096774193548388,12.639766407119023,JMA daily observed
Nagano,1953,-1.457142857142857,4.641935483870968,1.5923963133640555,JMA daily observed
Nagano,1954,0.10714285714285714,3.2774193548387096,1.6922811059907834,JMA daily observed
Nagano,1955,0.29999999999999993,4.412903225806452,2.356451612903226,JMA daily observed
Nagano,1956,-2.0586206896551724,4.312903225806451,1.1271412680756394,JMA daily observed
Nagano,1957,-0.4857142857142857,0.8580645161290323,0.18617511520737332,JMA daily observed
Nagano,1958,0.65,3.338709677419355,1.9943548387096774,JMA daily observed
Nagano,1959,2.832142857142857,5.122580645161291,3.977361751152074,JMA daily observed
Nagano,1960,0.5586206896551724,4.419354838709677,2.4889877641824247,JMA daily observed
Nagano,1961,-1.4035714285714285,3.161290322580645,0.8788594470046083,JMA daily observed
Nagano,1962,-0.5785714285714285,2.9645161290322584,1.192972350230415,JMA daily observed
Nagano,1963,-2.542857142857143,2.8,0.12857142857142834,JMA daily observed
Nagano,1964,-1.5379310344827586,2.545161290322581,0.5036151279199111,JMA daily observed
Nagano,1965,-0.525,1.5032258064516129,0.4891129032258064,JMA daily observed
Nagano,1966,1.3035714285714286,4.335483870967742,2.8195276497695856,JMA daily observed
Nagano,1967,-1.0107142857142857,3.8225806451612905,1.4059331797235024,JMA daily observed
Nagano,1968,-2.951724137931034,3.9193548387096775,0.48381535038932166,JMA daily observed
Nagano,1969,0.17500000000000004,2.0451612903225804,1.1100806451612901,JMA daily observed
Nagano,1970,-0.01428571428571422,-0.6064516129032258,-0.31036866359447,JMA daily observed
Nagano,1971,0.4357142857142858,2.338709677419355,1.3872119815668205,JMA daily observed
Nagano,1972,0.8793103448275862,4.664516129032258,2.771913236929922,JMA daily observed
Nagano,1973,1.1464285714285716,2.161290322580645,1.6538594470046082,JMA daily observed
Nagano,1974,-0.9321428571428572,2.225806451612903,0.6468317972350229,JMA daily observed
Nagano,1975,-1.3535714285714284,2.5387096774193547,0.5925691244239631,JMA daily observed
Nagano,1976,1.0344827586206897,3.5032258064516126,2.268854282536151,JMA daily observed
Nagano,1977,-2.332142857142857,4.080645161290323,0.874251152073733,JMA daily observed
Nagano,1978,-1.925,2.435483870967742,0.255241935483871,JMA daily observed
Nagano,1979,3.1464285714285714,3.97741935483871,3.5619239631336406,JMA daily observed
Nagano,1980,-1.2620689655172415,2.458064516129032,0.5979977753058954,JMA daily observed
Nagano,1981,-1.6928571428571428,3.4709677419354836,0.8890552995391704,JMA daily observed
Nagano,1982,-0.875,4.300000000000001,1.7125000000000004,JMA daily observed
Nagano,1983,-0.6535714285714286,3.358064516129032,1.3522465437788018,JMA daily observed
Nagano,1984,-3.3551724137931034,-0.12903225806451618,-1.7421023359288097,JMA daily observed
Nagano,1985,0.5321428571428571,3.7580645161290325,2.1451036866359448,JMA daily observed
Nagano,1986,-2.278571428571429,2.890322580645161,0.3058755760368661,JMA daily observed
Nagano,1987,0.31428571428571433,3.9387096774193546,2.1264976958525343,JMA daily observed
Nagano,1988,-1.6103448275862067,2.7806451612903227,0.585150166852058,JMA daily observed
Nagano,1989,2.0571428571428574,4.54516129032258,3.3011520737327187,JMA daily observed
Nagano,1990,3.7285714285714286,4.938709677419355,4.333640552995392,JMA daily observed
Nagano,1991,-0.7857142857142857,4.358064516129032,1.786175115207373,JMA daily observed
Nagano,1992,0.20344827586206898,4.587096774193548,2.3952725250278086,JMA daily observed
Nagano,1993,0.7071428571428571,3.074193548387097,1.890668202764977,JMA daily observed
Nagano,1994,-0.23214285714285715,2.332258064516129,1.0500576036866358,JMA daily observed
Nagano,1995,-0.19285714285714287,3.8774193548387097,1.8422811059907833,JMA daily observed
Nagano,1996,-1.579310344827586,3.5,0.960344827586207,JMA daily observed
Nagano,1997,-0.3821428571428571,4.758064516129032,2.1879608294930875,JMA daily observed
Nagano,1998,1.2678571428571428,4.619354838709677,2.94360599078341,JMA daily observed
Nagano,1999,-0.4571428571428572,5.141935483870968,2.3423963133640555,JMA daily observed
Nagano,2000,-1.4000000000000001,2.4387096774193546,0.5193548387096772,JMA daily observed
Nagano,2001,-0.15,3.541935483870968,1.695967741935484,JMA daily observed
Nagano,2002,1.1285714285714286,5.774193548387097,3.451382488479263,JMA daily observed
Nagano,2003,0.19999999999999998,2.6774193548387095,1.4387096774193548,JMA daily observed
Nagano,2004,1.5931034482758621,4.496774193548387,3.0449388209121246,JMA daily observed
Nagano,2005,-0.3607142857142857,2.9516129032258065,1.2954493087557604,JMA daily observed
Nagano,2006,0.75,3.8806451612903223,2.3153225806451614,JMA daily observed
Nagano,2007,2.814285714285714,4.367741935483871,3.5910138248847927,JMA daily observed
Nagano,2008,-1.306896551724138,5.329032258064516,2.0110678531701893,JMA daily observed
Nagano,2009,2.1714285714285713,4.541935483870968,3.3566820276497698,JMA daily observed
Nagano,2010,1.625,4.180645161290323,2.9028225806451613,JMA daily observed
Nagano,2011,0.9785714285714285,2.1933333333333334,1.585952380952381,JMA daily observed
Nagano,2012,-0.7551724137931034,3.693548387096774,1.4691879866518354,JMA daily observed
Nagano,2013,-0.6571428571428571,5.564516129032258,2.4536866359447003,JMA daily observed
Nagano,2014,-0.6178571428571428,4.058064516129032,1.7201036866359445,JMA daily observed
Nagano,2015,1.125,5.396774193548388,3.260887096774194,JMA daily observed
Nagano,2016,1.6379310344827587,5.580645161290323,3.609288097886541,JMA daily observed
Nagano,2017,0.19642857142857145,3.6806451612903226,1.938536866359447,JMA daily observed
Nagano,2018,-0.22499999999999995,6.245161290322581,3.0100806451612905,JMA daily observed
Nagano,2019,1.217857142857143,5.264516129032257,3.2411866359447004,JMA daily observed
Nagano,2020,2.372413793103448,6.180645161290323,4.276529477196886,JMA daily observed
Nagano,2021,2.064285714285714,7.370967741935484,4.717626728110599,JMA daily observed
Nagano,2022,-0.7035714285714285,5.616129032258065,2.456278801843318,JMA daily observed
Nagano,2023,1.0214285714285716,8.258064516129032,4.639746543778802,JMA daily observed
Nagano,2024,2.503448275862069,4.041935483870968,3.2726918798665183,JMA daily observed
Nara,1954,4.860714285714286,7.006451612903225,5.9335829493087555,JMA daily observed
Nara,1955,5.121428571428572,8.09032258064516,6.605875576036866,JMA daily observed
Nara,1956,3.0448275862068965,7.445161290322581,5.244994438264738,JMA daily observed
Nara,1957,2.992857142857143,4.635483870967741,3.814170506912442,JMA daily observed
Nara,1958,4.664285714285714,6.980645161290322,5.8224654377880185,JMA daily observed
Nara,1959,6.678571428571429,8.216129032258063,7.447350230414746,JMA daily observed
Nara,1960,5.096551724137932,7.948387096774193,6.522469410456063,JMA daily observed
Nara,1961,2.8035714285714284,7.145161290322581,4.9743663594470044,JMA daily observed
Nara,1962,4.325,6.764516129032257,5.544758064516129,JMA daily observed
Nara,1963,1.7321428571428572,6.148387096774194,3.9402649769585256,JMA daily observed
Nara,1964,2.4,5.983870967741935,4.191935483870967,JMA daily observed
Nara,1965,3.25,4.774193548387097,4.012096774193548,JMA daily observed
Nara,1966,5.017857142857143,7.967741935483871,6.492799539170507,JMA daily observed
Nara,1967,3.3428571428571425,7.087096774193548,5.214976958525345,JMA daily observed
Nara,1968,1.5275862068965516,7.338709677419355,4.433147942157953,JMA daily observed
Nara,1969,4.117857142857143,6.1,5.108928571428571,JMA daily observed
Nara,1970,4.067857142857143,3.9709677419354836,4.019412442396313,JMA daily observed
Nara,1971,3.9035714285714285,6.293548387096774,5.098559907834101,JMA daily observed
Nara,1972,4.251724137931034,7.538709677419354,5.895216907675194,JMA daily observed
Nara,1973,5.267857142857143,6.219354838709678,5.7436059907834105,JMA daily observed
Nara,1974,3.375,6.090322580645162,4.73266129032258,JMA daily observed
Nara,1975,2.7464285714285714,6.651612903225806,4.699020737327189,JMA daily observed
Nara,1976,5.972413793103448,6.716129032258064,6.344271412680756,JMA daily observed
Nara,1977,2.05,8.009677419354839,5.029838709677419,JMA daily observed
Nara,1978,2.789285714285714,6.577419354838709,4.683352534562212,JMA daily observed
Nara,1979,6.392857142857143,7.022580645161291,6.707718894009217,JMA daily observed
Nara,1980,2.762068965517241,6.561290322580645,4.661679644048943,JMA daily observed
Nara,1981,3.1607142857142856,7.503225806451613,5.331970046082949,JMA daily observed
Nara,1982,3.3892857142857147,7.903225806451613,5.646255760368664,JMA daily observed
Nara,1983,3.6714285714285713,7.051612903225807,5.361520737327189,JMA daily observed
Nara,1984,1.5827586206896551,4.370967741935484,2.9768631813125697,JMA daily observed
Nara,1985,4.953571428571428,7.625806451612903,6.289688940092166,JMA daily observed
Nara,1986,2.3607142857142853,7.003225806451613,4.681970046082949,JMA daily observed
Nara,1987,4.664285714285714,7.370967741935484,6.017626728110599,JMA daily observed
Nara,1988,3.0931034482758624,6.609677419354839,4.851390433815351,JMA daily observed
Nara,1989,5.785714285714286,7.541935483870968,6.663824884792627,JMA daily observed
Nara,1990,6.6000000000000005,8.480645161290322,7.540322580645162,JMA daily observed
Nara,1991,3.871428571428571,8.551612903225807,6.21152073732719,JMA daily observed
Nara,1992,4.303448275862069,8.62258064516129,6.46301446051168,JMA daily observed
Nara,1993,5.496428571428572,6.558064516129033,6.027246543778802,JMA daily observed
Nara,1994,4.082142857142857,6.158064516129032,5.120103686635945,JMA daily observed
Nara,1995,3.8428571428571425,7.854838709677419,5.848847926267281,JMA daily observed
Nara,1996,3.1206896551724137,7.087096774193548,5.103893214682981,JMA daily observed
Nara,1997,3.932142857142857,8.351612903225806,6.141877880184332,JMA daily observed
Nara,1998,5.914285714285714,8.796774193548387,7.355529953917051,JMA daily observed
Nara,1999,3.8607142857142853,8.990322580645161,6.4255184331797235,JMA daily observed
Nara,2000,2.7758620689655173,6.638709677419355,4.707285873192436,JMA daily observed
Nara,2001,4.603571428571429,7.880645161290323,6.242108294930876,JMA daily observed
Nara,2002,5.253571428571428,9.80967741935484,7.531624423963134,JMA daily observed
Nara,2003,4.507142857142857,6.519354838709678,5.513248847926267,JMA daily observed
Nara,2004,5.617241379310345,7.990322580645161,6.803781979977753,JMA daily observed
Nara,2005,4.160714285714286,7.103225806451612,5.631970046082949,JMA daily observed
Nara,2006,4.860714285714286,6.525806451612904,5.693260368663594,JMA daily observed
Nara,2007,6.378571428571428,7.793548387096774,7.086059907834101,JMA daily observed
Nara,2008,2.896551724137931,8.716129032258063,5.806340378197997,JMA daily observed
Nara,2009,5.960714285714286,7.9,6.930357142857144,JMA daily observed
Nara,2010,5.939285714285715,7.961290322580646,6.950288018433181,JMA daily observed
Nara,2011,5.271428571428571,6.174193548387097,5.722811059907834,JMA daily observed
Nara,2012,3.3344827586206898,7.370967741935484,5.352725250278087,JMA daily observed
Nara,2013,3.8285714285714287,9.09032258064516,6.459447004608295,JMA daily observed
Nara,2014,4.007142857142857,8.216129032258063,6.11163594470046,JMA daily observed
Nara,2015,5.1000000000000005,8.441935483870967,6.770967741935484,JMA daily observed
Nara,2016,5.513793103448276,8.922580645161291,7.218186874304784,JMA daily observed
Nara,2017,4.378571428571428,7.63448275862069,6.006527093596059,JMA daily observed
Nara,2018,4.014285714285714,10.306451612903226,7.16036866359447,JMA daily observed
Nara,2019,6.260714285714286,9.151612903225805,7.706163594470046,JMA daily observed
Nara,2020,6.306896551724138,10.016129032258064,8.1615127919911,JMA daily observed
Nara,2021,7.382142857142857,11.01290322580645,9.197523041474653,JMA daily observed
Nara,2022,3.9714285714285715,10.077419354838709,7.02442396313364,JMA daily observed
Nara,2023,5.392857142857143,11.567741935483872,8.480299539170508,JMA daily observed
Nara,2024,6.927586206896552,8.274193548387096,7.6008898776418246,JMA daily observed
Oita,1953,5.646428571428571,9.341935483870968,7.494182027649769,JMA daily observed
Oita,1954,7.332142857142857,8.348387096774195,7.840264976958526,JMA daily observed
Oita,1955,6.785714285714286,9.970967741935485,8.378341013824885,JMA daily observed
Oita,1956,4.875862068965517,8.932258064516128,6.904060066740823,JMA daily observed
Oita,1957,4.464285714285714,7.141935483870968,5.803110599078341,JMA daily observed
Oita,1958,6.382142857142857,8.745161290322581,7.563652073732719,JMA daily observed
Oita,1959,8.989285714285714,9.958064516129031,9.473675115207373,JMA daily observed
Oita,1960,7.255172413793104,9.85483870967742,8.555005561735262,JMA daily observed
Oita,1961,5.189285714285715,9.425806451612903,7.307546082949309,JMA daily observed
Oita,1962,6.421428571428572,8.667741935483871,7.544585253456221,JMA daily observed
Oita,1963,3.417857142857143,8.006451612903225,5.712154377880184,JMA daily observed
Oita,1964,5.1689655172413795,8.87741935483871,7.023192436040045,JMA daily observed
Oita,1965,5.896428571428571,7.329032258064516,6.612730414746544,JMA daily observed
Oita,1966,7.146428571428571,10.293548387096775,8.719988479262673,JMA daily observed
Oita,1967,5.728571428571429,9.229032258064517,7.478801843317973,JMA daily observed
Oita,1968,2.8137931034482757,8.758064516129032,5.785928809788654,JMA daily observed
Oita,1969,6.260714285714286,7.606451612903226,6.9335829493087555,JMA daily observed
Oita,1970,6.792857142857143,6.393548387096774,6.593202764976958,JMA daily observed
Oita,1971,5.957142857142857,8.129032258064516,7.043087557603687,JMA daily observed
Oita,1972,6.810344827586207,9.280645161290321,8.045494994438265,JMA daily observed
Oita,1973,7.578571428571428,9.648387096774194,8.613479262672811,JMA daily observed
Oita,1974,5.671428571428572,8.393548387096773,7.032488479262673,JMA daily observed
Oita,1975,5.560714285714285,9.154838709677419,7.357776497695852,JMA daily observed
Oita,1976,7.875862068965517,8.861290322580645,8.36857619577308,JMA daily observed
Oita,1977,4.039285714285714,9.53225806451613,6.785771889400921,JMA daily observed
Oita,1978,5.767857142857143,8.832258064516129,7.300057603686636,JMA daily observed
Oita,1979,8.035714285714286,9.235483870967743,8.635599078341015,JMA daily observed
Oita,1980,4.8310344827586205,8.793548387096775,6.8122914349276975,JMA daily observed
Oita,1981,5.307142857142857,9.174193548387096,7.240668202764977,JMA daily observed
Oita,1982,6.014285714285714,9.770967741935483,7.892626728110598,JMA daily observed
Oita,1983,5.3,9.135483870967741,7.21774193548387,JMA daily observed
Oita,1984,3.6999999999999997,6.84516129032258,5.27258064516129,JMA daily observed
Oita,1985,6.8999999999999995,9.80967741935484,8.35483870967742,JMA daily observed
Oita,1986,4.246428571428572,8.470967741935485,6.358698156682029,JMA daily observed
Oita,1987,6.957142857142857,9.109677419354838,8.033410138248847,JMA daily observed
Oita,1988,5.886206896551724,8.2,7.043103448275861,JMA daily observed
Oita,1989,7.953571428571428,9.635483870967741,8.794527649769584,JMA daily observed
Oita,1990,9.067857142857143,10.667741935483871,9.867799539170507,JMA daily observed
Oita,1991,5.7821428571428575,9.85483870967742,7.818490783410139,JMA daily observed
Oita,1992,6.817241379310344,10.100000000000001,8.458620689655174,JMA daily observed
Oita,1993,7.632142857142857,8.629032258064516,8.130587557603686,JMA daily observed
Oita,1994,6.75,8.087096774193547,7.418548387096774,JMA daily observed
Oita,1995,6.371428571428572,9.706451612903225,8.038940092165898,JMA daily observed
Oita,1996,5.375862068965517,9.141935483870967,7.258898776418242,JMA daily observed
Oita,1997,6.707142857142857,10.619354838709677,8.663248847926267,JMA daily observed
Oita,1998,8.567857142857143,10.225806451612904,9.396831797235023,JMA daily observed
Oita,1999,6.835714285714286,10.596774193548388,8.716244239631337,JMA daily observed
Oita,2000,5.931034482758621,10.02258064516129,7.976807563959955,JMA daily observed
Oita,2001,7.253571428571428,10.51290322580645,8.88323732718894,JMA daily observed
Oita,2002,7.942857142857143,12.209677419354838,10.076267281105991,JMA daily observed
Oita,2003,7.682142857142857,9.419354838709678,8.550748847926268,JMA daily observed
Oita,2004,8.558620689655172,10.04516129032258,9.301890989988877,JMA daily observed
Oita,2005,5.964285714285714,9.396774193548387,7.68052995391705,JMA daily observed
Oita,2006,7.371428571428572,9.293548387096775,8.332488479262674,JMA daily observed
Oita,2007,9.196428571428571,10.612903225806452,9.904665898617512,JMA daily observed
Oita,2008,6.051724137931035,10.40967741935484,8.230700778642937,JMA daily observed
Oita,2009,9.217857142857143,10.861290322580645,10.039573732718894,JMA daily observed
Oita,2010,8.95,10.616129032258065,9.783064516129032,JMA daily observed
Oita,2011,7.446428571428571,8.516129032258064,7.981278801843318,JMA daily observed
Oita,2012,5.448275862068965,10.074193548387097,7.761234705228031,JMA daily observed
Oita,2013,7.125,11.358064516129033,9.241532258064517,JMA daily observed
Oita,2014,6.460714285714286,10.55483870967742,8.507776497695852,JMA daily observed
Oita,2015,7.0928571428571425,10.035483870967743,8.564170506912443,JMA daily observed
Oita,2016,7.403448275862068,10.980645161290322,9.192046718576195,JMA daily observed
Oita,2017,7.4750000000000005,9.422580645161291,8.448790322580646,JMA daily observed
Oita,2018,5.564285714285715,10.916129032258064,8.24020737327189,JMA daily observed
Oita,2019,8.721428571428572,11.45483870967742,10.088133640552996,JMA daily observed
Oita,2020,8.741379310344827,11.519354838709678,10.130367074527253,JMA daily observed
Oita,2021,9.317857142857141,12.570967741935483,10.944412442396313,JMA daily observed
Oita,2022,5.864285714285714,11.961290322580645,8.91278801843318,JMA daily observed
Oita,2023,8.089285714285714,12.351612903225806,10.22044930875576,JMA daily observed
Oita,2024,9.299999999999999,10.96774193548387,10.133870967741935,JMA daily observed
Osaka,1953,4.703571428571428,9.358064516129033,7.030817972350231,JMA daily observed
Osaka,1954,6.175,8.229032258064516,7.202016129032257,JMA daily observed
Osaka,1955,6.2,9.393548387096773,7.796774193548387,JMA daily observed
Osaka,1956,4.344827586206897,8.719354838709679,6.532091212458288,JMA daily observed
Osaka,1957,4.453571428571428,6.129032258064516,5.291301843317973,JMA daily observed
Osaka,1958,6.1000000000000005,8.45483870967742,7.27741935483871,JMA daily observed
Osaka,1959,8.182142857142857,9.738709677419354,8.960426267281106,JMA daily observed
Osaka,1960,6.758620689655173,9.716129032258063,8.237374860956617,JMA daily observed
Osaka,1961,4.635714285714286,8.916129032258064,6.775921658986175,JMA daily observed
Osaka,1962,6.039285714285714,8.27741935483871,7.158352534562212,JMA daily observed
Osaka,1963,3.275,7.693548387096774,5.484274193548387,JMA daily observed
Osaka,1964,3.996551724137931,7.764516129032257,5.880533926585095,JMA daily observed
Osaka,1965,4.960714285714286,6.396774193548388,5.678744239631337,JMA daily observed
Osaka,1966,6.7,9.712903225806452,8.206451612903226,JMA daily observed
Osaka,1967,5.053571428571429,8.85483870967742,6.954205069124424,JMA daily observed
Osaka,1968,3.1862068965517243,8.919354838709678,6.052780867630701,JMA daily observed
Osaka,1969,5.621428571428572,7.696774193548387,6.65910138248848,JMA daily observed
Osaka,1970,6.146428571428571,6.141935483870968,6.144182027649769,JMA daily observed
Osaka,1971,5.578571428571428,7.32258064516129,6.450576036866359,JMA daily observed
Osaka,1972,5.744827586206896,8.864516129032259,7.304671857619578,JMA daily observed
Osaka,1973,7.078571428571428,8.170967741935485,7.624769585253457,JMA daily observed
Osaka,1974,5.0321428571428575,8.006451612903225,6.519297235023041,JMA daily observed
Osaka,1975,4.567857142857143,8.393548387096773,6.480702764976958,JMA daily observed
Osaka,1976,7.80344827586207,8.932258064516128,8.367853170189099,JMA daily observed
Osaka,1977,4.310714285714286,9.851612903225806,7.081163594470047,JMA daily observed
Osaka,1978,4.8500000000000005,8.72258064516129,6.786290322580646,JMA daily observed
Osaka,1979,8.496428571428572,9.17741935483871,8.836923963133641,JMA daily observed
Osaka,1980,4.8310344827586205,8.54516129032258,6.6880978865406,JMA daily observed
Osaka,1981,5.057142857142857,9.316129032258065,7.186635944700461,JMA daily observed
Osaka,1982,5.492857142857143,9.693548387096774,7.593202764976958,JMA daily observed
Osaka,1983,5.589285714285714,8.741935483870968,7.165610599078342,JMA daily observed
Osaka,1984,3.317241379310345,6.035483870967742,4.676362625139044,JMA daily observed
Osaka,1985,6.617857142857143,9.329032258064515,7.9734447004608295,JMA daily observed
Osaka,1986,3.7785714285714285,8.332258064516129,6.055414746543779,JMA daily observed
Osaka,1987,6.492857142857143,8.922580645161291,7.707718894009217,JMA daily observed
Osaka,1988,5.0344827586206895,8.35483870967742,6.694660734149055,JMA daily observed
Osaka,1989,7.625,9.46774193548387,8.546370967741936,JMA daily observed
Osaka,1990,8.685714285714285,10.435483870967742,9.560599078341014,JMA daily observed
Osaka,1991,5.846428571428571,10.241935483870968,8.04418202764977,JMA daily observed
Osaka,1992,6.506896551724138,10.496774193548386,8.501835372636261,JMA daily observed
Osaka,1993,7.478571428571429,8.741935483870968,8.110253456221198,JMA daily observed
Osaka,1994,6.2178571428571425,8.274193548387096,7.246025345622119,JMA daily observed
Osaka,1995,6.1499999999999995,9.80967741935484,7.97983870967742,JMA daily observed
Osaka,1996,5.151724137931034,8.86774193548387,7.009733036707452,JMA daily observed
Osaka,1997,5.7821428571428575,10.067741935483872,7.924942396313364,JMA daily observed
Osaka,1998,7.792857142857143,10.587096774193547,9.189976958525346,JMA daily observed
Osaka,1999,5.939285714285715,10.558064516129033,8.248675115207373,JMA daily observed
Osaka,2000,4.937931034482758,8.941935483870967,6.939933259176863,JMA daily observed
Osaka,2001,6.567857142857143,9.738709677419354,8.153283410138249,JMA daily observed
Osaka,2002,7.321428571428571,11.59032258064516,9.455875576036867,JMA daily observed
Osaka,2003,6.7821428571428575,8.438709677419356,7.610426267281106,JMA daily observed
Osaka,2004,7.948275862068965,10.161290322580646,9.054783092324806,JMA daily observed
Osaka,2005,6.067857142857143,9.174193548387096,7.62102534562212,JMA daily observed
Osaka,2006,6.696428571428571,8.648387096774194,7.672407834101382,JMA daily observed
Osaka,2007,8.725,10.141935483870967,9.433467741935484,JMA daily observed
Osaka,2008,5.096551724137932,10.76774193548387,7.932146829810901,JMA daily observed
Osaka,2009,7.885714285714286,9.738709677419354,8.81221198156682,JMA daily observed
Osaka,2010,7.825,9.616129032258065,8.720564516129032,JMA daily observed
Osaka,2011,7.371428571428572,8.186666666666666,7.779047619047619,JMA daily observed
Osaka,2012,5.068965517241379,9.087096774193547,7.078031145717463,JMA daily observed
Osaka,2013,5.632142857142857,10.729032258064517,8.180587557603687,JMA daily observed
Osaka,2014,5.75,9.864516129032259,7.807258064516129,JMA daily observed
Osaka,2015,6.853571428571429,10.167741935483871,8.51065668202765,JMA daily observed
Osaka,2016,7.424137931034482,10.761290322580646,9.092714126807564,JMA daily observed
Osaka,2017,6.253571428571428,9.2,7.726785714285714,JMA daily observed
Osaka,2018,5.346428571428571,11.506451612903225,8.426440092165898,JMA daily observed
Osaka,2019,7.757142857142857,10.619354838709677,9.188248847926268,JMA daily observed
Osaka,2020,7.955172413793103,11.364516129032259,9.65984427141268,JMA daily observed
Osaka,2021,8.72857142857143,12.241935483870968,10.485253456221198,JMA daily observed
Osaka,2022,5.5321428571428575,11.380645161290323,8.45639400921659,JMA daily observed
Osaka,2023,7.042857142857143,13.025806451612903,10.034331797235023,JMA daily observed
Osaka,2024,8.389655172413793,9.519354838709678,8.954505005561735,JMA daily observed
Shizuoka,1953,6.167857142857143,10.783870967741937,8.475864055299539,JMA daily observed
Shizuoka,1954,7.614285714285714,9.548387096774194,8.581336405529953,JMA daily observed
Shizuoka,1955,7.557142857142857,10.790322580645162,9.173732718894009,JMA daily observed
Shizuoka,1956,5.672413793103448,10.170967741935485,7.9216907675194665,JMA daily observed
Shizuoka,1957,5.589285714285714,8.312903225806451,6.951094470046083,JMA daily observed
Shizuoka,1958,7.503703703703703,9.790322580645162,8.647013142174433,JMA daily observed
Shizuoka,1959,9.182142857142859,10.712903225806452,9.947523041474655,JMA daily observed
Shizuoka,1960,7.968965517241379,10.82258064516129,9.395773081201334,JMA daily observed
Shizuoka,1961,5.653571428571429,9.516129032258064,7.584850230414746,JMA daily observed
Shizuoka,1962,6.825,9.329032258064515,8.077016129032257,JMA daily observed
Shizuoka,1963,4.7821428571428575,8.625806451612902,6.70397465437788,JMA daily observed
Shizuoka,1964,5.789655172413793,8.661290322580646,7.22547274749722,JMA daily observed
Shizuoka,1965,6.239285714285714,7.893548387096774,7.0664170506912445,JMA daily observed
Shizuoka,1966,8.707142857142857,10.8,9.75357142857143,JMA daily observed
Shizuoka,1967,5.5,9.803225806451612,7.651612903225806,JMA daily observed
Shizuoka,1968,4.248275862068966,10.187096774193549,7.217686318131257,JMA daily observed
Shizuoka,1969,7.546428571428572,9.135483870967741,8.340956221198157,JMA daily observed
Shizuoka,1970,7.4071428571428575,6.867741935483871,7.137442396313364,JMA daily observed
Shizuoka,1971,7.357142857142857,9.33548387096774,8.346313364055298,JMA daily observed
Shizuoka,1972,7.968965517241379,10.293548387096775,9.131256952169078,JMA daily observed
Shizuoka,1973,8.192857142857143,9.519354838709678,8.85610599078341,JMA daily observed
Shizuoka,1974,7.114285714285714,8.874193548387098,7.994239631336406,JMA daily observed
Shizuoka,1975,6.107142857142857,9.303225806451612,7.705184331797234,JMA daily observed
Shizuoka,1976,8.582758620689656,10.3,9.441379310344828,JMA daily observed
Shizuoka,1977,5.653571428571429,10.76774193548387,8.21065668202765,JMA daily observed
Shizuoka,1978,5.489285714285714,9.19032258064516,7.339804147465437,JMA daily observed
Shizuoka,1979,9.442857142857141,10.154838709677419,9.79884792626728,JMA daily observed
Shizuoka,1980,5.651724137931034,9.709677419354838,7.680700778642937,JMA daily observed
Shizuoka,1981,6.307142857142857,10.061290322580644,8.184216589861752,JMA daily observed
Shizuoka,1982,6.410714285714286,10.529032258064515,8.4698732718894,JMA daily observed
Shizuoka,1983,6.167857142857143,9.261290322580646,7.714573732718894,JMA daily observed
Shizuoka,1984,4.324137931034483,6.693548387096774,5.508843159065629,JMA daily observed
Shizuoka,1985,7.389285714285714,10.596774193548388,8.993029953917052,JMA daily observed
Shizuoka,1986,5.142857142857143,9.17741935483871,7.160138248847927,JMA daily observed
Shizuoka,1987,7.6000000000000005,10.570967741935483,9.085483870967742,JMA daily observed
Shizuoka,1988,6.317241379310344,9.687096774193549,8.002169076751947,JMA daily observed
Shizuoka,1989,8.367857142857144,10.187096774193549,9.277476958525346,JMA daily observed
Shizuoka,1990,9.507142857142856,10.851612903225806,10.179377880184331,JMA daily observed
Shizuoka,1991,6.285714285714286,10.7,8.492857142857142,JMA daily observed
Shizuoka,1992,7.7,11.274193548387096,9.487096774193548,JMA daily observed
Shizuoka,1993,8.832142857142857,9.387096774193548,9.109619815668204,JMA daily observed
Shizuoka,1994,6.7821428571428575,9.203225806451613,7.992684331797236,JMA daily observed
Shizuoka,1995,7.125,10.04516129032258,8.585080645161291,JMA daily observed
Shizuoka,1996,5.824137931034483,9.86774193548387,7.845939933259176,JMA daily observed
Shizuoka,1997,7.153571428571429,11.312903225806451,9.23323732718894,JMA daily observed
Shizuoka,1998,8.403571428571428,11.01290322580645,9.70823732718894,JMA daily observed
Shizuoka,1999,7.0321428571428575,11.170967741935485,9.101555299539172,JMA daily observed
Shizuoka,2000,5.906896551724138,9.593548387096773,7.750222469410455,JMA daily observed
Shizuoka,2001,7.296428571428572,10.40967741935484,8.853052995391705,JMA daily observed
Shizuoka,2002,7.8428571428571425,12.296774193548387,10.069815668202764,JMA daily observed
Shizuoka,2003,7.721428571428571,9.470967741935485,8.596198156682028,JMA daily observed
Shizuoka,2004,8.403448275862068,10.406451612903227,9.404949944382647,JMA daily observed
Shizuoka,2005,7.239285714285714,9.951612903225806,8.59544930875576,JMA daily observed
Shizuoka,2006,8.246428571428572,10.073333333333332,9.159880952380952,JMA daily observed
Shizuoka,2007,9.453571428571427,11.229032258064517,10.341301843317972,JMA daily observed
Shizuoka,2008,6.013793103448276,11.33548387096774,8.674638487208009,JMA daily observed
Shizuoka,2009,9.696428571428571,10.67741935483871,10.18692396313364,JMA daily observed
Shizuoka,2010,8.153571428571428,10.816129032258065,9.484850230414747,JMA daily observed
Shizuoka,2011,8.807142857142857,8.91,8.858571428571429,JMA daily observed
Shizuoka,2012,6.789655172413793,10.422580645161291,8.606117908787542,JMA daily observed
Shizuoka,2013,7.328571428571428,13.254838709677419,10.291705069124424,JMA daily observed
Shizuoka,2014,7.557142857142857,10.519354838709678,9.038248847926267,JMA daily observed
Shizuoka,2015,7.5928571428571425,10.919354838709678,9.25610599078341,JMA daily observed
Shizuoka,2016,8.524137931034483,11.387096774193548,9.955617352614016,JMA daily observed
Shizuoka,2017,7.796428571428572,9.312903225806451,8.554665898617511,JMA daily observed
Shizuoka,2018,6.692857142857143,12.574193548387097,9.63352534562212,JMA daily observed
Shizuoka,2019,9.592857142857143,11.82258064516129,10.707718894009217,JMA daily observed
Shizuoka,2020,9.417241379310346,12.167741935483871,10.792491657397107,JMA daily observed
Shizuoka,2021,9.982142857142858,13.66,11.821071428571429,JMA daily observed
Shizuoka,2022,6.735714285714286,12.625806451612902,9.680760368663595,JMA daily observed
Shizuoka,2023,9.164285714285715,13.838709677419354,11.501497695852535,JMA daily observed
Shizuoka,2024,10.117241379310345,11.067741935483872,10.592491657397108,JMA daily observed
Urakawa,1953,-4.689285714285715,0.7967741935483871,-1.9462557603686639,JMA daily observed
Urakawa,1954,-1.4321428571428572,-0.635483870967742,-1.0338133640552996,JMA daily observed
Urakawa,1955,-2.442857142857143,-0.04516129032258067,-1.244009216589862,JMA daily observed
Urakawa,1956,-3.024137931034483,0.43225806451612897,-1.295939933259177,JMA daily observed
Urakawa,1957,-3.7285714285714286,-1.0774193548387097,-2.402995391705069,JMA daily observed
Urakawa,1958,-1.8,-0.2032258064516129,-1.0016129032258065,JMA daily observed
Urakawa,1959,-1.2249999999999999,1.2451612903225806,0.01008064516129037,JMA daily observed
Urakawa,1960,-2.1758620689655173,-0.26774193548387093,-1.221802002224694,JMA daily observed
Urakawa,1961,-2.882142857142857,-0.0935483870967742,-1.4878456221198157,JMA daily observed
Urakawa,1962,-2.857142857142857,-0.267741935483871,-1.562442396313364,JMA daily observed
Urakawa,1963,-1.5035714285714286,0.932258064516129,-0.28565668202764977,JMA daily observed
Urakawa,1964,-4.182758620689655,0.29354838709677417,-1.9446051167964404,JMA daily observed
Urakawa,1965,-3.335714285714286,-1.1,-2.217857142857143,JMA daily observed
Urakawa,1966,-2.6464285714285714,1.7032258064516128,-0.47160138248847927,JMA daily observed
Urakawa,1967,-3.1535714285714285,0.9838709677419355,-1.0848502304147465,JMA daily observed
Urakawa,1968,-3.2655172413793103,1.4096774193548387,-0.9279199110122358,JMA daily observed
Urakawa,1969,-3.3000000000000003,-0.3967741935483871,-1.8483870967741938,JMA daily observed
Urakawa,1970,-2.317857142857143,-2.3129032258064517,-2.315380184331797,JMA daily observed
Urakawa,1971,-2.6999999999999997,-0.13548387096774192,-1.4177419354838707,JMA daily observed
Urakawa,1972,-2.3689655172413793,0.7451612903225807,-0.8119021134593993,JMA daily observed
Urakawa,1973,-1.3107142857142857,-1.0258064516129033,-1.1682603686635944,JMA daily observed
Urakawa,1974,-2.217857142857143,-0.7225806451612903,-1.4702188940092167,JMA daily observed
Urakawa,1975,-3.107142857142857,-0.20645161290322578,-1.6567972350230415,JMA daily observed
Urakawa,1976,-1.7,7.162729191130042e-18,-0.85,JMA daily observed
Urakawa,1977,-4.475,-0.07419354838709677,-2.274596774193548,JMA daily observed
Urakawa,1978,-6.075,-1.0516129032258066,-3.5633064516129034,JMA daily observed
Urakawa,1979,-1.5678571428571428,-0.3032258064516129,-0.9355414746543779,JMA daily observed
Urakawa,1980,-4.582758620689655,-0.035483870967741984,-2.3091212458286985,JMA daily observed
Urakawa,1981,-2.5928571428571425,-0.4161290322580645,-1.5044930875576035,JMA daily observed
Urakawa,1982,-3.807142857142857,0.46774193548387094,-1.669700460829493,JMA daily observed
Urakawa,1983,-3.9678571428571425,-0.14516129032258066,-2.0565092165898617,JMA daily observed
Urakawa,1984,-4.813793103448275,-1.6548387096774195,-3.2343159065628475,JMA daily observed
Urakawa,1985,-1.8607142857142858,-0.20967741935483872,-1.0351958525345621,JMA daily observed
Urakawa,1986,-4.178571428571429,-0.2838709677419355,-2.2312211981566823,JMA daily observed
Urakawa,1987,-2.9892857142857143,0.1935483870967742,-1.3978686635944702,JMA daily observed
Urakawa,1988,-4.427586206896552,-0.15161290322580642,-2.289599555061179,JMA daily observed
Urakawa,1989,-1.0142857142857142,1.9161290322580644,0.4509216589861751,JMA daily observed
Urakawa,1990,-0.15000000000000005,1.8451612903225807,0.8475806451612903,JMA daily observed
Urakawa,1991,-2.1035714285714286,0.4258064516129032,-0.8388824884792627,JMA daily observed
Urakawa,1992,-1.993103448275862,0.3387096774193548,-0.8271968854282536,JMA daily observed
Urakawa,1993,-1.675,1.074193548387097,-0.3004032258064515,JMA daily observed
Urakawa,1994,-1.0178571428571428,-0.13870967741935483,-0.5782834101382488,JMA daily observed
Urakawa,1995,-1.8357142857142856,0.4612903225806452,-0.6872119815668203,JMA daily observed
Urakawa,1996,-3.0448275862068965,0.6193548387096774,-1.2127363737486094,JMA daily observed
Urakawa,1997,-1.3071428571428572,0.3741935483870968,-0.46647465437788016,JMA daily observed
Urakawa,1998,-2.992857142857143,1.0290322580645161,-0.9819124423963134,JMA daily observed
Urakawa,1999,-2.542857142857143,0.13225806451612906,-1.205299539170507,JMA daily observed
Urakawa,2000,-2.986206896551724,0.22580645161290325,-1.3802002224694103,JMA daily observed
Urakawa,2001,-4.678571428571429,-0.05161290322580648,-2.3650921658986177,JMA daily observed
Urakawa,2002,-0.7642857142857142,1.8516129032258064,0.5436635944700461,JMA daily observed
Urakawa,2003,-2.6999999999999997,0.05806451612903229,-1.3209677419354837,JMA daily observed
Urakawa,2004,-0.5172413793103449,0.7419354838709677,0.11234705228031144,JMA daily observed
Urakawa,2005,-3.1142857142857143,0.33225806451612905,-1.3910138248847925,JMA daily observed
Urakawa,2006,-2.210714285714286,1.7999999999999998,-0.20535714285714302,JMA daily observed
Urakawa,2007,-0.7821428571428573,1.0129032258064516,0.1153801843317972,JMA daily observed
Urakawa,2008,-2.382758620689655,2.1225806451612903,-0.13008898776418243,JMA daily observed
Urakawa,2009,-1.5250000000000001,1.6258064516129032,0.05040322580645151,JMA daily observed
Urakawa,2010,-2.835714285714286,0.13870967741935483,-1.3485023041474655,JMA daily observed
Urakawa,2011,-0.7321428571428571,0.2193548387096774,-0.25639400921658984,JMA daily observed
Urakawa,2012,-4.027586206896552,0.04193548387096775,-1.992825361512792,JMA daily observed
Urakawa,2013,-3.2607142857142857,0.3967741935483871,-1.4319700460829492,JMA daily observed
Urakawa,2014,-2.685714285714286,0.07333333333333332,-1.3061904761904763,JMA daily observed
Urakawa,2015,-0.8035714285714286,2.5999999999999996,0.8982142857142855,JMA daily observed
Urakawa,2016,-1.4379310344827585,1.832258064516129,0.19716351501668528,JMA daily observed
Urakawa,2017,-1.5285714285714285,0.5,-0.5142857142857142,JMA daily observed
Urakawa,2018,-3.1555555555555554,2.429032258064516,-0.3632616487455198,JMA daily observed
Urakawa,2019,-2.5964285714285715,1.432258064516129,-0.5820852534562213,JMA daily observed
Urakawa,2020,-1.4137931034482758,2.9166666666666665,0.7514367816091954,JMA daily observed
Urakawa,2021,-2.022222222222222,3.2096774193548385,0.5937275985663082,JMA daily observed
Urakawa,2022,-2.075,1.493548387096774,-0.29072580645161306,JMA daily observed
Urakawa,2023,-2.2464285714285714,3.8419354838709676,0.7977534562211981,JMA daily observed
Urakawa,2024,-1.4321428571428572,0.532258064516129,-0.4499423963133641,JMA daily observed
Wakkanai,1953,-7.303571428571429,-0.8580645161290323,-4.08081797235023,JMA daily observed
Wakkanai,1954,-4.132142857142857,-2.480645161290323,-3.30639400921659,JMA daily observed
Wakkanai,1955,-4.85,-1.2838709677419353,-3.0669354838709673,JMA daily observed
Wakkanai,1956,-4.613793103448276,-2.032258064516129,-3.3230255839822025,JMA daily observed
Wakkanai,1957,-5.5249999999999995,-2.9419354838709677,-4.233467741935484,JMA daily observed
Wakkanai,1958,-4.860714285714286,-2.267741935483871,-3.5642281105990783,JMA daily observed
Wakkanai,1959,-2.7785714285714285,0.8064516129032258,-0.9860599078341014,JMA daily observed
Wakkanai,1960,-5.151724137931034,-1.364516129032258,-3.258120133481646,JMA daily observed
Wakkanai,1961,-5.267857142857143,-1.429032258064516,-3.3484447004608295,JMA daily observed
Wakkanai,1962,-5.403571428571429,-2.509677419354839,-3.956624423963134,JMA daily observed
Wakkanai,1963,-3.689285714285714,0.06451612903225802,-1.812384792626728,JMA daily observed
Wakkanai,1964,-7.655172413793103,-1.303225806451613,-4.479199110122358,JMA daily observed
Wakkanai,1965,-5.735714285714286,-2.8161290322580643,-4.275921658986175,JMA daily observed
Wakkanai,1966,-5.539285714285714,-1.0,-3.269642857142857,JMA daily observed
Wakkanai,1967,-5.8999999999999995,-0.7387096774193548,-3.319354838709677,JMA daily observed
Wakkanai,1968,-4.665517241379311,1.867741935483871,-1.3988876529477199,JMA daily observed
Wakkanai,1969,-7.4678571428571425,-2.4645161290322584,-4.9661866359447,JMA daily observed
Wakkanai,1970,-5.9678571428571425,-4.193548387096774,-5.080702764976959,JMA daily observed
Wakkanai,1971,-6.382142857142857,-1.6935483870967742,-4.037845622119816,JMA daily observed
Wakkanai,1972,-4.982758620689655,-0.5580645161290322,-2.7704115684093433,JMA daily observed
Wakkanai,1973,-5.325,-2.92258064516129,-4.123790322580645,JMA daily observed
Wakkanai,1974,-4.614285714285714,-2.0806451612903225,-3.347465437788018,JMA daily observed
Wakkanai,1975,-6.121428571428572,-1.538709677419355,-3.8300691244239635,JMA daily observed
Wakkanai,1976,-3.472413793103448,-1.441935483870968,-2.457174638487208,JMA daily observed
Wakkanai,1977,-7.0928571428571425,-1.0161290322580645,-4.054493087557604,JMA daily observed
Wakkanai,1978,-9.185714285714285,-1.6419354838709677,-5.413824884792627,JMA daily observed
Wakkanai,1979,-4.525,-2.52258064516129,-3.5237903225806453,JMA daily observed
Wakkanai,1980,-7.051724137931035,-1.8903225806451613,-4.471023359288098,JMA daily observed
Wakkanai,1981,-6.253571428571428,-2.5580645161290323,-4.40581797235023,JMA daily observed
Wakkanai,1982,-5.314285714285715,-0.5709677419354838,-2.9426267281105996,JMA daily observed
Wakkanai,1983,-7.589285714285714,-1.8870967741935485,-4.738191244239632,JMA daily observed
Wakkanai,1984,-6.606896551724137,-3.270967741935484,-4.938932146829811,JMA daily observed
Wakkanai,1985,-4.8,-1.4161290322580644,-3.108064516129032,JMA daily observed
Wakkanai,1986,-6.5249999999999995,-2.390322580645161,-4.45766129032258,JMA daily observed
Wakkanai,1987,-5.564285714285715,-1.4161290322580644,-3.4902073732718897,JMA daily observed
Wakkanai,1988,-6.337931034482759,-1.8096774193548388,-4.073804226918799,JMA daily observed
Wakkanai,1989,-2.3642857142857143,0.8096774193548387,-0.7773041474654379,JMA daily observed
Wakkanai,1990,-2.435714285714286,1.3903225806451613,-0.5226958525345623,JMA daily observed
Wakkanai,1991,-3.6285714285714286,-1.5451612903225806,-2.5868663594470047,JMA daily observed
Wakkanai,1992,-3.5857142857142854,-0.25,-1.9178571428571427,JMA daily observed
Wakkanai,1993,-3.2535714285714286,-0.24193548387096775,-1.747753456221198,JMA daily observed
Wakkanai,1994,-2.685714285714286,-1.3225806451612903,-2.004147465437788,JMA daily observed
Wakkanai,1995,-3.9785714285714286,-0.8387096774193549,-2.408640552995392,JMA daily observed
Wakkanai,1996,-4.455172413793103,-0.9580645161290322,-2.7066184649610676,JMA daily observed
Wakkanai,1997,-3.267857142857143,-1.467741935483871,-2.367799539170507,JMA daily observed
Wakkanai,1998,-5.132142857142857,0.3290322580645161,-2.4015552995391705,JMA daily observed
Wakkanai,1999,-5.564285714285715,-2.638709677419355,-4.101497695852535,JMA daily observed
Wakkanai,2000,-5.575862068965517,-2.0516129032258066,-3.8137374860956617,JMA daily observed
Wakkanai,2001,-7.696428571428571,-2.3870967741935485,-5.04176267281106,JMA daily observed
Wakkanai,2002,-1.0071428571428571,0.5451612903225806,-0.23099078341013823,JMA daily observed
Wakkanai,2003,-5.553571428571429,-0.7419354838709677,-3.1477534562211984,JMA daily observed
Wakkanai,2004,-3.0172413793103448,-0.49354838709677423,-1.7553948832035595,JMA daily observed
Wakkanai,2005,-5.653571428571429,-1.0225806451612902,-3.33807603686636,JMA daily observed
Wakkanai,2006,-4.714285714285714,-0.8580645161290323,-2.7861751152073735,JMA daily observed
Wakkanai,2007,-3.164285714285714,-0.6774193548387096,-1.9208525345622118,JMA daily observed
Wakkanai,2008,-4.755172413793104,0.6129032258064516,-2.071134593993326,JMA daily observed
Wakkanai,2009,-4.371428571428572,-0.04516129032258064,-2.208294930875576,JMA daily observed
Wakkanai,2010,-4.946428571428571,-1.4129032258064516,-3.1796658986175115,JMA daily observed
Wakkanai,2011,-2.242857142857143,-0.6096774193548387,-1.4262672811059907,JMA daily observed
Wakkanai,2012,-6.3517241379310345,-2.3741935483870966,-4.362958843159065,JMA daily observed
Wakkanai,2013,-5.067857142857143,-1.3129032258064517,-3.190380184331797,JMA daily observed
Wakkanai,2014,-4.2,-1.1666666666666667,-2.6833333333333336,JMA daily observed
Wakkanai,2015,-1.7321428571428572,2.306451612903226,0.2871543778801844,JMA daily observed
Wakkanai,2016,-4.713793103448276,0.529032258064516,-2.0923804226918796,JMA daily observed
Wakkanai,2017,-3.0142857142857147,-0.37741935483870964,-1.6958525345622122,JMA daily observed
Wakkanai,2018,-5.257142857142857,0.12258064516129032,-2.567281105990783,JMA daily observed
Wakkanai,2019,-4.485714285714286,0.07741935483870964,-2.204147465437788,JMA daily observed
Wakkanai,2020,-4.175862068965517,1.1322580645161289,-1.5218020022246943,JMA daily observed
Wakkanai,2021,-3.542857142857143,1.3838709677419354,-1.0794930875576039,JMA daily observed
Wakkanai,2022,-3.4285714285714284,1.1774193548387097,-1.1255760368663594,JMA daily observed
Wakkanai,2023,-4.692592592592593,3.148387096774193,-0.7721027479092,JMA daily observed
Wakkanai,2024,-3.875,-0.164516129032258,-2.019758064516129,JMA daily observed
Yamagata,1953,-1.842857142857143,4.296774193548386,1.2269585253456217,JMA daily observed
Yamagata,1954,1.2607142857142857,2.9709677419354836,2.115841013824885,JMA daily observed
Yamagata,1955,-0.43571428571428567,3.425806451612903,1.4950460829493089,JMA daily observed
Yamagata,1956,-1.6758620689655173,2.870967741935484,0.5975528364849834,JMA daily observed
Yamagata,1957,-1.3357142857142856,0.9903225806451613,-0.17269585253456216,JMA daily observed
Yamagata,1958,0.75,2.929032258064516,1.839516129032258,JMA daily observed
Yamagata,1959,1.9714285714285715,4.548387096774194,3.2599078341013827,JMA daily observed
Yamagata,1960,1.1448275862068966,3.4838709677419355,2.314349276974416,JMA daily observed
Yamagata,1961,-1.217857142857143,2.545161290322581,0.663652073732719,JMA daily observed
Yamagata,1962,0.03214285714285712,2.570967741935484,1.3015552995391706,JMA daily observed
Yamagata,1963,-0.4892857142857143,2.5806451612903225,1.045679723502304,JMA daily observed
Yamagata,1964,-0.8310344827586207,2.9612903225806453,1.0651279199110122,JMA daily observed
Yamagata,1965,-0.7107142857142856,1.5290322580645161,0.40915898617511526,JMA daily observed
Yamagata,1966,1.05,3.729032258064516,2.389516129032258,JMA daily observed
Yamagata,1967,-1.1500000000000001,3.5064516129032257,1.178225806451613,JMA daily observed
Yamagata,1968,-1.9068965517241379,4.067741935483871,1.0804226918798663,JMA daily observed
Yamagata,1969,-1.1214285714285714,1.2258064516129032,0.0521889400921659,JMA daily observed
Yamagata,1970,-0.11428571428571425,-0.6709677419354839,-0.39262672811059907,JMA daily observed
Yamagata,1971,-0.55,2.541935483870968,0.9959677419354839,JMA daily observed
Yamagata,1972,-0.303448275862069,4.348387096774194,2.0224694104560625,JMA daily observed
Yamagata,1973,1.125,1.7193548387096773,1.4221774193548387,JMA daily observed
Yamagata,1974,-0.9035714285714286,1.2903225806451613,0.19337557603686634,JMA daily observed
Yamagata,1975,-1.4392857142857143,2.616129032258064,0.5884216589861749,JMA daily observed
Yamagata,1976,-0.17241379310344832,3.196774193548387,1.5121802002224694,JMA daily observed
Yamagata,1977,-1.2321428571428572,3.2225806451612904,0.9952188940092166,JMA daily observed
Yamagata,1978,-2.6464285714285714,2.5161290322580645,-0.06514976958525343,JMA daily observed
Yamagata,1979,2.175,3.396774193548387,2.7858870967741933,JMA daily observed
Yamagata,1980,-1.7689655172413792,1.6774193548387097,-0.04577308120133472,JMA daily observed
Yamagata,1981,-0.7000000000000001,2.070967741935484,0.685483870967742,JMA daily observed
Yamagata,1982,-1.125,3.4419354838709677,1.1584677419354839,JMA daily observed
Yamagata,1983,-1.2750000000000001,2.6838709677419357,0.7044354838709678,JMA daily observed
Yamagata,1984,-2.9,-0.48064516129032253,-1.6903225806451612,JMA daily observed
Yamagata,1985,0.17857142857142858,2.435483870967742,1.3070276497695852,JMA daily observed
Yamagata,1986,-2.2607142857142857,2.5161290322580645,0.1277073732718894,JMA daily observed
Yamagata,1987,0.42142857142857143,3.196774193548387,1.8091013824884792,JMA daily observed
Yamagata,1988,-2.4,2.564516129032258,0.08225806451612905,JMA daily observed
Yamagata,1989,1.5285714285714285,4.854838709677419,3.1917050691244238,JMA daily observed
Yamagata,1990,2.542857142857143,4.983870967741935,3.7633640552995393,JMA daily observed
Yamagata,1991,0.039285714285714306,3.9387096774193546,1.9889976958525344,JMA daily observed
Yamagata,1992,0.5172413793103449,4.048387096774194,2.2828142380422696,JMA daily observed
Yamagata,1993,1.967857142857143,3.693548387096774,2.8307027649769587,JMA daily observed
Yamagata,1994,0.6535714285714286,2.47741935483871,1.5654953917050691,JMA daily observed
Yamagata,1995,0.15714285714285708,3.6129032258064515,1.8850230414746543,JMA daily observed
Yamagata,1996,0.21034482758620687,3.170967741935484,1.6906562847608453,JMA daily observed
Yamagata,1997,0.5178571428571429,4.474193548387096,2.4960253456221198,JMA daily observed
Yamagata,1998,0.6321428571428571,4.696774193548387,2.664458525345622,JMA daily observed
Yamagata,1999,0.14285714285714285,4.187096774193549,2.164976958525346,JMA daily observed
Yamagata,2000,-0.03103448275862071,2.829032258064516,1.3989988876529478,JMA daily observed
Yamagata,2001,-1.075,3.2870967741935484,1.106048387096774,JMA daily observed
Yamagata,2002,1.4928571428571427,6.074193548387097,3.78352534562212,JMA daily observed
Yamagata,2003,0.8285714285714285,3.0548387096774197,1.9417050691244242,JMA daily observed
Yamagata,2004,0.8310344827586207,4.141935483870968,2.4864849833147944,JMA daily observed
Yamagata,2005,-1.0285714285714287,2.3870967741935485,0.6792626728110599,JMA daily observed
Yamagata,2006,0.6142857142857144,3.480645161290323,2.0474654377880186,JMA daily observed
Yamagata,2007,1.8392857142857142,3.629032258064516,2.734158986175115,JMA daily observed
Yamagata,2008,-0.7758620689655172,4.996774193548387,2.1104560622914352,JMA daily observed
Yamagata,2009,0.9642857142857143,4.182142857142857,2.5732142857142857,JMA daily observed
Yamagata,2010,0.26428571428571423,3.3548387096774195,1.8095622119815669,JMA daily observed
Yamagata,2011,0.3464285714285714,1.7225806451612902,1.0345046082949307,JMA daily observed
Yamagata,2012,-1.986206896551724,2.774193548387097,0.39399332591768643,JMA daily observed
Yamagata,2013,-1.2428571428571427,3.738709677419355,1.2479262672811062,JMA daily observed
Yamagata,2014,-0.5107142857142858,3.729032258064516,1.6091589861751152,JMA daily observed
Yamagata,2015,0.9,5.04516129032258,2.9725806451612904,JMA daily observed
Yamagata,2016,1.3655172413793104,5.54516129032258,3.455339265850945,JMA daily observed
Yamagata,2017,1.0607142857142857,3.609677419354839,2.335195852534562,JMA daily observed
Yamagata,2018,-1.032142857142857,5.783870967741936,2.375864055299539,JMA daily observed
Yamagata,2019,1.6285714285714286,5.480645161290322,3.5546082949308753,JMA daily observed
Yamagata,2020,2.4586206896551723,6.116129032258065,4.287374860956619,JMA daily observed
Yamagata,2021,1.2142857142857142,6.47741935483871,3.845852534562212,JMA daily observed
Yamagata,2022,-0.14285714285714285,4.406451612903226,2.131797235023041,JMA daily observed
Yamagata,2023,0.6821428571428572,7.361290322580645,4.021716589861751,JMA daily observed
Yamagata,2024,3.013793103448276,3.966666666666667,3.490229885057471,JMA daily observed
