Site Name,Currently Being Observed,Year,First_Bloom_Date,Full_Bloom_Date,Species,First_DT,Full_DT,First_DOY,Full_DOY,Duration_Days,Species_Assumption,Species_Change_Flag,Zero_Duration_Flag,Main_Analysis_Eligible,Trend_Analysis_Eligible,Latitude,Longitude,Feb_Temp,Mar_Temp,Feb_Mar_Temp,Temperature_Source
Wakkanai,True,1953,1953-05-21 00:00:00,1953-05-30 00:00:00,Sargent cherry (Prunus sargentii),1953-05-21,1953-05-30,141.0,150.0,9.0,False,False,False,True,True,45.415,141.6783,-7.303571428571429,-0.8580645161290323,-4.08081797235023,JMA daily observed
Asahikawa,True,1953,1953-05-11 00:00:00,1953-05-16 00:00:00,Sargent cherry (Prunus sargentii),1953-05-11,1953-05-16,131.0,136.0,5.0,False,False,False,True,True,43.7567,142.3717,-9.62142857142857,-2.3193548387096774,-5.970391705069124,JMA daily observed
Iwamizawa,False,1953,1953-05-09 00:00:00,1953-05-11 00:00:00,Sargent cherry (Prunus sargentii),1953-05-09,1953-05-11,129.0,131.0,2.0,False,False,False,True,True,43.2117,141.785,-7.503571428571428,-1.1870967741935483,-4.345334101382488,JMA daily observed
Urakawa,False,1953,1953-05-09 00:00:00,1953-05-14 00:00:00,Sargent cherry (Prunus sargentii),1953-05-09,1953-05-14,129.0,134.0,5.0,False,False,False,True,True,42.1617,142.7767,-4.689285714285715,0.7967741935483871,-1.9462557603686639,JMA daily observed
Akita,True,1953,1953-04-22 00:00:00,1953-04-29 00:00:00,Not stated,1953-04-22,1953-04-29,112.0,119.0,7.0,True,False,False,True,True,39.7167,140.0983,-1.510714285714286,3.9387096774193546,1.2139976958525343,JMA daily observed
Yamagata,True,1953,1953-04-19 00:00:00,1953-04-27 00:00:00,Not stated,1953-04-19,1953-04-27,109.0,117.0,8.0,True,False,False,True,True,38.255,140.345,-1.842857142857143,4.296774193548386,1.2269585253456217,JMA daily observed
Nagano,True,1953,1953-04-17 00:00:00,1953-04-24 00:00:00,Not stated,1953-04-17,1953-04-24,107.0,114.0,7.0,True,False,False,True,True,36.6617,138.1917,-1.457142857142857,4.641935483870968,1.5923963133640555,JMA daily observed
Fukui,True,1953,1953-04-07 00:00:00,1953-04-12 00:00:00,Not stated,1953-04-07,1953-04-12,97.0,102.0,5.0,True,False,False,True,True,36.055,136.2217,2.7214285714285715,7.493548387096775,5.107488479262673,JMA daily observed
Shizuoka,True,1953,1953-03-25 00:00:00,1953-04-02 00:00:00,Not stated,1953-03-25,1953-04-02,84.0,92.0,8.0,True,False,False,True,True,34.975,138.4033,6.167857142857143,10.783870967741937,8.475864055299539,JMA daily observed
Matsue,True,1953,1953-04-02 00:00:00,1953-04-09 00:00:00,Not stated,1953-04-02,1953-04-09,92.0,99.0,7.0,True,False,False,True,True,35.4567,133.065,4.107142857142857,8.103225806451613,6.1051843317972345,JMA daily observed
Kyoto,True,1953,1953-04-05 00:00:00,1953-04-11 00:00:00,Not stated,1953-04-05,1953-04-11,95.0,101.0,6.0,True,False,False,True,True,35.0117,135.735,3.957142857142857,8.561290322580644,6.259216589861751,JMA daily observed
Kobe,True,1953,1953-04-04 00:00:00,1953-04-09 00:00:00,Not stated,1953-04-04,1953-04-09,94.0,99.0,5.0,True,False,False,True,True,34.6967,135.2117,4.571428571428571,8.996774193548386,6.784101382488479,JMA daily observed
Fukuoka,True,1953,1953-03-28 00:00:00,1953-04-05 00:00:00,Not stated,1953-03-28,1953-04-05,87.0,95.0,8.0,True,False,False,True,True,33.5817,130.3767,6.360714285714286,9.406451612903227,7.883582949308757,JMA daily observed
Oita,True,1953,1953-03-26 00:00:00,1953-04-06 00:00:00,Not stated,1953-03-26,1953-04-06,85.0,96.0,11.0,True,False,False,True,True,33.235,131.6183,5.646428571428571,9.341935483870968,7.494182027649769,JMA daily observed
Kagoshima,True,1953,1953-03-29 00:00:00,1953-04-08 00:00:00,Not stated,1953-03-29,1953-04-08,88.0,98.0,10.0,True,False,False,True,True,31.555,130.5467,8.342857142857143,11.33548387096774,9.839170506912442,JMA daily observed
Wakkanai,True,1954,1954-05-17 00:00:00,1954-05-27 00:00:00,Sargent cherry (Prunus sargentii),1954-05-17,1954-05-27,137.0,147.0,10.0,False,False,False,True,True,45.415,141.6783,-4.132142857142857,-2.480645161290323,-3.30639400921659,JMA daily observed
Asahikawa,True,1954,1954-05-13 00:00:00,1954-05-18 00:00:00,Sargent cherry (Prunus sargentii),1954-05-13,1954-05-18,133.0,138.0,5.0,False,False,False,True,True,43.7567,142.3717,-4.95,-3.9612903225806453,-4.455645161290323,JMA daily observed
Iwamizawa,False,1954,1954-05-06 00:00:00,1954-05-09 00:00:00,Sargent cherry (Prunus sargentii),1954-05-06,1954-05-09,126.0,129.0,3.0,False,False,False,True,True,43.2117,141.785,-4.164285714285714,-2.9741935483870967,-3.569239631336405,JMA daily observed
Urakawa,False,1954,1954-05-07 00:00:00,1954-05-13 00:00:00,Sargent cherry (Prunus sargentii),1954-05-07,1954-05-13,127.0,133.0,6.0,False,False,False,True,True,42.1617,142.7767,-1.4321428571428572,-0.635483870967742,-1.0338133640552996,JMA daily observed
Akita,True,1954,1954-04-17 00:00:00,1954-04-22 00:00:00,Not stated,1954-04-17,1954-04-22,107.0,112.0,5.0,True,False,False,True,True,39.7167,140.0983,0.7000000000000001,2.7451612903225806,1.7225806451612904,JMA daily observed
Yamagata,True,1954,1954-04-13 00:00:00,1954-04-18 00:00:00,Not stated,1954-04-13,1954-04-18,103.0,108.0,5.0,True,False,False,True,True,38.255,140.345,1.2607142857142857,2.9709677419354836,2.115841013824885,JMA daily observed
Nagano,True,1954,1954-04-07 00:00:00,1954-04-13 00:00:00,Not stated,1954-04-07,1954-04-13,97.0,103.0,6.0,True,False,False,True,True,36.6617,138.1917,0.10714285714285714,3.2774193548387096,1.6922811059907834,JMA daily observed
Fukui,True,1954,1954-04-02 00:00:00,1954-04-06 00:00:00,Not stated,1954-04-02,1954-04-06,92.0,96.0,4.0,True,False,False,True,True,36.055,136.2217,3.8000000000000003,6.429032258064517,5.114516129032259,JMA daily observed
Shizuoka,True,1954,1954-03-27 00:00:00,1954-04-03 00:00:00,Not stated,1954-03-27,1954-04-03,86.0,93.0,7.0,True,False,False,True,True,34.975,138.4033,7.614285714285714,9.548387096774194,8.581336405529953,JMA daily observed
Matsue,True,1954,1954-03-31 00:00:00,1954-04-03 00:00:00,Not stated,1954-03-31,1954-04-03,90.0,93.0,3.0,True,False,False,True,True,35.4567,133.065,5.321428571428571,7.241935483870968,6.28168202764977,JMA daily observed
Kyoto,True,1954,1954-03-29 00:00:00,1954-04-05 00:00:00,Not stated,1954-03-29,1954-04-05,88.0,95.0,7.0,True,False,False,True,True,35.0117,135.735,5.332142857142857,7.558064516129033,6.445103686635945,JMA daily observed
Kobe,True,1954,1954-03-28 00:00:00,1954-04-04 00:00:00,Not stated,1954-03-28,1954-04-04,87.0,94.0,7.0,True,False,False,True,True,34.6967,135.2117,6.528571428571429,8.22258064516129,7.375576036866359,JMA daily observed
Nara,True,1954,1954-03-27 00:00:00,1954-04-04 00:00:00,Not stated,1954-03-27,1954-04-04,86.0,94.0,8.0,True,False,False,True,True,34.6733,135.8317,4.860714285714286,7.006451612903225,5.9335829493087555,JMA daily observed
Fukuoka,True,1954,1954-03-28 00:00:00,1954-04-08 00:00:00,Not stated,1954-03-28,1954-04-08,87.0,98.0,11.0,True,False,False,True,True,33.5817,130.3767,7.5,8.841935483870968,8.170967741935485,JMA daily observed
Oita,True,1954,1954-03-27 00:00:00,1954-04-03 00:00:00,Not stated,1954-03-27,1954-04-03,86.0,93.0,7.0,True,False,False,True,True,33.235,131.6183,7.332142857142857,8.348387096774195,7.840264976958526,JMA daily observed
Kagoshima,True,1954,1954-03-31 00:00:00,1954-04-08 00:00:00,Not stated,1954-03-31,1954-04-08,90.0,98.0,8.0,True,False,False,True,True,31.555,130.5467,9.292857142857143,10.919354838709678,10.10610599078341,JMA daily observed
Wakkanai,True,1955,1955-05-17 00:00:00,1955-05-23 00:00:00,Sargent cherry (Prunus sargentii),1955-05-17,1955-05-23,137.0,143.0,6.0,False,False,False,True,True,45.415,141.6783,-4.85,-1.2838709677419353,-3.0669354838709673,JMA daily observed
Asahikawa,True,1955,1955-05-09 00:00:00,1955-05-14 00:00:00,Sargent cherry (Prunus sargentii),1955-05-09,1955-05-14,129.0,134.0,5.0,False,False,False,True,True,43.7567,142.3717,-6.167857142857143,-2.8032258064516125,-4.485541474654378,JMA daily observed
Iwamizawa,False,1955,1955-05-10 00:00:00,1955-05-13 00:00:00,Sargent cherry (Prunus sargentii),1955-05-10,1955-05-13,130.0,133.0,3.0,False,False,False,True,True,43.2117,141.785,-5.017857142857143,-1.929032258064516,-3.4734447004608295,JMA daily observed
Urakawa,False,1955,1955-05-11 00:00:00,1955-05-15 00:00:00,Sargent cherry (Prunus sargentii),1955-05-11,1955-05-15,131.0,135.0,4.0,False,False,False,True,True,42.1617,142.7767,-2.442857142857143,-0.04516129032258067,-1.244009216589862,JMA daily observed
Akita,True,1955,1955-04-16 00:00:00,1955-04-23 00:00:00,Not stated,1955-04-16,1955-04-23,106.0,113.0,7.0,True,False,False,True,True,39.7167,140.0983,0.21428571428571433,3.0580645161290323,1.6361751152073734,JMA daily observed
Yamagata,True,1955,1955-04-12 00:00:00,1955-04-15 00:00:00,Not stated,1955-04-12,1955-04-15,102.0,105.0,3.0,True,False,False,True,True,38.255,140.345,-0.43571428571428567,3.425806451612903,1.4950460829493089,JMA daily observed
Nagano,True,1955,1955-04-10 00:00:00,1955-04-13 00:00:00,Not stated,1955-04-10,1955-04-13,100.0,103.0,3.0,True,False,False,True,True,36.6617,138.1917,0.29999999999999993,4.412903225806452,2.356451612903226,JMA daily observed
Fukui,True,1955,1955-04-01 00:00:00,1955-04-09 00:00:00,Not stated,1955-04-01,1955-04-09,91.0,99.0,8.0,True,False,False,True,True,36.055,136.2217,4.132142857142857,7.619354838709677,5.875748847926268,JMA daily observed
Shizuoka,True,1955,1955-03-26 00:00:00,1955-03-30 00:00:00,Not stated,1955-03-26,1955-03-30,85.0,89.0,4.0,True,False,False,True,True,34.975,138.4033,7.557142857142857,10.790322580645162,9.173732718894009,JMA daily observed
Matsue,True,1955,1955-03-29 00:00:00,1955-04-07 00:00:00,Not stated,1955-03-29,1955-04-07,88.0,97.0,9.0,True,False,False,True,True,35.4567,133.065,5.753571428571428,8.374193548387098,7.063882488479263,JMA daily observed
Kyoto,True,1955,1955-03-28 00:00:00,1955-04-07 00:00:00,Not stated,1955-03-28,1955-04-07,87.0,97.0,10.0,True,False,False,True,True,35.0117,135.735,5.625,8.98709677419355,7.306048387096775,JMA daily observed
Kobe,True,1955,1955-03-30 00:00:00,1955-04-07 00:00:00,Not stated,1955-03-30,1955-04-07,89.0,97.0,8.0,True,False,False,True,True,34.6967,135.2117,6.5321428571428575,9.183870967741935,7.858006912442397,JMA daily observed
Nara,True,1955,1955-03-27 00:00:00,1955-04-06 00:00:00,Not stated,1955-03-27,1955-04-06,86.0,96.0,10.0,True,False,False,True,True,34.6733,135.8317,5.121428571428572,8.09032258064516,6.605875576036866,JMA daily observed
Kochi,True,1955,1955-03-21 00:00:00,1955-03-28 00:00:00,Not stated,1955-03-21,1955-03-28,80.0,87.0,7.0,True,False,False,True,True,33.5667,133.5483,7.664285714285714,11.970967741935485,9.8176267281106,JMA daily observed
Fukuoka,True,1955,1955-03-24 00:00:00,1955-04-05 00:00:00,Not stated,1955-03-24,1955-04-05,83.0,95.0,12.0,True,False,False,True,True,33.5817,130.3767,7.396428571428571,10.709677419354838,9.053052995391704,JMA daily observed
Oita,True,1955,1955-03-25 00:00:00,1955-04-02 00:00:00,Not stated,1955-03-25,1955-04-02,84.0,92.0,8.0,True,False,False,True,True,33.235,131.6183,6.785714285714286,9.970967741935485,8.378341013824885,JMA daily observed
Kagoshima,True,1955,1955-03-29 00:00:00,1955-04-03 00:00:00,Not stated,1955-03-29,1955-04-03,88.0,93.0,5.0,True,False,False,True,True,31.555,130.5467,8.839285714285714,13.035483870967743,10.937384792626728,JMA daily observed
Wakkanai,True,1956,1956-05-12 00:00:00,1956-05-14 00:00:00,Sargent cherry (Prunus sargentii),1956-05-12,1956-05-14,132.0,134.0,2.0,False,False,False,True,True,45.415,141.6783,-4.613793103448276,-2.032258064516129,-3.3230255839822025,JMA daily observed
Asahikawa,True,1956,1956-05-07 00:00:00,1956-05-13 00:00:00,Sargent cherry (Prunus sargentii),1956-05-07,1956-05-13,127.0,133.0,6.0,False,False,False,True,True,43.7567,142.3717,-7.503448275862069,-2.5483870967741935,-5.025917686318131,JMA daily observed
Iwamizawa,False,1956,1956-05-05 00:00:00,1956-05-09 00:00:00,Sargent cherry (Prunus sargentii),1956-05-05,1956-05-09,125.0,129.0,4.0,False,False,False,True,True,43.2117,141.785,-6.082758620689655,-1.3774193548387097,-3.7300889877641827,JMA daily observed
Urakawa,False,1956,1956-05-07 00:00:00,1956-05-11 00:00:00,Sargent cherry (Prunus sargentii),1956-05-07,1956-05-11,127.0,131.0,4.0,False,False,False,True,True,42.1617,142.7767,-3.024137931034483,0.43225806451612897,-1.295939933259177,JMA daily observed
Aomori,True,1956,1956-04-26 00:00:00,1956-05-02 00:00:00,Not stated,1956-04-26,1956-05-02,116.0,122.0,6.0,True,False,False,True,True,40.8217,140.7683,-2.5413793103448277,1.1806451612903226,-0.6803670745272525,JMA daily observed
Akita,True,1956,1956-04-21 00:00:00,1956-04-26 00:00:00,Not stated,1956-04-21,1956-04-26,111.0,116.0,5.0,True,False,False,True,True,39.7167,140.0983,-1.2,3.045161290322581,0.9225806451612905,JMA daily observed
Yamagata,True,1956,1956-04-18 00:00:00,1956-04-21 00:00:00,Not stated,1956-04-18,1956-04-21,108.0,111.0,3.0,True,False,False,True,True,38.255,140.345,-1.6758620689655173,2.870967741935484,0.5975528364849834,JMA daily observed
Nagano,True,1956,1956-04-14 00:00:00,1956-04-17 00:00:00,Not stated,1956-04-14,1956-04-17,104.0,107.0,3.0,True,False,False,True,True,36.6617,138.1917,-2.0586206896551724,4.312903225806451,1.1271412680756394,JMA daily observed
Fukui,True,1956,1956-04-09 00:00:00,1956-04-14 00:00:00,Not stated,1956-04-09,1956-04-14,99.0,104.0,5.0,True,False,False,True,True,36.055,136.2217,1.182758620689655,6.567741935483871,3.875250278086763,JMA daily observed
Shizuoka,True,1956,1956-03-28 00:00:00,1956-04-03 00:00:00,Not stated,1956-03-28,1956-04-03,87.0,93.0,6.0,True,False,False,True,True,34.975,138.4033,5.672413793103448,10.170967741935485,7.9216907675194665,JMA daily observed
Matsue,True,1956,1956-04-05 00:00:00,1956-04-09 00:00:00,Not stated,1956-04-05,1956-04-09,95.0,99.0,4.0,True,False,False,True,True,35.4567,133.065,2.9310344827586206,7.383870967741935,5.157452725250278,JMA daily observed
Kyoto,True,1956,1956-04-01 00:00:00,1956-04-10 00:00:00,Not stated,1956-04-01,1956-04-10,91.0,100.0,9.0,True,False,False,True,True,35.0117,135.735,3.3758620689655174,8.280645161290321,5.828253615127919,JMA daily observed
Kobe,True,1956,1956-03-30 00:00:00,1956-04-07 00:00:00,Not stated,1956-03-30,1956-04-07,89.0,97.0,8.0,True,False,False,True,True,34.6967,135.2117,4.082758620689655,8.696774193548388,6.389766407119021,JMA daily observed
Nara,True,1956,1956-04-02 00:00:00,1956-04-07 00:00:00,Not stated,1956-04-02,1956-04-07,92.0,97.0,5.0,True,False,False,True,True,34.6733,135.8317,3.0448275862068965,7.445161290322581,5.244994438264738,JMA daily observed
Kochi,True,1956,1956-03-24 00:00:00,1956-03-31 00:00:00,Not stated,1956-03-24,1956-03-31,83.0,90.0,7.0,True,False,False,True,True,33.5667,133.5483,5.431034482758621,11.100000000000001,8.26551724137931,JMA daily observed
Fukuoka,True,1956,1956-04-02 00:00:00,1956-04-09 00:00:00,Not stated,1956-04-02,1956-04-09,92.0,99.0,7.0,True,False,False,True,True,33.5817,130.3767,4.8,9.358064516129033,7.079032258064517,JMA daily observed
Oita,True,1956,1956-03-31 00:00:00,1956-04-09 00:00:00,Not stated,1956-03-31,1956-04-09,90.0,99.0,9.0,True,False,False,True,True,33.235,131.6183,4.875862068965517,8.932258064516128,6.904060066740823,JMA daily observed
Kagoshima,True,1956,1956-03-27 00:00:00,1956-04-02 00:00:00,Not stated,1956-03-27,1956-04-02,86.0,92.0,6.0,True,False,False,True,True,31.555,130.5467,6.324137931034483,11.870967741935484,9.097552836484983,JMA daily observed
Wakkanai,True,1957,1957-05-18 00:00:00,1957-05-22 00:00:00,Sargent cherry (Prunus sargentii),1957-05-18,1957-05-22,138.0,142.0,4.0,False,False,False,True,True,45.415,141.6783,-5.5249999999999995,-2.9419354838709677,-4.233467741935484,JMA daily observed
Asahikawa,True,1957,1957-05-09 00:00:00,1957-05-14 00:00:00,Sargent cherry (Prunus sargentii),1957-05-09,1957-05-14,129.0,134.0,5.0,False,False,False,True,True,43.7567,142.3717,-8.767857142857142,-4.741935483870968,-6.754896313364055,JMA daily observed
Urakawa,False,1957,1957-05-14 00:00:00,1957-05-18 00:00:00,Sargent cherry (Prunus sargentii),1957-05-14,1957-05-18,134.0,138.0,4.0,False,False,False,True,True,42.1617,142.7767,-3.7285714285714286,-1.0774193548387097,-2.402995391705069,JMA daily observed
Aomori,True,1957,1957-05-01 00:00:00,1957-05-07 00:00:00,Not stated,1957-05-01,1957-05-07,121.0,127.0,6.0,True,False,False,True,True,40.8217,140.7683,-3.1714285714285713,-0.2129032258064516,-1.6921658986175114,JMA daily observed
Akita,True,1957,1957-04-24 00:00:00,1957-04-29 00:00:00,Not stated,1957-04-24,1957-04-29,114.0,119.0,5.0,True,False,False,True,True,39.7167,140.0983,-1.1035714285714286,1.2483870967741935,0.0724078341013824,JMA daily observed
Yamagata,True,1957,1957-04-20 00:00:00,1957-04-27 00:00:00,Not stated,1957-04-20,1957-04-27,110.0,117.0,7.0,True,False,False,True,True,38.255,140.345,-1.3357142857142856,0.9903225806451613,-0.17269585253456216,JMA daily observed
Nagano,True,1957,1957-04-17 00:00:00,1957-04-23 00:00:00,Not stated,1957-04-17,1957-04-23,107.0,113.0,6.0,True,False,False,True,True,36.6617,138.1917,-0.4857142857142857,0.8580645161290323,0.18617511520737332,JMA daily observed
Fukui,True,1957,1957-04-11 00:00:00,1957-04-17 00:00:00,Not stated,1957-04-11,1957-04-17,101.0,107.0,6.0,True,False,False,True,True,36.055,136.2217,1.9392857142857143,3.92258064516129,2.9309331797235023,JMA daily observed
Shizuoka,True,1957,1957-04-01 00:00:00,1957-04-07 00:00:00,Not stated,1957-04-01,1957-04-07,91.0,97.0,6.0,True,False,False,True,True,34.975,138.4033,5.589285714285714,8.312903225806451,6.951094470046083,JMA daily observed
Matsue,True,1957,1957-04-10 00:00:00,1957-04-15 00:00:00,Not stated,1957-04-10,1957-04-15,100.0,105.0,5.0,True,False,False,True,True,35.4567,133.065,3.192857142857143,5.199999999999999,4.196428571428571,JMA daily observed
Kyoto,True,1957,1957-04-07 00:00:00,1957-04-12 00:00:00,Not stated,1957-04-07,1957-04-12,97.0,102.0,5.0,True,False,False,True,True,35.0117,135.735,3.560714285714286,5.193548387096774,4.3771313364055295,JMA daily observed
Kobe,True,1957,1957-04-08 00:00:00,1957-04-11 00:00:00,Not stated,1957-04-08,1957-04-11,98.0,101.0,3.0,True,False,False,True,True,34.6967,135.2117,4.228571428571429,6.025806451612904,5.127188940092166,JMA daily observed
Osaka,True,1957,1957-04-07 00:00:00,1957-04-10 00:00:00,Not stated,1957-04-07,1957-04-10,97.0,100.0,3.0,True,False,False,True,True,34.6817,135.5183,4.453571428571428,6.129032258064516,5.291301843317973,JMA daily observed
Nara,True,1957,1957-04-07 00:00:00,1957-04-13 00:00:00,Not stated,1957-04-07,1957-04-13,97.0,103.0,6.0,True,False,False,True,True,34.6733,135.8317,2.992857142857143,4.635483870967741,3.814170506912442,JMA daily observed
Kochi,True,1957,1957-04-02 00:00:00,1957-04-07 00:00:00,Not stated,1957-04-02,1957-04-07,92.0,97.0,5.0,True,False,False,True,True,33.5667,133.5483,5.817857142857143,8.432258064516128,7.125057603686636,JMA daily observed
Fukuoka,True,1957,1957-04-01 00:00:00,1957-04-08 00:00:00,Not stated,1957-04-01,1957-04-08,91.0,98.0,7.0,True,False,False,True,True,33.5817,130.3767,4.882142857142857,7.874193548387097,6.378168202764977,JMA daily observed
Oita,True,1957,1957-04-06 00:00:00,1957-04-09 00:00:00,Not stated,1957-04-06,1957-04-09,96.0,99.0,3.0,True,False,False,True,True,33.235,131.6183,4.464285714285714,7.141935483870968,5.803110599078341,JMA daily observed
Kagoshima,True,1957,1957-04-01 00:00:00,1957-04-07 00:00:00,Not stated,1957-04-01,1957-04-07,91.0,97.0,6.0,True,False,False,True,True,31.555,130.5467,6.985714285714286,9.438709677419356,8.21221198156682,JMA daily observed
Wakkanai,True,1958,1958-05-23 00:00:00,1958-05-25 00:00:00,Sargent cherry (Prunus sargentii),1958-05-23,1958-05-25,143.0,145.0,2.0,False,False,False,True,True,45.415,141.6783,-4.860714285714286,-2.267741935483871,-3.5642281105990783,JMA daily observed
Asahikawa,True,1958,1958-05-10 00:00:00,1958-05-15 00:00:00,Sargent cherry (Prunus sargentii),1958-05-10,1958-05-15,130.0,135.0,5.0,False,False,False,True,True,43.7567,142.3717,-6.535714285714286,-2.8548387096774195,-4.695276497695852,JMA daily observed
Iwamizawa,False,1958,1958-05-10 00:00:00,1958-05-14 00:00:00,Sargent cherry (Prunus sargentii),1958-05-10,1958-05-14,130.0,134.0,4.0,False,False,False,True,True,43.2117,141.785,-3.942857142857143,-1.7193548387096773,-2.83110599078341,JMA daily observed
Urakawa,False,1958,1958-05-12 00:00:00,1958-05-16 00:00:00,Sargent cherry (Prunus sargentii),1958-05-12,1958-05-16,132.0,136.0,4.0,False,False,False,True,True,42.1617,142.7767,-1.8,-0.2032258064516129,-1.0016129032258065,JMA daily observed
Aomori,True,1958,1958-04-29 00:00:00,1958-05-04 00:00:00,Not stated,1958-04-29,1958-05-04,119.0,124.0,5.0,True,False,False,True,True,40.8217,140.7683,-0.30357142857142855,0.9290322580645162,0.31273041474654384,JMA daily observed
Akita,True,1958,1958-04-22 00:00:00,1958-04-29 00:00:00,Not stated,1958-04-22,1958-04-29,112.0,119.0,7.0,True,False,False,True,True,39.7167,140.0983,1.1857142857142857,2.725806451612903,1.9557603686635945,JMA daily observed
Yamagata,True,1958,1958-04-17 00:00:00,1958-04-23 00:00:00,Not stated,1958-04-17,1958-04-23,107.0,113.0,6.0,True,False,False,True,True,38.255,140.345,0.75,2.929032258064516,1.839516129032258,JMA daily observed
Nagano,True,1958,1958-04-09 00:00:00,1958-04-19 00:00:00,Not stated,1958-04-09,1958-04-19,99.0,109.0,10.0,True,False,False,True,True,36.6617,138.1917,0.65,3.338709677419355,1.9943548387096774,JMA daily observed
Fukui,True,1958,1958-04-03 00:00:00,1958-04-07 00:00:00,Not stated,1958-04-03,1958-04-07,93.0,97.0,4.0,True,False,False,True,True,36.055,136.2217,3.917857142857143,6.461290322580646,5.189573732718895,JMA daily observed
Shizuoka,True,1958,1958-03-25 00:00:00,1958-04-04 00:00:00,Not stated,1958-03-25,1958-04-04,84.0,94.0,10.0,True,False,False,True,True,34.975,138.4033,7.503703703703703,9.790322580645162,8.647013142174433,JMA daily observed
Matsue,True,1958,1958-04-05 00:00:00,1958-04-08 00:00:00,Not stated,1958-04-05,1958-04-08,95.0,98.0,3.0,True,False,False,True,True,35.4567,133.065,4.778571428571429,7.712903225806452,6.245737327188941,JMA daily observed
Kyoto,True,1958,1958-04-02 00:00:00,1958-04-08 00:00:00,Not stated,1958-04-02,1958-04-08,92.0,98.0,6.0,True,False,False,True,True,35.0117,135.735,5.289285714285714,7.535483870967742,6.412384792626728,JMA daily observed
Kobe,True,1958,1958-04-02 00:00:00,1958-04-07 00:00:00,Not stated,1958-04-02,1958-04-07,92.0,97.0,5.0,True,False,False,True,True,34.6967,135.2117,6.060714285714285,8.438709677419356,7.24971198156682,JMA daily observed
Nara,True,1958,1958-04-02 00:00:00,1958-04-08 00:00:00,Not stated,1958-04-02,1958-04-08,92.0,98.0,6.0,True,False,False,True,True,34.6733,135.8317,4.664285714285714,6.980645161290322,5.8224654377880185,JMA daily observed
Fukuoka,True,1958,1958-03-25 00:00:00,1958-04-05 00:00:00,Not stated,1958-03-25,1958-04-05,84.0,95.0,11.0,True,False,False,True,True,33.5817,130.3767,7.239285714285714,9.593548387096773,8.416417050691244,JMA daily observed
Oita,True,1958,1958-03-27 00:00:00,1958-04-07 00:00:00,Not stated,1958-03-27,1958-04-07,86.0,97.0,11.0,True,False,False,True,True,33.235,131.6183,6.382142857142857,8.745161290322581,7.563652073732719,JMA daily observed
Kagoshima,True,1958,1958-03-26 00:00:00,1958-04-03 00:00:00,Not stated,1958-03-26,1958-04-03,85.0,93.0,8.0,True,False,False,True,True,31.555,130.5467,8.532142857142857,11.361290322580645,9.946716589861751,JMA daily observed
Wakkanai,True,1959,1959-05-03 00:00:00,1959-05-12 00:00:00,Sargent cherry (Prunus sargentii),1959-05-03,1959-05-12,123.0,132.0,9.0,False,False,False,True,True,45.415,141.6783,-2.7785714285714285,0.8064516129032258,-0.9860599078341014,JMA daily observed
Asahikawa,True,1959,1959-05-08 00:00:00,1959-05-13 00:00:00,Sargent cherry (Prunus sargentii),1959-05-08,1959-05-13,128.0,133.0,5.0,False,False,False,True,True,43.7567,142.3717,-5.510714285714286,-0.26129032258064516,-2.886002304147466,JMA daily observed
Urakawa,False,1959,1959-05-02 00:00:00,1959-05-05 00:00:00,Sargent cherry (Prunus sargentii),1959-05-02,1959-05-05,122.0,125.0,3.0,False,False,False,True,True,42.1617,142.7767,-1.2249999999999999,1.2451612903225806,0.01008064516129037,JMA daily observed
Aomori,True,1959,1959-04-19 00:00:00,1959-04-25 00:00:00,Not stated,1959-04-19,1959-04-25,109.0,115.0,6.0,True,False,False,True,True,40.8217,140.7683,0.2571428571428572,3.4612903225806453,1.8592165898617512,JMA daily observed
Akita,True,1959,1959-04-09 00:00:00,1959-04-17 00:00:00,Not stated,1959-04-09,1959-04-17,99.0,107.0,8.0,True,False,False,True,True,39.7167,140.0983,2.142857142857143,4.887096774193548,3.514976958525345,JMA daily observed
Yamagata,True,1959,1959-04-09 00:00:00,1959-04-16 00:00:00,Not stated,1959-04-09,1959-04-16,99.0,106.0,7.0,True,False,False,True,True,38.255,140.345,1.9714285714285715,4.548387096774194,3.2599078341013827,JMA daily observed
Nagano,True,1959,1959-04-05 00:00:00,1959-04-12 00:00:00,Not stated,1959-04-05,1959-04-12,95.0,102.0,7.0,True,False,False,True,True,36.6617,138.1917,2.832142857142857,5.122580645161291,3.977361751152074,JMA daily observed
Fukui,True,1959,1959-03-30 00:00:00,1959-04-04 00:00:00,Not stated,1959-03-30,1959-04-04,89.0,94.0,5.0,True,False,False,True,True,36.055,136.2217,5.153571428571429,7.648387096774194,6.400979262672811,JMA daily observed
Shizuoka,True,1959,1959-03-20 00:00:00,1959-03-29 00:00:00,Not stated,1959-03-20,1959-03-29,79.0,88.0,9.0,True,False,False,True,True,34.975,138.4033,9.182142857142859,10.712903225806452,9.947523041474655,JMA daily observed
Kyoto,True,1959,1959-03-23 00:00:00,1959-04-02 00:00:00,Not stated,1959-03-23,1959-04-02,82.0,92.0,10.0,True,False,False,True,True,35.0117,135.735,7.496428571428572,8.97741935483871,8.236923963133641,JMA daily observed
Kobe,True,1959,1959-03-27 00:00:00,1959-03-31 00:00:00,Not stated,1959-03-27,1959-03-31,86.0,90.0,4.0,True,False,False,True,True,34.6967,135.2117,8.285714285714286,9.53225806451613,8.908986175115208,JMA daily observed
Osaka,True,1959,1959-03-25 00:00:00,1959-04-03 00:00:00,Not stated,1959-03-25,1959-04-03,84.0,93.0,9.0,True,False,False,True,True,34.6817,135.5183,8.182142857142857,9.738709677419354,8.960426267281106,JMA daily observed
Nara,True,1959,1959-03-24 00:00:00,1959-03-29 00:00:00,Not stated,1959-03-24,1959-03-29,83.0,88.0,5.0,True,False,False,True,True,34.6733,135.8317,6.678571428571429,8.216129032258063,7.447350230414746,JMA daily observed
Kochi,True,1959,1959-03-21 00:00:00,1959-04-01 00:00:00,Not stated,1959-03-21,1959-04-01,80.0,91.0,11.0,True,False,False,True,True,33.5667,133.5483,10.24642857142857,11.52258064516129,10.884504608294929,JMA daily observed
Fukuoka,True,1959,1959-03-25 00:00:00,1959-04-01 00:00:00,Not stated,1959-03-25,1959-04-01,84.0,91.0,7.0,True,False,False,True,True,33.5817,130.3767,9.407142857142857,10.67741935483871,10.042281105990783,JMA daily observed
Oita,True,1959,1959-03-28 00:00:00,1959-04-02 00:00:00,Not stated,1959-03-28,1959-04-02,87.0,92.0,5.0,True,False,False,True,True,33.235,131.6183,8.989285714285714,9.958064516129031,9.473675115207373,JMA daily observed
Kagoshima,True,1959,1959-03-23 00:00:00,1959-03-30 00:00:00,Not stated,1959-03-23,1959-03-30,82.0,89.0,7.0,True,False,False,True,True,31.555,130.5467,11.989285714285714,12.380645161290323,12.18496543778802,JMA daily observed
Wakkanai,True,1960,1960-05-19 00:00:00,1960-05-24 00:00:00,Sargent cherry (Prunus sargentii),1960-05-19,1960-05-24,139.0,144.0,5.0,False,False,False,True,True,45.415,141.6783,-5.151724137931034,-1.364516129032258,-3.258120133481646,JMA daily observed
Asahikawa,True,1960,1960-05-13 00:00:00,1960-05-16 00:00:00,Sargent cherry (Prunus sargentii),1960-05-13,1960-05-16,133.0,136.0,3.0,False,False,False,True,True,43.7567,142.3717,-5.724137931034483,-3.1516129032258067,-4.437875417130145,JMA daily observed
Iwamizawa,False,1960,1960-05-11 00:00:00,1960-05-15 00:00:00,Sargent cherry (Prunus sargentii),1960-05-11,1960-05-15,131.0,135.0,4.0,False,False,False,True,True,43.2117,141.785,-4.386206896551724,-1.8064516129032258,-3.096329254727475,JMA daily observed
Urakawa,False,1960,1960-05-13 00:00:00,1960-05-18 00:00:00,Sargent cherry (Prunus sargentii),1960-05-13,1960-05-18,133.0,138.0,5.0,False,False,False,True,True,42.1617,142.7767,-2.1758620689655173,-0.26774193548387093,-1.221802002224694,JMA daily observed
Aomori,True,1960,1960-04-27 00:00:00,1960-05-01 00:00:00,Not stated,1960-04-27,1960-05-01,117.0,121.0,4.0,True,False,False,True,True,40.8217,140.7683,-0.303448275862069,1.538709677419355,0.617630700778643,JMA daily observed
Akita,True,1960,1960-04-21 00:00:00,1960-04-27 00:00:00,Not stated,1960-04-21,1960-04-27,111.0,117.0,6.0,True,False,False,True,True,39.7167,140.0983,1.0586206896551724,3.364516129032258,2.211568409343715,JMA daily observed
Yamagata,True,1960,1960-04-17 00:00:00,1960-04-24 00:00:00,Not stated,1960-04-17,1960-04-24,107.0,114.0,7.0,True,False,False,True,True,38.255,140.345,1.1448275862068966,3.4838709677419355,2.314349276974416,JMA daily observed
Nagano,True,1960,1960-04-13 00:00:00,1960-04-23 00:00:00,Not stated,1960-04-13,1960-04-23,103.0,113.0,10.0,True,False,False,True,True,36.6617,138.1917,0.5586206896551724,4.419354838709677,2.4889877641824247,JMA daily observed
Fukui,True,1960,1960-04-01 00:00:00,1960-04-05 00:00:00,Not stated,1960-04-01,1960-04-05,91.0,95.0,4.0,True,False,False,True,True,36.055,136.2217,4.410344827586207,7.606451612903226,6.008398220244716,JMA daily observed
Shizuoka,True,1960,1960-03-24 00:00:00,1960-04-05 00:00:00,Not stated,1960-03-24,1960-04-05,83.0,95.0,12.0,True,False,False,True,True,34.975,138.4033,7.968965517241379,10.82258064516129,9.395773081201334,JMA daily observed
Kyoto,True,1960,1960-03-29 00:00:00,1960-04-05 00:00:00,Not stated,1960-03-29,1960-04-05,88.0,95.0,7.0,True,False,False,True,True,35.0117,135.735,5.437931034482758,8.887096774193548,7.162513904338153,JMA daily observed
Kobe,True,1960,1960-03-28 00:00:00,1960-04-07 00:00:00,Not stated,1960-03-28,1960-04-07,87.0,97.0,10.0,True,False,False,True,True,34.6967,135.2117,7.0103448275862075,9.619354838709677,8.314849833147942,JMA daily observed
Osaka,True,1960,1960-03-28 00:00:00,1960-04-09 00:00:00,Not stated,1960-03-28,1960-04-09,87.0,99.0,12.0,True,False,False,True,True,34.6817,135.5183,6.758620689655173,9.716129032258063,8.237374860956617,JMA daily observed
Nara,True,1960,1960-03-29 00:00:00,1960-04-04 00:00:00,Not stated,1960-03-29,1960-04-04,88.0,94.0,6.0,True,False,False,True,True,34.6733,135.8317,5.096551724137932,7.948387096774193,6.522469410456063,JMA daily observed
Kochi,True,1960,1960-03-23 00:00:00,1960-04-03 00:00:00,Not stated,1960-03-23,1960-04-03,82.0,93.0,11.0,True,False,False,True,True,33.5667,133.5483,7.76551724137931,11.635483870967741,9.700500556173527,JMA daily observed
Fukuoka,True,1960,1960-03-24 00:00:00,1960-03-31 00:00:00,Not stated,1960-03-24,1960-03-31,83.0,90.0,7.0,True,False,False,True,True,33.5817,130.3767,7.8310344827586205,10.658064516129032,9.244549499443826,JMA daily observed
Oita,True,1960,1960-03-29 00:00:00,1960-04-05 00:00:00,Not stated,1960-03-29,1960-04-05,88.0,95.0,7.0,True,False,False,True,True,33.235,131.6183,7.255172413793104,9.85483870967742,8.555005561735262,JMA daily observed
Kagoshima,True,1960,1960-03-26 00:00:00,1960-04-03 00:00:00,Not stated,1960-03-26,1960-04-03,85.0,93.0,8.0,True,False,False,True,True,31.555,130.5467,8.83448275862069,13.687096774193549,11.260789766407118,JMA daily observed
Wakkanai,True,1961,1961-05-11 00:00:00,1961-05-18 00:00:00,Sargent cherry (Prunus sargentii),1961-05-11,1961-05-18,131.0,138.0,7.0,False,False,False,True,True,45.415,141.6783,-5.267857142857143,-1.429032258064516,-3.3484447004608295,JMA daily observed
Asahikawa,True,1961,1961-05-08 00:00:00,1961-05-12 00:00:00,Sargent cherry (Prunus sargentii),1961-05-08,1961-05-12,128.0,132.0,4.0,False,False,False,True,True,43.7567,142.3717,-7.610714285714286,-2.4000000000000004,-5.005357142857143,JMA daily observed
Iwamizawa,False,1961,1961-05-04 00:00:00,1961-05-07 00:00:00,Sargent cherry (Prunus sargentii),1961-05-04,1961-05-07,124.0,127.0,3.0,False,False,False,True,True,43.2117,141.785,-5.6499999999999995,-1.4483870967741934,-3.5491935483870964,JMA daily observed
Urakawa,False,1961,1961-05-04 00:00:00,1961-05-09 00:00:00,Sargent cherry (Prunus sargentii),1961-05-04,1961-05-09,124.0,129.0,5.0,False,False,False,True,True,42.1617,142.7767,-2.882142857142857,-0.0935483870967742,-1.4878456221198157,JMA daily observed
Aomori,True,1961,1961-04-24 00:00:00,1961-04-29 00:00:00,Not stated,1961-04-24,1961-04-29,114.0,119.0,5.0,True,False,False,True,True,40.8217,140.7683,-1.7142857142857142,1.5451612903225806,-0.08456221198156677,JMA daily observed
Akita,True,1961,1961-04-19 00:00:00,1961-04-23 00:00:00,Not stated,1961-04-19,1961-04-23,109.0,113.0,4.0,True,False,False,True,True,39.7167,140.0983,-0.6571428571428571,2.448387096774194,0.8956221198156684,JMA daily observed
Yamagata,True,1961,1961-04-17 00:00:00,1961-04-21 00:00:00,Not stated,1961-04-17,1961-04-21,107.0,111.0,4.0,True,False,False,True,True,38.255,140.345,-1.217857142857143,2.545161290322581,0.663652073732719,JMA daily observed
Nagano,True,1961,1961-04-14 00:00:00,1961-04-20 00:00:00,Not stated,1961-04-14,1961-04-20,104.0,110.0,6.0,True,False,False,True,True,36.6617,138.1917,-1.4035714285714285,3.161290322580645,0.8788594470046083,JMA daily observed
Fukui,True,1961,1961-04-05 00:00:00,1961-04-10 00:00:00,Not stated,1961-04-05,1961-04-10,95.0,100.0,5.0,True,False,False,True,True,36.055,136.2217,1.1607142857142858,6.158064516129032,3.659389400921659,JMA daily observed
Shizuoka,True,1961,1961-03-31 00:00:00,1961-04-06 00:00:00,Not stated,1961-03-31,1961-04-06,90.0,96.0,6.0,True,False,False,True,True,34.975,138.4033,5.653571428571429,9.516129032258064,7.584850230414746,JMA daily observed
Kyoto,True,1961,1961-03-31 00:00:00,1961-04-06 00:00:00,Not stated,1961-03-31,1961-04-06,90.0,96.0,6.0,True,False,False,True,True,35.0117,135.735,3.3214285714285716,8.038709677419355,5.680069124423963,JMA daily observed
Kobe,True,1961,1961-04-01 00:00:00,1961-04-05 00:00:00,Not stated,1961-04-01,1961-04-05,91.0,95.0,4.0,True,False,False,True,True,34.6967,135.2117,4.014285714285714,8.922580645161291,6.468433179723503,JMA daily observed
Nara,True,1961,1961-04-02 00:00:00,1961-04-07 00:00:00,Not stated,1961-04-02,1961-04-07,92.0,97.0,5.0,True,False,False,True,True,34.6733,135.8317,2.8035714285714284,7.145161290322581,4.9743663594470044,JMA daily observed
Kochi,True,1961,1961-03-25 00:00:00,1961-04-02 00:00:00,Not stated,1961-03-25,1961-04-02,84.0,92.0,8.0,True,False,False,True,True,33.5667,133.5483,5.25,11.303225806451612,8.276612903225807,JMA daily observed
Oita,True,1961,1961-03-31 00:00:00,1961-04-06 00:00:00,Not stated,1961-03-31,1961-04-06,90.0,96.0,6.0,True,False,False,True,True,33.235,131.6183,5.189285714285715,9.425806451612903,7.307546082949309,JMA daily observed
Kagoshima,True,1961,1961-03-28 00:00:00,1961-04-03 00:00:00,Not stated,1961-03-28,1961-04-03,87.0,93.0,6.0,True,False,False,True,True,31.555,130.5467,6.871428571428572,12.106451612903227,9.4889400921659,JMA daily observed
Wakkanai,True,1962,1962-05-10 00:00:00,1962-05-17 00:00:00,Sargent cherry (Prunus sargentii),1962-05-10,1962-05-17,130.0,137.0,7.0,False,False,False,True,True,45.415,141.6783,-5.403571428571429,-2.509677419354839,-3.956624423963134,JMA daily observed
Asahikawa,True,1962,1962-05-08 00:00:00,1962-05-11 00:00:00,Sargent cherry (Prunus sargentii),1962-05-08,1962-05-11,128.0,131.0,3.0,False,False,False,True,True,43.7567,142.3717,-8.10357142857143,-3.1096774193548384,-5.606624423963134,JMA daily observed
Iwamizawa,False,1962,1962-05-03 00:00:00,1962-05-05 00:00:00,Sargent cherry (Prunus sargentii),1962-05-03,1962-05-05,123.0,125.0,2.0,False,False,False,True,True,43.2117,141.785,-5.828571428571429,-2.206451612903226,-4.017511520737328,JMA daily observed
Urakawa,False,1962,1962-05-03 00:00:00,1962-05-08 00:00:00,Sargent cherry (Prunus sargentii),1962-05-03,1962-05-08,123.0,128.0,5.0,False,False,False,True,True,42.1617,142.7767,-2.857142857142857,-0.267741935483871,-1.562442396313364,JMA daily observed
Aomori,True,1962,1962-04-25 00:00:00,1962-04-30 00:00:00,Not stated,1962-04-25,1962-04-30,115.0,120.0,5.0,True,False,False,True,True,40.8217,140.7683,-1.207142857142857,0.7903225806451613,-0.2084101382488479,JMA daily observed
Akita,True,1962,1962-04-20 00:00:00,1962-04-24 00:00:00,Not stated,1962-04-20,1962-04-24,110.0,114.0,4.0,True,False,False,True,True,39.7167,140.0983,-0.08928571428571429,2.1741935483870964,1.042453917050691,JMA daily observed
Yamagata,True,1962,1962-04-16 00:00:00,1962-04-22 00:00:00,Not stated,1962-04-16,1962-04-22,106.0,112.0,6.0,True,False,False,True,True,38.255,140.345,0.03214285714285712,2.570967741935484,1.3015552995391706,JMA daily observed
Nagano,True,1962,1962-04-15 00:00:00,1962-04-22 00:00:00,Not stated,1962-04-15,1962-04-22,105.0,112.0,7.0,True,False,False,True,True,36.6617,138.1917,-0.5785714285714285,2.9645161290322584,1.192972350230415,JMA daily observed
Fukui,True,1962,1962-04-08 00:00:00,1962-04-12 00:00:00,Not stated,1962-04-08,1962-04-12,98.0,102.0,4.0,True,False,False,True,True,36.055,136.2217,2.7642857142857147,5.919354838709677,4.341820276497696,JMA daily observed
Shizuoka,True,1962,1962-04-02 00:00:00,1962-04-09 00:00:00,Not stated,1962-04-02,1962-04-09,92.0,99.0,7.0,True,False,False,True,True,34.975,138.4033,6.825,9.329032258064515,8.077016129032257,JMA daily observed
Kyoto,True,1962,1962-04-02 00:00:00,1962-04-07 00:00:00,Not stated,1962-04-02,1962-04-07,92.0,97.0,5.0,True,False,False,True,True,35.0117,135.735,4.789285714285714,7.329032258064516,6.059158986175115,JMA daily observed
Kobe,True,1962,1962-04-02 00:00:00,1962-04-10 00:00:00,Not stated,1962-04-02,1962-04-10,92.0,100.0,8.0,True,False,False,True,True,34.6967,135.2117,5.764285714285714,8.22258064516129,6.993433179723502,JMA daily observed
Osaka,True,1962,1962-04-04 00:00:00,1962-04-09 00:00:00,Not stated,1962-04-04,1962-04-09,94.0,99.0,5.0,True,False,False,True,True,34.6817,135.5183,6.039285714285714,8.27741935483871,7.158352534562212,JMA daily observed
Nara,True,1962,1962-04-02 00:00:00,1962-04-09 00:00:00,Not stated,1962-04-02,1962-04-09,92.0,99.0,7.0,True,False,False,True,True,34.6733,135.8317,4.325,6.764516129032257,5.544758064516129,JMA daily observed
Kochi,True,1962,1962-03-30 00:00:00,1962-04-07 00:00:00,Not stated,1962-03-30,1962-04-07,89.0,97.0,8.0,True,False,False,True,True,33.5667,133.5483,6.707142857142857,9.325806451612904,8.01647465437788,JMA daily observed
Fukuoka,True,1962,1962-04-06 00:00:00,1962-04-08 00:00:00,Not stated,1962-04-06,1962-04-08,96.0,98.0,2.0,True,False,False,True,True,33.5817,130.3767,6.7250000000000005,8.996774193548386,7.860887096774194,JMA daily observed
Oita,True,1962,1962-04-01 00:00:00,1962-04-11 00:00:00,Not stated,1962-04-01,1962-04-11,91.0,101.0,10.0,True,False,False,True,True,33.235,131.6183,6.421428571428572,8.667741935483871,7.544585253456221,JMA daily observed
Kagoshima,True,1962,1962-04-02 00:00:00,1962-04-08 00:00:00,Not stated,1962-04-02,1962-04-08,92.0,98.0,6.0,True,False,False,True,True,31.555,130.5467,7.764285714285714,10.083870967741936,8.924078341013825,JMA daily observed
Wakkanai,True,1963,1963-05-12 00:00:00,1963-05-15 00:00:00,Sargent cherry (Prunus sargentii),1963-05-12,1963-05-15,132.0,135.0,3.0,False,False,False,True,True,45.415,141.6783,-3.689285714285714,0.06451612903225802,-1.812384792626728,JMA daily observed
Asahikawa,True,1963,1963-05-10 00:00:00,1963-05-13 00:00:00,Sargent cherry (Prunus sargentii),1963-05-10,1963-05-13,130.0,133.0,3.0,False,False,False,True,True,43.7567,142.3717,-5.953571428571428,-0.7580645161290323,-3.35581797235023,JMA daily observed
Iwamizawa,False,1963,1963-05-08 00:00:00,1963-05-12 00:00:00,Sargent cherry (Prunus sargentii),1963-05-08,1963-05-12,128.0,132.0,4.0,False,False,False,True,True,43.2117,141.785,-4.196428571428571,0.24838709677419346,-1.974020737327189,JMA daily observed
Urakawa,False,1963,1963-05-10 00:00:00,1963-05-15 00:00:00,Sargent cherry (Prunus sargentii),1963-05-10,1963-05-15,130.0,135.0,5.0,False,False,False,True,True,42.1617,142.7767,-1.5035714285714286,0.932258064516129,-0.28565668202764977,JMA daily observed
Aomori,True,1963,1963-04-21 00:00:00,1963-04-26 00:00:00,Not stated,1963-04-21,1963-04-26,111.0,116.0,5.0,True,False,False,True,True,40.8217,140.7683,-1.1642857142857144,2.161290322580645,0.4985023041474653,JMA daily observed
Akita,True,1963,1963-04-17 00:00:00,1963-04-21 00:00:00,Not stated,1963-04-17,1963-04-21,107.0,111.0,4.0,True,False,False,True,True,39.7167,140.0983,-0.00714285714285715,2.8483870967741933,1.420622119815668,JMA daily observed
Yamagata,True,1963,1963-04-15 00:00:00,1963-04-17 00:00:00,Not stated,1963-04-15,1963-04-17,105.0,107.0,2.0,True,False,False,True,True,38.255,140.345,-0.4892857142857143,2.5806451612903225,1.045679723502304,JMA daily observed
Nagano,True,1963,1963-04-15 00:00:00,1963-04-18 00:00:00,Not stated,1963-04-15,1963-04-18,105.0,108.0,3.0,True,False,False,True,True,36.6617,138.1917,-2.542857142857143,2.8,0.12857142857142834,JMA daily observed
Fukui,True,1963,1963-04-09 00:00:00,1963-04-12 00:00:00,Not stated,1963-04-09,1963-04-12,99.0,102.0,3.0,True,False,False,True,True,36.055,136.2217,0.975,4.403225806451613,2.6891129032258063,JMA daily observed
Shizuoka,True,1963,1963-03-30 00:00:00,1963-04-06 00:00:00,Not stated,1963-03-30,1963-04-06,89.0,96.0,7.0,True,False,False,True,True,34.975,138.4033,4.7821428571428575,8.625806451612902,6.70397465437788,JMA daily observed
Kyoto,True,1963,1963-04-04 00:00:00,1963-04-09 00:00:00,Not stated,1963-04-04,1963-04-09,94.0,99.0,5.0,True,False,False,True,True,35.0117,135.735,2.3285714285714287,7.032258064516129,4.680414746543779,JMA daily observed
Kobe,True,1963,1963-04-04 00:00:00,1963-04-14 00:00:00,Not stated,1963-04-04,1963-04-14,94.0,104.0,10.0,True,False,False,True,True,34.6967,135.2117,3.0,7.629032258064516,5.314516129032258,JMA daily observed
Nara,True,1963,1963-04-04 00:00:00,1963-04-07 00:00:00,Not stated,1963-04-04,1963-04-07,94.0,97.0,3.0,True,False,False,True,True,34.6733,135.8317,1.7321428571428572,6.148387096774194,3.9402649769585256,JMA daily observed
Kochi,True,1963,1963-03-27 00:00:00,1963-04-03 00:00:00,Not stated,1963-03-27,1963-04-03,86.0,93.0,7.0,True,False,False,True,True,33.5667,133.5483,3.9107142857142856,9.783870967741937,6.847292626728111,JMA daily observed
Fukuoka,True,1963,1963-04-03 00:00:00,1963-04-07 00:00:00,Not stated,1963-04-03,1963-04-07,93.0,97.0,4.0,True,False,False,True,True,33.5817,130.3767,3.507142857142857,8.69032258064516,6.098732718894009,JMA daily observed
Oita,True,1963,1963-04-02 00:00:00,1963-04-09 00:00:00,Not stated,1963-04-02,1963-04-09,92.0,99.0,7.0,True,False,False,True,True,33.235,131.6183,3.417857142857143,8.006451612903225,5.712154377880184,JMA daily observed
Kagoshima,True,1963,1963-04-01 00:00:00,1963-04-06 00:00:00,Not stated,1963-04-01,1963-04-06,91.0,96.0,5.0,True,False,False,True,True,31.555,130.5467,4.914285714285714,10.399999999999999,7.657142857142857,JMA daily observed
Asahikawa,True,1964,1964-05-12 00:00:00,1964-05-16 00:00:00,Sargent cherry (Prunus sargentii),1964-05-12,1964-05-16,132.0,136.0,4.0,False,False,False,True,True,43.7567,142.3717,-10.662068965517241,-2.0161290322580645,-6.3390989988876525,JMA daily observed
Iwamizawa,False,1964,1964-05-07 00:00:00,1964-05-10 00:00:00,Sargent cherry (Prunus sargentii),1964-05-07,1964-05-10,127.0,130.0,3.0,False,False,False,True,True,43.2117,141.785,-8.26896551724138,-1.2645161290322582,-4.76674082313682,JMA daily observed
Urakawa,False,1964,1964-05-11 00:00:00,1964-05-16 00:00:00,Sargent cherry (Prunus sargentii),1964-05-11,1964-05-16,131.0,136.0,5.0,False,False,False,True,True,42.1617,142.7767,-4.182758620689655,0.29354838709677417,-1.9446051167964404,JMA daily observed
Aomori,True,1964,1964-04-29 00:00:00,1964-05-02 00:00:00,Not stated,1964-04-29,1964-05-02,119.0,122.0,3.0,True,False,False,True,True,40.8217,140.7683,-2.810344827586207,1.9806451612903226,-0.4148498331479421,JMA daily observed
Akita,True,1964,1964-04-18 00:00:00,1964-04-23 00:00:00,Not stated,1964-04-18,1964-04-23,108.0,113.0,5.0,True,False,False,True,True,39.7167,140.0983,-0.993103448275862,3.0677419354838706,1.0373192436040042,JMA daily observed
Yamagata,True,1964,1964-04-14 00:00:00,1964-04-17 00:00:00,Not stated,1964-04-14,1964-04-17,104.0,107.0,3.0,True,False,False,True,True,38.255,140.345,-0.8310344827586207,2.9612903225806453,1.0651279199110122,JMA daily observed
Nagano,True,1964,1964-04-13 00:00:00,1964-04-17 00:00:00,Not stated,1964-04-13,1964-04-17,103.0,107.0,4.0,True,False,False,True,True,36.6617,138.1917,-1.5379310344827586,2.545161290322581,0.5036151279199111,JMA daily observed
Fukui,True,1964,1964-04-06 00:00:00,1964-04-12 00:00:00,Not stated,1964-04-06,1964-04-12,96.0,102.0,6.0,True,False,False,True,True,36.055,136.2217,1.9310344827586208,5.638709677419355,3.784872080088988,JMA daily observed
Shizuoka,True,1964,1964-04-01 00:00:00,1964-04-05 00:00:00,Not stated,1964-04-01,1964-04-05,91.0,95.0,4.0,True,False,False,True,True,34.975,138.4033,5.789655172413793,8.661290322580646,7.22547274749722,JMA daily observed
Matsue,True,1964,1964-04-05 00:00:00,1964-04-07 00:00:00,Not stated,1964-04-05,1964-04-07,95.0,97.0,2.0,True,False,False,True,True,35.4567,133.065,2.9068965517241376,6.629032258064516,4.767964404894327,JMA daily observed
Kyoto,True,1964,1964-04-05 00:00:00,1964-04-06 00:00:00,Not stated,1964-04-05,1964-04-06,95.0,96.0,1.0,True,False,False,True,True,35.0117,135.735,3.2413793103448274,6.619354838709677,4.930367074527252,JMA daily observed
Kobe,True,1964,1964-04-04 00:00:00,1964-04-09 00:00:00,Not stated,1964-04-04,1964-04-09,94.0,99.0,5.0,True,False,False,True,True,34.6967,135.2117,3.7103448275862068,7.519354838709678,5.614849833147942,JMA daily observed
Nara,True,1964,1964-04-04 00:00:00,1964-04-07 00:00:00,Not stated,1964-04-04,1964-04-07,94.0,97.0,3.0,True,False,False,True,True,34.6733,135.8317,2.4,5.983870967741935,4.191935483870967,JMA daily observed
Fukuoka,True,1964,1964-04-01 00:00:00,1964-04-04 00:00:00,Not stated,1964-04-01,1964-04-04,91.0,94.0,3.0,True,False,False,True,True,33.5817,130.3767,4.975862068965518,9.451612903225806,7.213737486095662,JMA daily observed
Oita,True,1964,1964-04-01 00:00:00,1964-04-06 00:00:00,Not stated,1964-04-01,1964-04-06,91.0,96.0,5.0,True,False,False,True,True,33.235,131.6183,5.1689655172413795,8.87741935483871,7.023192436040045,JMA daily observed
Kagoshima,True,1964,1964-03-29 00:00:00,1964-04-03 00:00:00,Not stated,1964-03-29,1964-04-03,88.0,93.0,5.0,True,False,False,True,True,31.555,130.5467,7.786206896551724,10.96774193548387,9.376974416017797,JMA daily observed
Wakkanai,True,1965,1965-05-18 00:00:00,1965-05-22 00:00:00,Sargent cherry (Prunus sargentii),1965-05-18,1965-05-22,138.0,142.0,4.0,False,False,False,True,True,45.415,141.6783,-5.735714285714286,-2.8161290322580643,-4.275921658986175,JMA daily observed
Asahikawa,True,1965,1965-05-15 00:00:00,1965-05-19 00:00:00,Sargent cherry (Prunus sargentii),1965-05-15,1965-05-19,135.0,139.0,4.0,False,False,False,True,True,43.7567,142.3717,-7.5321428571428575,-3.551612903225806,-5.541877880184332,JMA daily observed
Iwamizawa,False,1965,1965-05-16 00:00:00,1965-05-20 00:00:00,Sargent cherry (Prunus sargentii),1965-05-16,1965-05-20,136.0,140.0,4.0,False,False,False,True,True,43.2117,141.785,-6.507142857142857,-2.7838709677419353,-4.645506912442396,JMA daily observed
Urakawa,False,1965,1965-05-18 00:00:00,1965-05-23 00:00:00,Sargent cherry (Prunus sargentii),1965-05-18,1965-05-23,138.0,143.0,5.0,False,False,False,True,True,42.1617,142.7767,-3.335714285714286,-1.1,-2.217857142857143,JMA daily observed
Aomori,True,1965,1965-05-03 00:00:00,1965-05-10 00:00:00,Not stated,1965-05-03,1965-05-10,123.0,130.0,7.0,True,False,False,True,True,40.8217,140.7683,-2.9678571428571425,-0.16774193548387098,-1.5677995391705069,JMA daily observed
Akita,True,1965,1965-04-30 00:00:00,1965-05-08 00:00:00,Not stated,1965-04-30,1965-05-08,120.0,128.0,8.0,True,False,False,True,True,39.7167,140.0983,-1.0464285714285715,1.429032258064516,0.1913018433179723,JMA daily observed
Yamagata,True,1965,1965-04-26 00:00:00,1965-05-02 00:00:00,Not stated,1965-04-26,1965-05-02,116.0,122.0,6.0,True,False,False,True,True,38.255,140.345,-0.7107142857142856,1.5290322580645161,0.40915898617511526,JMA daily observed
Nagano,True,1965,1965-04-24 00:00:00,1965-05-03 00:00:00,Not stated,1965-04-24,1965-05-03,114.0,123.0,9.0,True,False,False,True,True,36.6617,138.1917,-0.525,1.5032258064516129,0.4891129032258064,JMA daily observed
Fukui,True,1965,1965-04-16 00:00:00,1965-04-19 00:00:00,Not stated,1965-04-16,1965-04-19,106.0,109.0,3.0,True,False,False,True,True,36.055,136.2217,2.492857142857143,4.674193548387097,3.58352534562212,JMA daily observed
Shizuoka,True,1965,1965-04-01 00:00:00,1965-04-10 00:00:00,Not stated,1965-04-01,1965-04-10,91.0,100.0,9.0,True,False,False,True,True,34.975,138.4033,6.239285714285714,7.893548387096774,7.0664170506912445,JMA daily observed
Matsue,True,1965,1965-04-12 00:00:00,1965-04-18 00:00:00,Not stated,1965-04-12,1965-04-18,102.0,108.0,6.0,True,False,False,True,True,35.4567,133.065,3.8535714285714286,5.070967741935483,4.4622695852534555,JMA daily observed
Kyoto,True,1965,1965-04-09 00:00:00,1965-04-17 00:00:00,Not stated,1965-04-09,1965-04-17,99.0,107.0,8.0,True,False,False,True,True,35.0117,135.735,3.835714285714286,5.496774193548387,4.666244239631337,JMA daily observed
Kobe,True,1965,1965-04-08 00:00:00,1965-04-14 00:00:00,Not stated,1965-04-08,1965-04-14,98.0,104.0,6.0,True,False,False,True,True,34.6967,135.2117,4.87037037037037,6.219354838709678,5.5448626045400236,JMA daily observed
Osaka,True,1965,1965-04-10 00:00:00,1965-04-15 00:00:00,Not stated,1965-04-10,1965-04-15,100.0,105.0,5.0,True,False,False,True,True,34.6817,135.5183,4.960714285714286,6.396774193548388,5.678744239631337,JMA daily observed
Nara,True,1965,1965-04-12 00:00:00,1965-04-17 00:00:00,Not stated,1965-04-12,1965-04-17,102.0,107.0,5.0,True,False,False,True,True,34.6733,135.8317,3.25,4.774193548387097,4.012096774193548,JMA daily observed
Kochi,True,1965,1965-03-30 00:00:00,1965-04-09 00:00:00,Not stated,1965-03-30,1965-04-09,89.0,99.0,10.0,True,False,False,True,True,33.5667,133.5483,6.542857142857143,8.316129032258065,7.429493087557604,JMA daily observed
Fukuoka,True,1965,1965-03-30 00:00:00,1965-04-08 00:00:00,Not stated,1965-03-30,1965-04-08,89.0,98.0,9.0,True,False,False,True,True,33.5817,130.3767,6.260714285714286,7.664516129032258,6.962615207373272,JMA daily observed
Oita,True,1965,1965-03-30 00:00:00,1965-04-11 00:00:00,Not stated,1965-03-30,1965-04-11,89.0,101.0,12.0,True,False,False,True,True,33.235,131.6183,5.896428571428571,7.329032258064516,6.612730414746544,JMA daily observed
Kagoshima,True,1965,1965-03-25 00:00:00,1965-04-04 00:00:00,Not stated,1965-03-25,1965-04-04,84.0,94.0,10.0,True,False,False,True,True,31.555,130.5467,8.178571428571429,9.009677419354839,8.594124423963134,JMA daily observed
Asahikawa,True,1966,1966-05-14 00:00:00,1966-05-18 00:00:00,Sargent cherry (Prunus sargentii),1966-05-14,1966-05-18,134.0,138.0,4.0,False,False,False,True,True,43.7567,142.3717,-6.232142857142857,-1.0419354838709676,-3.6370391705069123,JMA daily observed
Iwamizawa,False,1966,1966-05-12 00:00:00,1966-05-17 00:00:00,Sargent cherry (Prunus sargentii),1966-05-12,1966-05-17,132.0,137.0,5.0,False,False,False,True,True,43.2117,141.785,-4.814285714285715,0.041935483870967655,-2.3861751152073736,JMA daily observed
Urakawa,False,1966,1966-05-11 00:00:00,1966-05-16 00:00:00,Sargent cherry (Prunus sargentii),1966-05-11,1966-05-16,131.0,136.0,5.0,False,False,False,True,True,42.1617,142.7767,-2.6464285714285714,1.7032258064516128,-0.47160138248847927,JMA daily observed
Aomori,True,1966,1966-04-28 00:00:00,1966-05-05 00:00:00,Not stated,1966-04-28,1966-05-05,118.0,125.0,7.0,True,False,False,True,True,40.8217,140.7683,-1.6357142857142857,2.551612903225806,0.45794930875576023,JMA daily observed
Akita,True,1966,1966-04-21 00:00:00,1966-04-25 00:00:00,Not stated,1966-04-21,1966-04-25,111.0,115.0,4.0,True,False,False,True,True,39.7167,140.0983,0.09642857142857143,3.954838709677419,2.025633640552995,JMA daily observed
Yamagata,True,1966,1966-04-15 00:00:00,1966-04-22 00:00:00,Not stated,1966-04-15,1966-04-22,105.0,112.0,7.0,True,False,False,True,True,38.255,140.345,1.05,3.729032258064516,2.389516129032258,JMA daily observed
Nagano,True,1966,1966-04-14 00:00:00,1966-04-23 00:00:00,Not stated,1966-04-14,1966-04-23,104.0,113.0,9.0,True,False,False,True,True,36.6617,138.1917,1.3035714285714286,4.335483870967742,2.8195276497695856,JMA daily observed
Fukui,True,1966,1966-04-03 00:00:00,1966-04-09 00:00:00,Not stated,1966-04-03,1966-04-09,93.0,99.0,6.0,True,False,False,True,True,36.055,136.2217,3.917857142857143,7.267741935483872,5.592799539170508,JMA daily observed
Shizuoka,True,1966,1966-03-19 00:00:00,1966-03-30 00:00:00,Not stated,1966-03-19,1966-03-30,78.0,89.0,11.0,True,False,False,True,True,34.975,138.4033,8.707142857142857,10.8,9.75357142857143,JMA daily observed
Kyoto,True,1966,1966-03-27 00:00:00,1966-04-06 00:00:00,Not stated,1966-03-27,1966-04-06,86.0,96.0,10.0,True,False,False,True,True,35.0117,135.735,5.7178571428571425,8.5,7.108928571428571,JMA daily observed
Kobe,True,1966,1966-03-25 00:00:00,1966-04-03 00:00:00,Not stated,1966-03-25,1966-04-03,84.0,93.0,9.0,True,False,False,True,True,34.6967,135.2117,6.682142857142857,9.351612903225806,8.016877880184332,JMA daily observed
Osaka,True,1966,1966-03-23 00:00:00,1966-04-05 00:00:00,Not stated,1966-03-23,1966-04-05,82.0,95.0,13.0,True,False,False,True,True,34.6817,135.5183,6.7,9.712903225806452,8.206451612903226,JMA daily observed
Nara,True,1966,1966-03-26 00:00:00,1966-04-08 00:00:00,Not stated,1966-03-26,1966-04-08,85.0,98.0,13.0,True,False,False,True,True,34.6733,135.8317,5.017857142857143,7.967741935483871,6.492799539170507,JMA daily observed
Kochi,True,1966,1966-03-17 00:00:00,1966-03-27 00:00:00,Not stated,1966-03-17,1966-03-27,76.0,86.0,10.0,True,False,False,True,True,33.5667,133.5483,8.535714285714286,11.293548387096775,9.914631336405531,JMA daily observed
Fukuoka,True,1966,1966-03-20 00:00:00,1966-04-04 00:00:00,Not stated,1966-03-20,1966-04-04,79.0,94.0,15.0,True,False,False,True,True,33.5817,130.3767,8.132142857142856,10.787096774193548,9.459619815668201,JMA daily observed
Oita,True,1966,1966-03-24 00:00:00,1966-04-02 00:00:00,Not stated,1966-03-24,1966-04-02,83.0,92.0,9.0,True,False,False,True,True,33.235,131.6183,7.146428571428571,10.293548387096775,8.719988479262673,JMA daily observed
Kagoshima,True,1966,1966-03-22 00:00:00,1966-03-27 00:00:00,Not stated,1966-03-22,1966-03-27,81.0,86.0,5.0,True,False,False,True,True,31.555,130.5467,9.657142857142857,13.441935483870967,11.549539170506911,JMA daily observed
Asahikawa,True,1967,1967-05-05 00:00:00,1967-05-08 00:00:00,Sargent cherry (Prunus sargentii),1967-05-05,1967-05-08,125.0,128.0,3.0,False,False,False,True,True,43.7567,142.3717,-7.5,-1.3935483870967742,-4.4467741935483875,JMA daily observed
Iwamizawa,False,1967,1967-05-05 00:00:00,1967-05-10 00:00:00,Sargent cherry (Prunus sargentii),1967-05-05,1967-05-10,125.0,130.0,5.0,False,False,False,True,True,43.2117,141.785,-5.7821428571428575,-0.49354838709677423,-3.1378456221198157,JMA daily observed
Urakawa,False,1967,1967-05-06 00:00:00,1967-05-10 00:00:00,Sargent cherry (Prunus sargentii),1967-05-06,1967-05-10,126.0,130.0,4.0,False,False,False,True,True,42.1617,142.7767,-3.1535714285714285,0.9838709677419355,-1.0848502304147465,JMA daily observed
Aomori,True,1967,1967-04-27 00:00:00,1967-05-03 00:00:00,Not stated,1967-04-27,1967-05-03,117.0,123.0,6.0,True,False,False,True,True,40.8217,140.7683,-2.0357142857142856,1.9903225806451614,-0.022695852534562078,JMA daily observed
Akita,True,1967,1967-04-22 00:00:00,1967-04-28 00:00:00,Not stated,1967-04-22,1967-04-28,112.0,118.0,6.0,True,False,False,True,True,39.7167,140.0983,-0.2714285714285714,3.196774193548387,1.4626728110599079,JMA daily observed
Yamagata,True,1967,1967-04-18 00:00:00,1967-04-24 00:00:00,Not stated,1967-04-18,1967-04-24,108.0,114.0,6.0,True,False,False,True,True,38.255,140.345,-1.1500000000000001,3.5064516129032257,1.178225806451613,JMA daily observed
Nagano,True,1967,1967-04-13 00:00:00,1967-04-21 00:00:00,Not stated,1967-04-13,1967-04-21,103.0,111.0,8.0,True,False,False,True,True,36.6617,138.1917,-1.0107142857142857,3.8225806451612905,1.4059331797235024,JMA daily observed
Fukui,True,1967,1967-04-03 00:00:00,1967-04-07 00:00:00,Not stated,1967-04-03,1967-04-07,93.0,97.0,4.0,True,False,False,True,True,36.055,136.2217,2.4107142857142856,7.051612903225807,4.731163594470046,JMA daily observed
Shizuoka,True,1967,1967-03-28 00:00:00,1967-04-02 00:00:00,Not stated,1967-03-28,1967-04-02,87.0,92.0,5.0,True,False,False,True,True,34.975,138.4033,5.5,9.803225806451612,7.651612903225806,JMA daily observed
Matsue,True,1967,1967-03-31 00:00:00,1967-04-05 00:00:00,Not stated,1967-03-31,1967-04-05,90.0,95.0,5.0,True,False,False,True,True,35.4567,133.065,3.5785714285714287,7.690322580645161,5.634447004608295,JMA daily observed
Kyoto,True,1967,1967-04-01 00:00:00,1967-04-06 00:00:00,Not stated,1967-04-01,1967-04-06,91.0,96.0,5.0,True,False,False,True,True,35.0117,135.735,4.128571428571428,7.732258064516128,5.930414746543779,JMA daily observed
Kobe,True,1967,1967-03-31 00:00:00,1967-04-03 00:00:00,Not stated,1967-03-31,1967-04-03,90.0,93.0,3.0,True,False,False,True,True,34.6967,135.2117,4.8999999999999995,8.609677419354838,6.7548387096774185,JMA daily observed
Osaka,True,1967,1967-03-30 00:00:00,1967-04-03 00:00:00,Not stated,1967-03-30,1967-04-03,89.0,93.0,4.0,True,False,False,True,True,34.6817,135.5183,5.053571428571429,8.85483870967742,6.954205069124424,JMA daily observed
Nara,True,1967,1967-04-01 00:00:00,1967-04-08 00:00:00,Not stated,1967-04-01,1967-04-08,91.0,98.0,7.0,True,False,False,True,True,34.6733,135.8317,3.3428571428571425,7.087096774193548,5.214976958525345,JMA daily observed
Kochi,True,1967,1967-03-20 00:00:00,1967-03-28 00:00:00,Not stated,1967-03-20,1967-03-28,79.0,87.0,8.0,True,False,False,True,True,33.5667,133.5483,6.528571428571428,10.796774193548387,8.662672811059908,JMA daily observed
Fukuoka,True,1967,1967-03-28 00:00:00,1967-04-04 00:00:00,Not stated,1967-03-28,1967-04-04,87.0,94.0,7.0,True,False,False,True,True,33.5817,130.3767,6.082142857142857,10.13225806451613,8.107200460829493,JMA daily observed
Oita,True,1967,1967-03-27 00:00:00,1967-04-03 00:00:00,Not stated,1967-03-27,1967-04-03,86.0,93.0,7.0,True,False,False,True,True,33.235,131.6183,5.728571428571429,9.229032258064517,7.478801843317973,JMA daily observed
Kagoshima,True,1967,1967-03-27 00:00:00,1967-04-02 00:00:00,Not stated,1967-03-27,1967-04-02,86.0,92.0,6.0,True,False,False,True,True,31.555,130.5467,7.214285714285714,11.429032258064517,9.321658986175116,JMA daily observed
Asahikawa,True,1968,1968-05-02 00:00:00,1968-05-05 00:00:00,Sargent cherry (Prunus sargentii),1968-05-02,1968-05-05,122.0,125.0,3.0,False,False,False,True,True,43.7567,142.3717,-10.303448275862069,0.503225806451613,-4.900111234705228,JMA daily observed
Iwamizawa,False,1968,1968-05-03 00:00:00,1968-05-06 00:00:00,Sargent cherry (Prunus sargentii),1968-05-03,1968-05-06,123.0,126.0,3.0,False,False,False,True,True,43.2117,141.785,-7.093103448275862,1.0451612903225806,-3.0239710789766407,JMA daily observed
Urakawa,False,1968,1968-05-10 00:00:00,1968-05-14 00:00:00,Sargent cherry (Prunus sargentii),1968-05-10,1968-05-14,130.0,134.0,4.0,False,False,False,True,True,42.1617,142.7767,-3.2655172413793103,1.4096774193548387,-0.9279199110122358,JMA daily observed
Aomori,True,1968,1968-04-24 00:00:00,1968-05-03 00:00:00,Not stated,1968-04-24,1968-05-03,114.0,123.0,9.0,True,False,False,True,True,40.8217,140.7683,-2.4310344827586206,2.4645161290322584,0.016740823136818905,JMA daily observed
Akita,True,1968,1968-04-17 00:00:00,1968-04-24 00:00:00,Not stated,1968-04-17,1968-04-24,107.0,114.0,7.0,True,False,False,True,True,39.7167,140.0983,-1.196551724137931,4.035483870967742,1.4194660734149052,JMA daily observed
Yamagata,True,1968,1968-04-14 00:00:00,1968-04-21 00:00:00,Not stated,1968-04-14,1968-04-21,104.0,111.0,7.0,True,False,False,True,True,38.255,140.345,-1.9068965517241379,4.067741935483871,1.0804226918798663,JMA daily observed
Nagano,True,1968,1968-04-14 00:00:00,1968-04-21 00:00:00,Not stated,1968-04-14,1968-04-21,104.0,111.0,7.0,True,False,False,True,True,36.6617,138.1917,-2.951724137931034,3.9193548387096775,0.48381535038932166,JMA daily observed
Fukui,True,1968,1968-04-06 00:00:00,1968-04-11 00:00:00,Not stated,1968-04-06,1968-04-11,96.0,101.0,5.0,True,False,False,True,True,36.055,136.2217,0.8517241379310344,6.15483870967742,3.503281423804227,JMA daily observed
Shizuoka,True,1968,1968-03-29 00:00:00,1968-04-04 00:00:00,Not stated,1968-03-29,1968-04-04,88.0,94.0,6.0,True,False,False,True,True,34.975,138.4033,4.248275862068966,10.187096774193549,7.217686318131257,JMA daily observed
Matsue,True,1968,1968-04-05 00:00:00,1968-04-10 00:00:00,Not stated,1968-04-05,1968-04-10,95.0,100.0,5.0,True,False,False,True,True,35.4567,133.065,1.4137931034482758,7.225806451612903,4.319799777530589,JMA daily observed
Kyoto,True,1968,1968-04-02 00:00:00,1968-04-05 00:00:00,Not stated,1968-04-02,1968-04-05,92.0,95.0,3.0,True,False,False,True,True,35.0117,135.735,2.293103448275862,7.990322580645161,5.141713014460512,JMA daily observed
Kobe,True,1968,1968-03-31 00:00:00,1968-04-04 00:00:00,Not stated,1968-03-31,1968-04-04,90.0,94.0,4.0,True,False,False,True,True,34.6967,135.2117,2.7517241379310344,8.558064516129033,5.654894327030034,JMA daily observed
Osaka,True,1968,1968-04-01 00:00:00,1968-04-04 00:00:00,Not stated,1968-04-01,1968-04-04,91.0,94.0,3.0,True,False,False,True,True,34.6817,135.5183,3.1862068965517243,8.919354838709678,6.052780867630701,JMA daily observed
Nara,True,1968,1968-04-04 00:00:00,1968-04-08 00:00:00,Not stated,1968-04-04,1968-04-08,94.0,98.0,4.0,True,False,False,True,True,34.6733,135.8317,1.5275862068965516,7.338709677419355,4.433147942157953,JMA daily observed
Kochi,True,1968,1968-03-29 00:00:00,1968-03-31 00:00:00,Not stated,1968-03-29,1968-03-31,88.0,90.0,2.0,True,False,False,True,True,33.5667,133.5483,3.703448275862069,10.616129032258065,7.159788654060067,JMA daily observed
Fukuoka,True,1968,1968-03-31 00:00:00,1968-04-03 00:00:00,Not stated,1968-03-31,1968-04-03,90.0,93.0,3.0,True,False,False,True,True,33.5817,130.3767,3.0,9.364516129032259,6.182258064516129,JMA daily observed
Oita,True,1968,1968-04-02 00:00:00,1968-04-04 00:00:00,Not stated,1968-04-02,1968-04-04,92.0,94.0,2.0,True,False,False,True,True,33.235,131.6183,2.8137931034482757,8.758064516129032,5.785928809788654,JMA daily observed
Kagoshima,True,1968,1968-03-29 00:00:00,1968-04-04 00:00:00,Not stated,1968-03-29,1968-04-04,88.0,94.0,6.0,True,False,False,True,True,31.555,130.5467,4.796551724137931,10.961290322580645,7.878921023359288,JMA daily observed
Asahikawa,True,1969,1969-05-06 00:00:00,1969-05-09 00:00:00,Sargent cherry (Prunus sargentii),1969-05-06,1969-05-09,126.0,129.0,3.0,False,False,False,True,True,43.7567,142.3717,-8.489285714285714,-3.9129032258064513,-6.201094470046082,JMA daily observed
Iwamizawa,False,1969,1969-05-10 00:00:00,1969-05-13 00:00:00,Sargent cherry (Prunus sargentii),1969-05-10,1969-05-13,130.0,133.0,3.0,False,False,False,True,True,43.2117,141.785,-6.389285714285714,-2.6870967741935483,-4.5381912442396315,JMA daily observed
Urakawa,False,1969,1969-05-09 00:00:00,1969-05-13 00:00:00,Sargent cherry (Prunus sargentii),1969-05-09,1969-05-13,129.0,133.0,4.0,False,False,False,True,True,42.1617,142.7767,-3.3000000000000003,-0.3967741935483871,-1.8483870967741938,JMA daily observed
Aomori,True,1969,1969-04-29 00:00:00,1969-05-04 00:00:00,Not stated,1969-04-29,1969-05-04,119.0,124.0,5.0,True,False,False,True,True,40.8217,140.7683,-2.314285714285714,0.4548387096774193,-0.9297235023041474,JMA daily observed
Akita,True,1969,1969-04-25 00:00:00,1969-04-29 00:00:00,Not stated,1969-04-25,1969-04-29,115.0,119.0,4.0,True,False,False,True,True,39.7167,140.0983,-0.7750000000000001,1.493548387096774,0.35927419354838697,JMA daily observed
Yamagata,True,1969,1969-04-20 00:00:00,1969-04-24 00:00:00,Not stated,1969-04-20,1969-04-24,110.0,114.0,4.0,True,False,False,True,True,38.255,140.345,-1.1214285714285714,1.2258064516129032,0.0521889400921659,JMA daily observed
Nagano,True,1969,1969-04-16 00:00:00,1969-04-22 00:00:00,Not stated,1969-04-16,1969-04-22,106.0,112.0,6.0,True,False,False,True,True,36.6617,138.1917,0.17500000000000004,2.0451612903225804,1.1100806451612901,JMA daily observed
Fukui,True,1969,1969-04-09 00:00:00,1969-04-13 00:00:00,Not stated,1969-04-09,1969-04-13,99.0,103.0,4.0,True,False,False,True,True,36.055,136.2217,3.2357142857142853,5.529032258064516,4.382373271889401,JMA daily observed
Shizuoka,True,1969,1969-03-29 00:00:00,1969-04-07 00:00:00,Not stated,1969-03-29,1969-04-07,88.0,97.0,9.0,True,False,False,True,True,34.975,138.4033,7.546428571428572,9.135483870967741,8.340956221198157,JMA daily observed
Matsue,True,1969,1969-04-10 00:00:00,1969-04-14 00:00:00,Not stated,1969-04-10,1969-04-14,100.0,104.0,4.0,True,False,False,True,True,35.4567,133.065,4.328571428571428,5.880645161290322,5.104608294930875,JMA daily observed
Kyoto,True,1969,1969-04-07 00:00:00,1969-04-13 00:00:00,Not stated,1969-04-07,1969-04-13,97.0,103.0,6.0,True,False,False,True,True,35.0117,135.735,4.957142857142857,6.890322580645161,5.9237327188940085,JMA daily observed
Kobe,True,1969,1969-04-04 00:00:00,1969-04-12 00:00:00,Not stated,1969-04-04,1969-04-12,94.0,102.0,8.0,True,False,False,True,True,34.6967,135.2117,5.353571428571429,7.241935483870968,6.297753456221198,JMA daily observed
Osaka,True,1969,1969-04-07 00:00:00,1969-04-10 00:00:00,Not stated,1969-04-07,1969-04-10,97.0,100.0,3.0,True,False,False,True,True,34.6817,135.5183,5.621428571428572,7.696774193548387,6.65910138248848,JMA daily observed
Nara,True,1969,1969-04-05 00:00:00,1969-04-12 00:00:00,Not stated,1969-04-05,1969-04-12,95.0,102.0,7.0,True,False,False,True,True,34.6733,135.8317,4.117857142857143,6.1,5.108928571428571,JMA daily observed
Kochi,True,1969,1969-03-27 00:00:00,1969-04-06 00:00:00,Not stated,1969-03-27,1969-04-06,86.0,96.0,10.0,True,False,False,True,True,33.5667,133.5483,7.964285714285714,9.36774193548387,8.666013824884793,JMA daily observed
Fukuoka,True,1969,1969-04-04 00:00:00,1969-04-07 00:00:00,Not stated,1969-04-04,1969-04-07,94.0,97.0,3.0,True,False,False,True,True,33.5817,130.3767,6.721428571428572,8.396774193548387,7.55910138248848,JMA daily observed
Oita,True,1969,1969-04-03 00:00:00,1969-04-10 00:00:00,Not stated,1969-04-03,1969-04-10,93.0,100.0,7.0,True,False,False,True,True,33.235,131.6183,6.260714285714286,7.606451612903226,6.9335829493087555,JMA daily observed
Kagoshima,True,1969,1969-03-30 00:00:00,1969-04-07 00:00:00,Not stated,1969-03-30,1969-04-07,89.0,97.0,8.0,True,False,False,True,True,31.555,130.5467,9.5,10.245161290322581,9.87258064516129,JMA daily observed
Asahikawa,True,1970,1970-05-07 00:00:00,1970-05-10 00:00:00,Sargent cherry (Prunus sargentii),1970-05-07,1970-05-10,127.0,130.0,3.0,False,False,False,True,True,43.7567,142.3717,-5.985714285714286,-5.051612903225807,-5.518663594470047,JMA daily observed
Iwamizawa,False,1970,1970-05-09 00:00:00,1970-05-13 00:00:00,Sargent cherry (Prunus sargentii),1970-05-09,1970-05-13,129.0,133.0,4.0,False,False,False,True,True,43.2117,141.785,-4.385714285714285,-4.248387096774193,-4.317050691244239,JMA daily observed
Urakawa,False,1970,1970-05-12 00:00:00,1970-05-15 00:00:00,Sargent cherry (Prunus sargentii),1970-05-12,1970-05-15,132.0,135.0,3.0,False,False,False,True,True,42.1617,142.7767,-2.317857142857143,-2.3129032258064517,-2.315380184331797,JMA daily observed
Aomori,True,1970,1970-05-04 00:00:00,1970-05-07 00:00:00,Not stated,1970-05-04,1970-05-07,124.0,127.0,3.0,True,False,False,True,True,40.8217,140.7683,-1.0250000000000001,-1.803225806451613,-1.4141129032258064,JMA daily observed
Akita,True,1970,1970-04-27 00:00:00,1970-05-01 00:00:00,Not stated,1970-04-27,1970-05-01,117.0,121.0,4.0,True,False,False,True,True,39.7167,140.0983,-0.09285714285714287,-0.15161290322580645,-0.12223502304147466,JMA daily observed
Yamagata,True,1970,1970-04-24 00:00:00,1970-04-28 00:00:00,Not stated,1970-04-24,1970-04-28,114.0,118.0,4.0,True,False,False,True,True,38.255,140.345,-0.11428571428571425,-0.6709677419354839,-0.39262672811059907,JMA daily observed
Nagano,True,1970,1970-04-24 00:00:00,1970-04-28 00:00:00,Not stated,1970-04-24,1970-04-28,114.0,118.0,4.0,True,False,False,True,True,36.6617,138.1917,-0.01428571428571422,-0.6064516129032258,-0.31036866359447,JMA daily observed
Fukui,True,1970,1970-04-14 00:00:00,1970-04-19 00:00:00,Not stated,1970-04-14,1970-04-19,104.0,109.0,5.0,True,False,False,True,True,36.055,136.2217,3.4642857142857144,2.97741935483871,3.220852534562212,JMA daily observed
Shizuoka,True,1970,1970-04-02 00:00:00,1970-04-10 00:00:00,Not stated,1970-04-02,1970-04-10,92.0,100.0,8.0,True,False,False,True,True,34.975,138.4033,7.4071428571428575,6.867741935483871,7.137442396313364,JMA daily observed
Matsue,True,1970,1970-04-09 00:00:00,1970-04-16 00:00:00,Not stated,1970-04-09,1970-04-16,99.0,106.0,7.0,True,False,False,True,True,35.4567,133.065,5.103571428571429,4.270967741935484,4.687269585253457,JMA daily observed
Kyoto,True,1970,1970-04-09 00:00:00,1970-04-15 00:00:00,Not stated,1970-04-09,1970-04-15,99.0,105.0,6.0,True,False,False,True,True,35.0117,135.735,5.067857142857143,5.0,5.0339285714285715,JMA daily observed
Kobe,True,1970,1970-04-06 00:00:00,1970-04-13 00:00:00,Not stated,1970-04-06,1970-04-13,96.0,103.0,7.0,True,False,False,True,True,34.6967,135.2117,5.45,5.1,5.275,JMA daily observed
Osaka,True,1970,1970-04-08 00:00:00,1970-04-14 00:00:00,Not stated,1970-04-08,1970-04-14,98.0,104.0,6.0,True,False,False,True,True,34.6817,135.5183,6.146428571428571,6.141935483870968,6.144182027649769,JMA daily observed
Nara,True,1970,1970-04-10 00:00:00,1970-04-17 00:00:00,Not stated,1970-04-10,1970-04-17,100.0,107.0,7.0,True,False,False,True,True,34.6733,135.8317,4.067857142857143,3.9709677419354836,4.019412442396313,JMA daily observed
Kochi,True,1970,1970-03-27 00:00:00,1970-04-05 00:00:00,Not stated,1970-03-27,1970-04-05,86.0,95.0,9.0,True,False,False,True,True,33.5667,133.5483,7.596428571428571,7.648387096774194,7.622407834101383,JMA daily observed
Fukuoka,True,1970,1970-04-03 00:00:00,1970-04-08 00:00:00,Not stated,1970-04-03,1970-04-08,93.0,98.0,5.0,True,False,False,True,True,33.5817,130.3767,7.671428571428572,7.016129032258065,7.343778801843318,JMA daily observed
Oita,True,1970,1970-04-02 00:00:00,1970-04-11 00:00:00,Not stated,1970-04-02,1970-04-11,92.0,101.0,9.0,True,False,False,True,True,33.235,131.6183,6.792857142857143,6.393548387096774,6.593202764976958,JMA daily observed
Kagoshima,True,1970,1970-03-31 00:00:00,1970-04-07 00:00:00,Not stated,1970-03-31,1970-04-07,90.0,97.0,7.0,True,False,False,True,True,31.555,130.5467,8.764285714285714,8.893548387096773,8.828917050691244,JMA daily observed
Asahikawa,True,1971,1971-05-12 00:00:00,1971-05-15 00:00:00,Sargent cherry (Prunus sargentii),1971-05-12,1971-05-15,132.0,135.0,3.0,False,False,False,True,True,43.7567,142.3717,-7.610714285714286,-1.835483870967742,-4.723099078341014,JMA daily observed
Iwamizawa,False,1971,1971-05-14 00:00:00,1971-05-17 00:00:00,Sargent cherry (Prunus sargentii),1971-05-14,1971-05-17,134.0,137.0,3.0,False,False,False,True,True,43.2117,141.785,-5.207142857142857,-1.364516129032258,-3.2858294930875576,JMA daily observed
Urakawa,False,1971,1971-05-14 00:00:00,1971-05-18 00:00:00,Sargent cherry (Prunus sargentii),1971-05-14,1971-05-18,134.0,138.0,4.0,False,False,False,True,True,42.1617,142.7767,-2.6999999999999997,-0.13548387096774192,-1.4177419354838707,JMA daily observed
Aomori,True,1971,1971-04-28 00:00:00,1971-05-05 00:00:00,Not stated,1971-04-28,1971-05-05,118.0,125.0,7.0,True,False,False,True,True,40.8217,140.7683,-1.2750000000000001,1.4129032258064516,0.06895161290322571,JMA daily observed
Akita,True,1971,1971-04-22 00:00:00,1971-04-29 00:00:00,Not stated,1971-04-22,1971-04-29,112.0,119.0,7.0,True,False,False,True,True,39.7167,140.0983,-0.11785714285714287,2.396774193548387,1.139458525345622,JMA daily observed
Yamagata,True,1971,1971-04-16 00:00:00,1971-04-23 00:00:00,Not stated,1971-04-16,1971-04-23,106.0,113.0,7.0,True,False,False,True,True,38.255,140.345,-0.55,2.541935483870968,0.9959677419354839,JMA daily observed
Nagano,True,1971,1971-04-14 00:00:00,1971-04-20 00:00:00,Not stated,1971-04-14,1971-04-20,104.0,110.0,6.0,True,False,False,True,True,36.6617,138.1917,0.4357142857142858,2.338709677419355,1.3872119815668205,JMA daily observed
Fukui,True,1971,1971-04-08 00:00:00,1971-04-13 00:00:00,Not stated,1971-04-08,1971-04-13,98.0,103.0,5.0,True,False,False,True,True,36.055,136.2217,2.6035714285714286,5.125806451612903,3.864688940092166,JMA daily observed
Shizuoka,True,1971,1971-03-29 00:00:00,1971-04-07 00:00:00,Not stated,1971-03-29,1971-04-07,88.0,97.0,9.0,True,False,False,True,True,34.975,138.4033,7.357142857142857,9.33548387096774,8.346313364055298,JMA daily observed
Matsue,True,1971,1971-04-06 00:00:00,1971-04-12 00:00:00,Not stated,1971-04-06,1971-04-12,96.0,102.0,6.0,True,False,False,True,True,35.4567,133.065,3.75,6.290322580645161,5.02016129032258,JMA daily observed
Kyoto,True,1971,1971-04-01 00:00:00,1971-04-07 00:00:00,Not stated,1971-04-01,1971-04-07,91.0,97.0,6.0,True,False,False,True,True,35.0117,135.735,5.096428571428571,7.358064516129032,6.227246543778801,JMA daily observed
Kobe,True,1971,1971-03-31 00:00:00,1971-04-03 00:00:00,Not stated,1971-03-31,1971-04-03,90.0,93.0,3.0,True,False,False,True,True,34.6967,135.2117,5.239285714285714,7.293548387096774,6.266417050691244,JMA daily observed
Osaka,True,1971,1971-04-02 00:00:00,1971-04-07 00:00:00,Not stated,1971-04-02,1971-04-07,92.0,97.0,5.0,True,False,False,True,True,34.6817,135.5183,5.578571428571428,7.32258064516129,6.450576036866359,JMA daily observed
Nara,True,1971,1971-04-02 00:00:00,1971-04-07 00:00:00,Not stated,1971-04-02,1971-04-07,92.0,97.0,5.0,True,False,False,True,True,34.6733,135.8317,3.9035714285714285,6.293548387096774,5.098559907834101,JMA daily observed
Kochi,True,1971,1971-03-22 00:00:00,1971-03-30 00:00:00,Not stated,1971-03-22,1971-03-30,81.0,89.0,8.0,True,False,False,True,True,33.5667,133.5483,6.914285714285714,9.529032258064515,8.221658986175115,JMA daily observed
Fukuoka,True,1971,1971-03-31 00:00:00,1971-04-04 00:00:00,Not stated,1971-03-31,1971-04-04,90.0,94.0,4.0,True,False,False,True,True,33.5817,130.3767,6.3500000000000005,8.861290322580645,7.605645161290322,JMA daily observed
Oita,True,1971,1971-03-30 00:00:00,1971-04-05 00:00:00,Not stated,1971-03-30,1971-04-05,89.0,95.0,6.0,True,False,False,True,True,33.235,131.6183,5.957142857142857,8.129032258064516,7.043087557603687,JMA daily observed
Kagoshima,True,1971,1971-03-30 00:00:00,1971-04-03 00:00:00,Not stated,1971-03-30,1971-04-03,89.0,93.0,4.0,True,False,False,True,True,31.555,130.5467,8.371428571428572,10.564516129032258,9.467972350230415,JMA daily observed
Miyazaki,True,1971,1971-03-28 00:00:00,1971-04-03 00:00:00,Not stated,1971-03-28,1971-04-03,87.0,93.0,6.0,True,False,False,True,True,31.9383,131.4133,7.8428571428571425,10.693548387096774,9.268202764976959,JMA daily observed
Asahikawa,True,1972,1972-04-30 00:00:00,1972-05-04 00:00:00,Sargent cherry (Prunus sargentii),1972-04-30,1972-05-04,120.0,124.0,4.0,False,False,False,True,True,43.7567,142.3717,-7.158620689655172,-1.3612903225806452,-4.259955506117908,JMA daily observed
Iwamizawa,False,1972,1972-05-04 00:00:00,1972-05-06 00:00:00,Sargent cherry (Prunus sargentii),1972-05-04,1972-05-06,124.0,126.0,2.0,False,False,False,True,True,43.2117,141.785,-5.058620689655172,-0.4161290322580646,-2.7373748609566184,JMA daily observed
Urakawa,False,1972,1972-05-03 00:00:00,1972-05-06 00:00:00,Sargent cherry (Prunus sargentii),1972-05-03,1972-05-06,123.0,126.0,3.0,False,False,False,True,True,42.1617,142.7767,-2.3689655172413793,0.7451612903225807,-0.8119021134593993,JMA daily observed
Aomori,True,1972,1972-04-24 00:00:00,1972-04-29 00:00:00,Not stated,1972-04-24,1972-04-29,114.0,119.0,5.0,True,False,False,True,True,40.8217,140.7683,-1.1551724137931034,2.835483870967742,0.8401557285873192,JMA daily observed
Akita,True,1972,1972-04-17 00:00:00,1972-04-22 00:00:00,Not stated,1972-04-17,1972-04-22,107.0,112.0,5.0,True,False,False,True,True,39.7167,140.0983,0.25862068965517243,4.003225806451613,2.1309232480533926,JMA daily observed
Yamagata,True,1972,1972-04-12 00:00:00,1972-04-17 00:00:00,Not stated,1972-04-12,1972-04-17,102.0,107.0,5.0,True,False,False,True,True,38.255,140.345,-0.303448275862069,4.348387096774194,2.0224694104560625,JMA daily observed
Nagano,True,1972,1972-04-07 00:00:00,1972-04-17 00:00:00,Not stated,1972-04-07,1972-04-17,97.0,107.0,10.0,True,False,False,True,True,36.6617,138.1917,0.8793103448275862,4.664516129032258,2.771913236929922,JMA daily observed
Fukui,True,1972,1972-04-04 00:00:00,1972-04-10 00:00:00,Not stated,1972-04-04,1972-04-10,94.0,100.0,6.0,True,False,False,True,True,36.055,136.2217,3.9413793103448276,6.829032258064516,5.385205784204672,JMA daily observed
Shizuoka,True,1972,1972-03-27 00:00:00,1972-04-06 00:00:00,Not stated,1972-03-27,1972-04-06,86.0,96.0,10.0,True,False,False,True,True,34.975,138.4033,7.968965517241379,10.293548387096775,9.131256952169078,JMA daily observed
Matsue,True,1972,1972-04-04 00:00:00,1972-04-10 00:00:00,Not stated,1972-04-04,1972-04-10,94.0,100.0,6.0,True,False,False,True,True,35.4567,133.065,5.193103448275862,7.354838709677419,6.27397107897664,JMA daily observed
Kyoto,True,1972,1972-03-30 00:00:00,1972-04-07 00:00:00,Not stated,1972-03-30,1972-04-07,89.0,97.0,8.0,True,False,False,True,True,35.0117,135.735,5.827586206896552,8.848387096774195,7.337986651835373,JMA daily observed
Kobe,True,1972,1972-03-31 00:00:00,1972-04-05 00:00:00,Not stated,1972-03-31,1972-04-05,90.0,95.0,5.0,True,False,False,True,True,34.6967,135.2117,5.69655172413793,8.648387096774194,7.172469410456062,JMA daily observed
Osaka,True,1972,1972-03-30 00:00:00,1972-04-05 00:00:00,Not stated,1972-03-30,1972-04-05,89.0,95.0,6.0,True,False,False,True,True,34.6817,135.5183,5.744827586206896,8.864516129032259,7.304671857619578,JMA daily observed
Nara,True,1972,1972-04-01 00:00:00,1972-04-06 00:00:00,Not stated,1972-04-01,1972-04-06,91.0,96.0,5.0,True,False,False,True,True,34.6733,135.8317,4.251724137931034,7.538709677419354,5.895216907675194,JMA daily observed
Kochi,True,1972,1972-03-22 00:00:00,1972-03-30 00:00:00,Not stated,1972-03-22,1972-03-30,81.0,89.0,8.0,True,False,False,True,True,33.5667,133.5483,8.062068965517241,10.567741935483872,9.314905450500557,JMA daily observed
Fukuoka,True,1972,1972-03-30 00:00:00,1972-04-05 00:00:00,Not stated,1972-03-30,1972-04-05,89.0,95.0,6.0,True,False,False,True,True,33.5817,130.3767,6.796551724137931,9.374193548387098,8.085372636262514,JMA daily observed
Oita,True,1972,1972-03-28 00:00:00,1972-04-06 00:00:00,Not stated,1972-03-28,1972-04-06,87.0,96.0,9.0,True,False,False,True,True,33.235,131.6183,6.810344827586207,9.280645161290321,8.045494994438265,JMA daily observed
Kagoshima,True,1972,1972-03-27 00:00:00,1972-04-01 00:00:00,Not stated,1972-03-27,1972-04-01,86.0,91.0,5.0,True,False,False,True,True,31.555,130.5467,9.10344827586207,11.496774193548388,10.300111234705229,JMA daily observed
Miyazaki,True,1972,1972-03-24 00:00:00,1972-03-30 00:00:00,Not stated,1972-03-24,1972-03-30,83.0,89.0,6.0,True,False,False,True,True,31.9383,131.4133,9.26896551724138,11.64516129032258,10.45706340378198,JMA daily observed
Asahikawa,True,1973,1973-05-09 00:00:00,1973-05-11 00:00:00,Sargent cherry (Prunus sargentii),1973-05-09,1973-05-11,129.0,131.0,2.0,False,False,False,True,True,43.7567,142.3717,-5.7178571428571425,-4.716129032258064,-5.216993087557603,JMA daily observed
Iwamizawa,False,1973,1973-05-07 00:00:00,1973-05-10 00:00:00,Sargent cherry (Prunus sargentii),1973-05-07,1973-05-10,127.0,130.0,3.0,False,False,False,True,True,43.2117,141.785,-3.55,-2.97741935483871,-3.263709677419355,JMA daily observed
Urakawa,False,1973,1973-05-11 00:00:00,1973-05-14 00:00:00,Sargent cherry (Prunus sargentii),1973-05-11,1973-05-14,131.0,134.0,3.0,False,False,False,True,True,42.1617,142.7767,-1.3107142857142857,-1.0258064516129033,-1.1682603686635944,JMA daily observed
Aomori,True,1973,1973-04-22 00:00:00,1973-04-28 00:00:00,Not stated,1973-04-22,1973-04-28,112.0,118.0,6.0,True,False,False,True,True,40.8217,140.7683,-0.06428571428571432,0.37741935483870964,0.15656682027649765,JMA daily observed
Akita,True,1973,1973-04-19 00:00:00,1973-04-23 00:00:00,Not stated,1973-04-19,1973-04-23,109.0,113.0,4.0,True,False,False,True,True,39.7167,140.0983,1.582142857142857,1.761290322580645,1.671716589861751,JMA daily observed
Yamagata,True,1973,1973-04-16 00:00:00,1973-04-21 00:00:00,Not stated,1973-04-16,1973-04-21,106.0,111.0,5.0,True,False,False,True,True,38.255,140.345,1.125,1.7193548387096773,1.4221774193548387,JMA daily observed
Nagano,True,1973,1973-04-12 00:00:00,1973-04-20 00:00:00,Not stated,1973-04-12,1973-04-20,102.0,110.0,8.0,True,False,False,True,True,36.6617,138.1917,1.1464285714285716,2.161290322580645,1.6538594470046082,JMA daily observed
Fukui,True,1973,1973-04-05 00:00:00,1973-04-09 00:00:00,Not stated,1973-04-05,1973-04-09,95.0,99.0,4.0,True,False,False,True,True,36.055,136.2217,4.542857142857143,5.558064516129033,5.050460829493088,JMA daily observed
Shizuoka,True,1973,1973-03-29 00:00:00,1973-04-06 00:00:00,Not stated,1973-03-29,1973-04-06,88.0,96.0,8.0,True,False,False,True,True,34.975,138.4033,8.192857142857143,9.519354838709678,8.85610599078341,JMA daily observed
Matsue,True,1973,1973-04-01 00:00:00,1973-04-07 00:00:00,Not stated,1973-04-01,1973-04-07,91.0,97.0,6.0,True,False,False,True,True,35.4567,133.065,5.960714285714286,6.993548387096775,6.477131336405531,JMA daily observed
Kyoto,True,1973,1973-04-01 00:00:00,1973-04-08 00:00:00,Not stated,1973-04-01,1973-04-08,91.0,98.0,7.0,True,False,False,True,True,35.0117,135.735,6.935714285714285,7.754838709677419,7.345276497695853,JMA daily observed
Kobe,True,1973,1973-03-29 00:00:00,1973-04-04 00:00:00,Not stated,1973-03-29,1973-04-04,88.0,94.0,6.0,True,False,False,True,True,34.6967,135.2117,6.728571428571429,7.66774193548387,7.1981566820276495,JMA daily observed
Osaka,True,1973,1973-03-31 00:00:00,1973-04-05 00:00:00,Not stated,1973-03-31,1973-04-05,90.0,95.0,5.0,True,False,False,True,True,34.6817,135.5183,7.078571428571428,8.170967741935485,7.624769585253457,JMA daily observed
Nara,True,1973,1973-03-31 00:00:00,1973-04-05 00:00:00,Not stated,1973-03-31,1973-04-05,90.0,95.0,5.0,True,False,False,True,True,34.6733,135.8317,5.267857142857143,6.219354838709678,5.7436059907834105,JMA daily observed
Kochi,True,1973,1973-03-23 00:00:00,1973-03-31 00:00:00,Not stated,1973-03-23,1973-03-31,82.0,90.0,8.0,True,False,False,True,True,33.5667,133.5483,8.525,9.97741935483871,9.251209677419356,JMA daily observed
Fukuoka,True,1973,1973-03-28 00:00:00,1973-04-02 00:00:00,Not stated,1973-03-28,1973-04-02,87.0,92.0,5.0,True,False,False,True,True,33.5817,130.3767,7.903571428571428,10.083870967741936,8.993721198156681,JMA daily observed
Oita,True,1973,1973-03-27 00:00:00,1973-04-02 00:00:00,Not stated,1973-03-27,1973-04-02,86.0,92.0,6.0,True,False,False,True,True,33.235,131.6183,7.578571428571428,9.648387096774194,8.613479262672811,JMA daily observed
Kagoshima,True,1973,1973-03-26 00:00:00,1973-03-31 00:00:00,Not stated,1973-03-26,1973-03-31,85.0,90.0,5.0,True,False,False,True,True,31.555,130.5467,10.064285714285715,11.103225806451613,10.583755760368664,JMA daily observed
Miyazaki,True,1973,1973-03-28 00:00:00,1973-03-31 00:00:00,Not stated,1973-03-28,1973-03-31,87.0,90.0,3.0,True,False,False,True,True,31.9383,131.4133,9.65,10.941935483870967,10.295967741935485,JMA daily observed
Wakkanai,True,1974,1974-05-19 00:00:00,1974-05-22 00:00:00,Sargent cherry (Prunus sargentii),1974-05-19,1974-05-22,139.0,142.0,3.0,False,False,False,True,True,45.415,141.6783,-4.614285714285714,-2.0806451612903225,-3.347465437788018,JMA daily observed
Asahikawa,True,1974,1974-05-13 00:00:00,1974-05-15 00:00:00,Sargent cherry (Prunus sargentii),1974-05-13,1974-05-15,133.0,135.0,2.0,False,False,False,True,True,43.7567,142.3717,-6.857142857142857,-3.5,-5.178571428571429,JMA daily observed
Iwamizawa,False,1974,1974-05-11 00:00:00,1974-05-14 00:00:00,Sargent cherry (Prunus sargentii),1974-05-11,1974-05-14,131.0,134.0,3.0,False,False,False,True,True,43.2117,141.785,-4.696428571428571,-2.141935483870968,-3.4191820276497698,JMA daily observed
Urakawa,False,1974,1974-05-12 00:00:00,1974-05-16 00:00:00,Sargent cherry (Prunus sargentii),1974-05-12,1974-05-16,132.0,136.0,4.0,False,False,False,True,True,42.1617,142.7767,-2.217857142857143,-0.7225806451612903,-1.4702188940092167,JMA daily observed
Aomori,True,1974,1974-05-01 00:00:00,1974-05-07 00:00:00,Not stated,1974-05-01,1974-05-07,121.0,127.0,6.0,True,False,False,True,True,40.8217,140.7683,-1.407142857142857,0.6225806451612902,-0.3922811059907834,JMA daily observed
Akita,True,1974,1974-04-26 00:00:00,1974-04-30 00:00:00,Not stated,1974-04-26,1974-04-30,116.0,120.0,4.0,True,False,False,True,True,39.7167,140.0983,-0.5357142857142857,1.4548387096774194,0.4595622119815668,JMA daily observed
Yamagata,True,1974,1974-04-24 00:00:00,1974-04-28 00:00:00,Not stated,1974-04-24,1974-04-28,114.0,118.0,4.0,True,False,False,True,True,38.255,140.345,-0.9035714285714286,1.2903225806451613,0.19337557603686634,JMA daily observed
Nagano,True,1974,1974-04-17 00:00:00,1974-04-22 00:00:00,Not stated,1974-04-17,1974-04-22,107.0,112.0,5.0,True,False,False,True,True,36.6617,138.1917,-0.9321428571428572,2.225806451612903,0.6468317972350229,JMA daily observed
Fukui,True,1974,1974-04-07 00:00:00,1974-04-12 00:00:00,Not stated,1974-04-07,1974-04-12,97.0,102.0,5.0,True,False,False,True,True,36.055,136.2217,2.3214285714285716,5.429032258064517,3.875230414746544,JMA daily observed
Shizuoka,True,1974,1974-03-29 00:00:00,1974-04-05 00:00:00,Not stated,1974-03-29,1974-04-05,88.0,95.0,7.0,True,False,False,True,True,34.975,138.4033,7.114285714285714,8.874193548387098,7.994239631336406,JMA daily observed
Matsue,True,1974,1974-04-06 00:00:00,1974-04-11 00:00:00,Not stated,1974-04-06,1974-04-11,96.0,101.0,5.0,True,False,False,True,True,35.4567,133.065,3.5107142857142857,6.300000000000001,4.905357142857143,JMA daily observed
Kyoto,True,1974,1974-04-04 00:00:00,1974-04-09 00:00:00,Not stated,1974-04-04,1974-04-09,94.0,99.0,5.0,True,False,False,True,True,35.0117,135.735,4.192857142857143,7.006451612903225,5.599654377880184,JMA daily observed
Kobe,True,1974,1974-04-01 00:00:00,1974-04-07 00:00:00,Not stated,1974-04-01,1974-04-07,91.0,97.0,6.0,True,False,False,True,True,34.6967,135.2117,4.460714285714286,7.293548387096774,5.8771313364055295,JMA daily observed
Osaka,True,1974,1974-04-03 00:00:00,1974-04-08 00:00:00,Not stated,1974-04-03,1974-04-08,93.0,98.0,5.0,True,False,False,True,True,34.6817,135.5183,5.0321428571428575,8.006451612903225,6.519297235023041,JMA daily observed
Nara,True,1974,1974-04-05 00:00:00,1974-04-08 00:00:00,Not stated,1974-04-05,1974-04-08,95.0,98.0,3.0,True,False,False,True,True,34.6733,135.8317,3.375,6.090322580645162,4.73266129032258,JMA daily observed
Kochi,True,1974,1974-03-23 00:00:00,1974-03-31 00:00:00,Not stated,1974-03-23,1974-03-31,82.0,90.0,8.0,True,False,False,True,True,33.5667,133.5483,6.253571428571428,9.364516129032259,7.809043778801843,JMA daily observed
Fukuoka,True,1974,1974-03-30 00:00:00,1974-04-04 00:00:00,Not stated,1974-03-30,1974-04-04,89.0,94.0,5.0,True,False,False,True,True,33.5817,130.3767,5.957142857142857,9.09032258064516,7.523732718894009,JMA daily observed
Oita,True,1974,1974-03-29 00:00:00,1974-04-02 00:00:00,Not stated,1974-03-29,1974-04-02,88.0,92.0,4.0,True,False,False,True,True,33.235,131.6183,5.671428571428572,8.393548387096773,7.032488479262673,JMA daily observed
Kagoshima,True,1974,1974-03-23 00:00:00,1974-04-03 00:00:00,Not stated,1974-03-23,1974-04-03,82.0,93.0,11.0,True,False,False,True,True,31.555,130.5467,7.982142857142857,10.864516129032259,9.423329493087557,JMA daily observed
Miyazaki,True,1974,1974-03-24 00:00:00,1974-04-02 00:00:00,Not stated,1974-03-24,1974-04-02,83.0,92.0,9.0,True,False,False,True,True,31.9383,131.4133,7.4071428571428575,10.403225806451612,8.905184331797235,JMA daily observed
Wakkanai,True,1975,1975-05-19 00:00:00,1975-05-22 00:00:00,Sargent cherry (Prunus sargentii),1975-05-19,1975-05-22,139.0,142.0,3.0,False,False,False,True,True,45.415,141.6783,-6.121428571428572,-1.538709677419355,-3.8300691244239635,JMA daily observed
Asahikawa,True,1975,1975-05-08 00:00:00,1975-05-12 00:00:00,Sargent cherry (Prunus sargentii),1975-05-08,1975-05-12,128.0,132.0,4.0,False,False,False,True,True,43.7567,142.3717,-8.517857142857142,-3.4451612903225803,-5.981509216589862,JMA daily observed
Iwamizawa,False,1975,1975-05-08 00:00:00,1975-05-11 00:00:00,Sargent cherry (Prunus sargentii),1975-05-08,1975-05-11,128.0,131.0,3.0,False,False,False,True,True,43.2117,141.785,-6.2178571428571425,-1.4774193548387098,-3.847638248847926,JMA daily observed
Urakawa,False,1975,1975-05-08 00:00:00,1975-05-12 00:00:00,Sargent cherry (Prunus sargentii),1975-05-08,1975-05-12,128.0,132.0,4.0,False,False,False,True,True,42.1617,142.7767,-3.107142857142857,-0.20645161290322578,-1.6567972350230415,JMA daily observed
Aomori,True,1975,1975-04-26 00:00:00,1975-05-01 00:00:00,Not stated,1975-04-26,1975-05-01,116.0,121.0,5.0,True,False,False,True,True,40.8217,140.7683,-1.989285714285714,1.5096774193548386,-0.23980414746543777,JMA daily observed
Akita,True,1975,1975-04-21 00:00:00,1975-04-25 00:00:00,Not stated,1975-04-21,1975-04-25,111.0,115.0,4.0,True,False,False,True,True,39.7167,140.0983,-0.4857142857142857,3.0129032258064514,1.2635944700460828,JMA daily observed
Yamagata,True,1975,1975-04-17 00:00:00,1975-04-22 00:00:00,Not stated,1975-04-17,1975-04-22,107.0,112.0,5.0,True,False,False,True,True,38.255,140.345,-1.4392857142857143,2.616129032258064,0.5884216589861749,JMA daily observed
Nagano,True,1975,1975-04-15 00:00:00,1975-04-19 00:00:00,Not stated,1975-04-15,1975-04-19,105.0,109.0,4.0,True,False,False,True,True,36.6617,138.1917,-1.3535714285714284,2.5387096774193547,0.5925691244239631,JMA daily observed
Fukui,True,1975,1975-04-07 00:00:00,1975-04-12 00:00:00,Not stated,1975-04-07,1975-04-12,97.0,102.0,5.0,True,False,False,True,True,36.055,136.2217,2.257142857142857,5.82258064516129,4.039861751152074,JMA daily observed
Shizuoka,True,1975,1975-03-30 00:00:00,1975-04-06 00:00:00,Not stated,1975-03-30,1975-04-06,89.0,96.0,7.0,True,False,False,True,True,34.975,138.4033,6.107142857142857,9.303225806451612,7.705184331797234,JMA daily observed
Matsue,True,1975,1975-04-07 00:00:00,1975-04-11 00:00:00,Not stated,1975-04-07,1975-04-11,97.0,101.0,4.0,True,False,False,True,True,35.4567,133.065,3.425,6.351612903225806,4.888306451612904,JMA daily observed
Kyoto,True,1975,1975-04-04 00:00:00,1975-04-10 00:00:00,Not stated,1975-04-04,1975-04-10,94.0,100.0,6.0,True,False,False,True,True,35.0117,135.735,3.7285714285714286,7.412903225806452,5.57073732718894,JMA daily observed
Kobe,True,1975,1975-03-31 00:00:00,1975-04-07 00:00:00,Not stated,1975-03-31,1975-04-07,90.0,97.0,7.0,True,False,False,True,True,34.6967,135.2117,4.085714285714286,7.803225806451613,5.94447004608295,JMA daily observed
Osaka,True,1975,1975-04-02 00:00:00,1975-04-09 00:00:00,Not stated,1975-04-02,1975-04-09,92.0,99.0,7.0,True,False,False,True,True,34.6817,135.5183,4.567857142857143,8.393548387096773,6.480702764976958,JMA daily observed
Nara,True,1975,1975-04-05 00:00:00,1975-04-09 00:00:00,Not stated,1975-04-05,1975-04-09,95.0,99.0,4.0,True,False,False,True,True,34.6733,135.8317,2.7464285714285714,6.651612903225806,4.699020737327189,JMA daily observed
Kochi,True,1975,1975-03-24 00:00:00,1975-03-31 00:00:00,Not stated,1975-03-24,1975-03-31,83.0,90.0,7.0,True,False,False,True,True,33.5667,133.5483,5.867857142857143,9.993548387096775,7.930702764976958,JMA daily observed
Fukuoka,True,1975,1975-04-01 00:00:00,1975-04-06 00:00:00,Not stated,1975-04-01,1975-04-06,91.0,96.0,5.0,True,False,False,True,True,33.5817,130.3767,6.035714285714286,9.551612903225807,7.793663594470047,JMA daily observed
Oita,True,1975,1975-03-29 00:00:00,1975-04-06 00:00:00,Not stated,1975-03-29,1975-04-06,88.0,96.0,8.0,True,False,False,True,True,33.235,131.6183,5.560714285714285,9.154838709677419,7.357776497695852,JMA daily observed
Kagoshima,True,1975,1975-03-29 00:00:00,1975-04-10 00:00:00,Not stated,1975-03-29,1975-04-10,88.0,100.0,12.0,True,False,False,True,True,31.555,130.5467,7.560714285714285,11.290322580645162,9.425518433179723,JMA daily observed
Miyazaki,True,1975,1975-03-27 00:00:00,1975-04-06 00:00:00,Not stated,1975-03-27,1975-04-06,86.0,96.0,10.0,True,False,False,True,True,31.9383,131.4133,7.339285714285714,10.848387096774195,9.093836405529954,JMA daily observed
Wakkanai,True,1976,1976-05-20 00:00:00,1976-05-23 00:00:00,Sargent cherry (Prunus sargentii),1976-05-20,1976-05-23,140.0,143.0,3.0,False,False,False,True,True,45.415,141.6783,-3.472413793103448,-1.441935483870968,-2.457174638487208,JMA daily observed
Asahikawa,True,1976,1976-05-11 00:00:00,1976-05-14 00:00:00,Sargent cherry (Prunus sargentii),1976-05-11,1976-05-14,131.0,134.0,3.0,False,False,False,True,True,43.7567,142.3717,-5.655172413793103,-2.6806451612903226,-4.1679087875417125,JMA daily observed
Iwamizawa,False,1976,1976-05-09 00:00:00,1976-05-13 00:00:00,Sargent cherry (Prunus sargentii),1976-05-09,1976-05-13,129.0,133.0,4.0,False,False,False,True,True,43.2117,141.785,-4.210344827586207,-1.5741935483870966,-2.892269187986652,JMA daily observed
Urakawa,False,1976,1976-05-15 00:00:00,1976-05-17 00:00:00,Sargent cherry (Prunus sargentii),1976-05-15,1976-05-17,135.0,137.0,2.0,False,False,False,True,True,42.1617,142.7767,-1.7,7.162729191130042e-18,-0.85,JMA daily observed
Aomori,True,1976,1976-04-25 00:00:00,1976-05-04 00:00:00,Not stated,1976-04-25,1976-05-04,115.0,124.0,9.0,True,False,False,True,True,40.8217,140.7683,-0.996551724137931,1.567741935483871,0.28559510567297003,JMA daily observed
Akita,True,1976,1976-04-23 00:00:00,1976-04-28 00:00:00,Not stated,1976-04-23,1976-04-28,113.0,118.0,5.0,True,False,False,True,True,39.7167,140.0983,0.20344827586206893,3.106451612903226,1.6549499443826474,JMA daily observed
Yamagata,True,1976,1976-04-18 00:00:00,1976-04-23 00:00:00,Not stated,1976-04-18,1976-04-23,108.0,113.0,5.0,True,False,False,True,True,38.255,140.345,-0.17241379310344832,3.196774193548387,1.5121802002224694,JMA daily observed
Nagano,True,1976,1976-04-15 00:00:00,1976-04-20 00:00:00,Not stated,1976-04-15,1976-04-20,105.0,110.0,5.0,True,False,False,True,True,36.6617,138.1917,1.0344827586206897,3.5032258064516126,2.268854282536151,JMA daily observed
Fukui,True,1976,1976-04-02 00:00:00,1976-04-10 00:00:00,Not stated,1976-04-02,1976-04-10,92.0,100.0,8.0,True,False,False,True,True,36.055,136.2217,4.8310344827586205,6.558064516129033,5.694549499443827,JMA daily observed
Shizuoka,True,1976,1976-03-23 00:00:00,1976-03-30 00:00:00,Not stated,1976-03-23,1976-03-30,82.0,89.0,7.0,True,False,False,True,True,34.975,138.4033,8.582758620689656,10.3,9.441379310344828,JMA daily observed
Matsue,True,1976,1976-04-02 00:00:00,1976-04-13 00:00:00,Not stated,1976-04-02,1976-04-13,92.0,103.0,11.0,True,False,False,True,True,35.4567,133.065,5.779310344827586,6.941935483870967,6.3606229143492765,JMA daily observed
Kyoto,True,1976,1976-03-29 00:00:00,1976-04-09 00:00:00,Not stated,1976-03-29,1976-04-09,88.0,99.0,11.0,True,False,False,True,True,35.0117,135.735,6.727586206896552,7.864516129032259,7.296051167964405,JMA daily observed
Kobe,True,1976,1976-03-25 00:00:00,1976-04-06 00:00:00,Not stated,1976-03-25,1976-04-06,84.0,96.0,12.0,True,False,False,True,True,34.6967,135.2117,7.248275862068965,8.32258064516129,7.785428253615128,JMA daily observed
Osaka,True,1976,1976-03-29 00:00:00,1976-04-07 00:00:00,Not stated,1976-03-29,1976-04-07,88.0,97.0,9.0,True,False,False,True,True,34.6817,135.5183,7.80344827586207,8.932258064516128,8.367853170189099,JMA daily observed
Nara,True,1976,1976-03-30 00:00:00,1976-04-05 00:00:00,Not stated,1976-03-30,1976-04-05,89.0,95.0,6.0,True,False,False,True,True,34.6733,135.8317,5.972413793103448,6.716129032258064,6.344271412680756,JMA daily observed
Kochi,True,1976,1976-03-23 00:00:00,1976-03-30 00:00:00,Not stated,1976-03-23,1976-03-30,82.0,89.0,7.0,True,False,False,True,True,33.5667,133.5483,9.10344827586207,10.40967741935484,9.756562847608453,JMA daily observed
Fukuoka,True,1976,1976-03-22 00:00:00,1976-04-02 00:00:00,Not stated,1976-03-22,1976-04-02,81.0,92.0,11.0,True,False,False,True,True,33.5817,130.3767,8.648275862068965,9.303225806451612,8.975750834260289,JMA daily observed
Oita,True,1976,1976-03-29 00:00:00,1976-04-10 00:00:00,Not stated,1976-03-29,1976-04-10,88.0,100.0,12.0,True,False,False,True,True,33.235,131.6183,7.875862068965517,8.861290322580645,8.36857619577308,JMA daily observed
Kagoshima,True,1976,1976-03-25 00:00:00,1976-04-01 00:00:00,Not stated,1976-03-25,1976-04-01,84.0,91.0,7.0,True,False,False,True,True,31.555,130.5467,10.882758620689655,11.570967741935483,11.22686318131257,JMA daily observed
Miyazaki,True,1976,1976-03-24 00:00:00,1976-04-02 00:00:00,Not stated,1976-03-24,1976-04-02,83.0,92.0,9.0,True,False,False,True,True,31.9383,131.4133,10.213793103448275,11.096774193548388,10.655283648498331,JMA daily observed
Wakkanai,True,1977,1977-05-21 00:00:00,1977-05-26 00:00:00,Sargent cherry (Prunus sargentii),1977-05-21,1977-05-26,141.0,146.0,5.0,False,False,False,True,True,45.415,141.6783,-7.0928571428571425,-1.0161290322580645,-4.054493087557604,JMA daily observed
Asahikawa,True,1977,1977-05-13 00:00:00,1977-05-14 00:00:00,Sargent cherry (Prunus sargentii),1977-05-13,1977-05-14,133.0,134.0,1.0,False,False,False,True,True,43.7567,142.3717,-10.278571428571428,-2.5870967741935487,-6.432834101382489,JMA daily observed
Iwamizawa,False,1977,1977-05-12 00:00:00,1977-05-15 00:00:00,Sargent cherry (Prunus sargentii),1977-05-12,1977-05-15,132.0,135.0,3.0,False,False,False,True,True,43.2117,141.785,-7.921428571428572,-1.467741935483871,-4.694585253456221,JMA daily observed
Urakawa,False,1977,1977-05-14 00:00:00,1977-05-16 00:00:00,Sargent cherry (Prunus sargentii),1977-05-14,1977-05-16,134.0,136.0,2.0,False,False,False,True,True,42.1617,142.7767,-4.475,-0.07419354838709677,-2.274596774193548,JMA daily observed
Aomori,True,1977,1977-05-02 00:00:00,1977-05-07 00:00:00,Not stated,1977-05-02,1977-05-07,122.0,127.0,5.0,True,False,False,True,True,40.8217,140.7683,-2.685714285714286,1.7129032258064516,-0.48640552995391717,JMA daily observed
Akita,True,1977,1977-04-22 00:00:00,1977-04-27 00:00:00,Not stated,1977-04-22,1977-04-27,112.0,117.0,5.0,True,False,False,True,True,39.7167,140.0983,-0.942857142857143,3.641935483870968,1.3495391705069124,JMA daily observed
Yamagata,True,1977,1977-04-15 00:00:00,1977-04-22 00:00:00,Not stated,1977-04-15,1977-04-22,105.0,112.0,7.0,True,False,False,True,True,38.255,140.345,-1.2321428571428572,3.2225806451612904,0.9952188940092166,JMA daily observed
Nagano,True,1977,1977-04-15 00:00:00,1977-04-18 00:00:00,Not stated,1977-04-15,1977-04-18,105.0,108.0,3.0,True,False,False,True,True,36.6617,138.1917,-2.332142857142857,4.080645161290323,0.874251152073733,JMA daily observed
Fukui,True,1977,1977-04-10 00:00:00,1977-04-13 00:00:00,Not stated,1977-04-10,1977-04-13,100.0,103.0,3.0,True,False,False,True,True,36.055,136.2217,0.9285714285714286,5.925806451612903,3.427188940092166,JMA daily observed
Shizuoka,True,1977,1977-03-22 00:00:00,1977-03-28 00:00:00,Not stated,1977-03-22,1977-03-28,81.0,87.0,6.0,True,False,False,True,True,34.975,138.4033,5.653571428571429,10.76774193548387,8.21065668202765,JMA daily observed
Matsue,True,1977,1977-04-01 00:00:00,1977-04-05 00:00:00,Not stated,1977-04-01,1977-04-05,91.0,95.0,4.0,True,False,False,True,True,35.4567,133.065,2.2964285714285713,7.674193548387097,4.9853110599078345,JMA daily observed
Kyoto,True,1977,1977-03-29 00:00:00,1977-04-03 00:00:00,Not stated,1977-03-29,1977-04-03,88.0,93.0,5.0,True,False,False,True,True,35.0117,135.735,2.9250000000000003,8.696774193548388,5.810887096774194,JMA daily observed
Kobe,True,1977,1977-03-26 00:00:00,1977-03-31 00:00:00,Not stated,1977-03-26,1977-03-31,85.0,90.0,5.0,True,False,False,True,True,34.6967,135.2117,3.5214285714285714,9.2,6.360714285714286,JMA daily observed
Osaka,True,1977,1977-03-27 00:00:00,1977-04-01 00:00:00,Not stated,1977-03-27,1977-04-01,86.0,91.0,5.0,True,False,False,True,True,34.6817,135.5183,4.310714285714286,9.851612903225806,7.081163594470047,JMA daily observed
Nara,True,1977,1977-03-30 00:00:00,1977-04-04 00:00:00,Not stated,1977-03-30,1977-04-04,89.0,94.0,5.0,True,False,False,True,True,34.6733,135.8317,2.05,8.009677419354839,5.029838709677419,JMA daily observed
Kochi,True,1977,1977-03-20 00:00:00,1977-03-27 00:00:00,Not stated,1977-03-20,1977-03-27,79.0,86.0,7.0,True,False,False,True,True,33.5667,133.5483,4.7821428571428575,10.812903225806451,7.797523041474655,JMA daily observed
Fukuoka,True,1977,1977-03-23 00:00:00,1977-03-29 00:00:00,Not stated,1977-03-23,1977-03-29,82.0,88.0,6.0,True,False,False,True,True,33.5817,130.3767,4.671428571428572,10.254838709677419,7.463133640552995,JMA daily observed
Oita,True,1977,1977-03-23 00:00:00,1977-03-30 00:00:00,Not stated,1977-03-23,1977-03-30,82.0,89.0,7.0,True,False,False,True,True,33.235,131.6183,4.039285714285714,9.53225806451613,6.785771889400921,JMA daily observed
Kagoshima,True,1977,1977-03-18 00:00:00,1977-03-26 00:00:00,Not stated,1977-03-18,1977-03-26,77.0,85.0,8.0,True,False,False,True,True,31.555,130.5467,5.9071428571428575,12.748387096774193,9.327764976958525,JMA daily observed
Miyazaki,True,1977,1977-03-18 00:00:00,1977-03-27 00:00:00,Not stated,1977-03-18,1977-03-27,77.0,86.0,9.0,True,False,False,True,True,31.9383,131.4133,6.135714285714286,12.329032258064515,9.2323732718894,JMA daily observed
Wakkanai,True,1978,1978-05-16 00:00:00,1978-05-19 00:00:00,Sargent cherry (Prunus sargentii),1978-05-16,1978-05-19,136.0,139.0,3.0,False,False,False,True,True,45.415,141.6783,-9.185714285714285,-1.6419354838709677,-5.413824884792627,JMA daily observed
Asahikawa,True,1978,1978-05-08 00:00:00,1978-05-11 00:00:00,Sargent cherry (Prunus sargentii),1978-05-08,1978-05-11,128.0,131.0,3.0,False,False,False,True,True,43.7567,142.3717,-11.775,-4.187096774193549,-7.9810483870967746,JMA daily observed
Iwamizawa,False,1978,1978-05-10 00:00:00,1978-05-14 00:00:00,Sargent cherry (Prunus sargentii),1978-05-10,1978-05-14,130.0,134.0,4.0,False,False,False,True,True,43.2117,141.785,-9.685714285714285,-2.674193548387097,-6.179953917050691,JMA daily observed
Urakawa,False,1978,1978-05-16 00:00:00,1978-05-19 00:00:00,Sargent cherry (Prunus sargentii),1978-05-16,1978-05-19,136.0,139.0,3.0,False,False,False,True,True,42.1617,142.7767,-6.075,-1.0516129032258066,-3.5633064516129034,JMA daily observed
Aomori,True,1978,1978-05-01 00:00:00,1978-05-04 00:00:00,Not stated,1978-05-01,1978-05-04,121.0,124.0,3.0,True,False,False,True,True,40.8217,140.7683,-4.2178571428571425,1.2870967741935484,-1.465380184331797,JMA daily observed
Akita,True,1978,1978-04-26 00:00:00,1978-04-30 00:00:00,Not stated,1978-04-26,1978-04-30,116.0,120.0,4.0,True,False,False,True,True,39.7167,140.0983,-2.5035714285714286,2.916129032258065,0.20627880184331815,JMA daily observed
Yamagata,True,1978,1978-04-23 00:00:00,1978-04-27 00:00:00,Not stated,1978-04-23,1978-04-27,113.0,117.0,4.0,True,False,False,True,True,38.255,140.345,-2.6464285714285714,2.5161290322580645,-0.06514976958525343,JMA daily observed
Nagano,True,1978,1978-04-20 00:00:00,1978-04-25 00:00:00,Not stated,1978-04-20,1978-04-25,110.0,115.0,5.0,True,False,False,True,True,36.6617,138.1917,-1.925,2.435483870967742,0.255241935483871,JMA daily observed
Fukui,True,1978,1978-04-12 00:00:00,1978-04-15 00:00:00,Not stated,1978-04-12,1978-04-15,102.0,105.0,3.0,True,False,False,True,True,36.055,136.2217,1.25,5.812903225806451,3.5314516129032256,JMA daily observed
Shizuoka,True,1978,1978-04-06 00:00:00,1978-04-10 00:00:00,Not stated,1978-04-06,1978-04-10,96.0,100.0,4.0,True,False,False,True,True,34.975,138.4033,5.489285714285714,9.19032258064516,7.339804147465437,JMA daily observed
Matsue,True,1978,1978-04-08 00:00:00,1978-04-14 00:00:00,Not stated,1978-04-08,1978-04-14,98.0,104.0,6.0,True,False,False,True,True,35.4567,133.065,3.2535714285714286,6.612903225806452,4.93323732718894,JMA daily observed
Kyoto,True,1978,1978-04-08 00:00:00,1978-04-13 00:00:00,Not stated,1978-04-08,1978-04-13,98.0,103.0,5.0,True,False,False,True,True,35.0117,135.735,3.460714285714286,7.596774193548387,5.528744239631337,JMA daily observed
Kobe,True,1978,1978-04-06 00:00:00,1978-04-10 00:00:00,Not stated,1978-04-06,1978-04-10,96.0,100.0,4.0,True,False,False,True,True,34.6967,135.2117,4.021428571428571,8.019354838709678,6.020391705069125,JMA daily observed
Osaka,True,1978,1978-04-04 00:00:00,1978-04-10 00:00:00,Not stated,1978-04-04,1978-04-10,94.0,100.0,6.0,True,False,False,True,True,34.6817,135.5183,4.8500000000000005,8.72258064516129,6.786290322580646,JMA daily observed
Nara,True,1978,1978-04-08 00:00:00,1978-04-11 00:00:00,Not stated,1978-04-08,1978-04-11,98.0,101.0,3.0,True,False,False,True,True,34.6733,135.8317,2.789285714285714,6.577419354838709,4.683352534562212,JMA daily observed
Kochi,True,1978,1978-03-29 00:00:00,1978-04-09 00:00:00,Not stated,1978-03-29,1978-04-09,88.0,99.0,11.0,True,False,False,True,True,33.5667,133.5483,5.435714285714285,9.53225806451613,7.4839861751152075,JMA daily observed
Fukuoka,True,1978,1978-04-01 00:00:00,1978-04-08 00:00:00,Not stated,1978-04-01,1978-04-08,91.0,98.0,7.0,True,False,False,True,True,33.5817,130.3767,6.007142857142857,9.383870967741935,7.695506912442395,JMA daily observed
Oita,True,1978,1978-03-30 00:00:00,1978-04-09 00:00:00,Not stated,1978-03-30,1978-04-09,89.0,99.0,10.0,True,False,False,True,True,33.235,131.6183,5.767857142857143,8.832258064516129,7.300057603686636,JMA daily observed
Kagoshima,True,1978,1978-04-01 00:00:00,1978-04-11 00:00:00,Not stated,1978-04-01,1978-04-11,91.0,101.0,10.0,True,False,False,True,True,31.555,130.5467,7.453571428571429,11.0,9.226785714285715,JMA daily observed
Miyazaki,True,1978,1978-03-30 00:00:00,1978-04-09 00:00:00,Not stated,1978-03-30,1978-04-09,89.0,99.0,10.0,True,False,False,True,True,31.9383,131.4133,7.503571428571428,10.69032258064516,9.096947004608294,JMA daily observed
Wakkanai,True,1979,1979-05-21 00:00:00,1979-05-26 00:00:00,Sargent cherry (Prunus sargentii),1979-05-21,1979-05-26,141.0,146.0,5.0,False,False,False,True,True,45.415,141.6783,-4.525,-2.52258064516129,-3.5237903225806453,JMA daily observed
Asahikawa,True,1979,1979-05-12 00:00:00,1979-05-15 00:00:00,Sargent cherry (Prunus sargentii),1979-05-12,1979-05-15,132.0,135.0,3.0,False,False,False,True,True,43.7567,142.3717,-5.557142857142857,-3.6548387096774193,-4.605990783410138,JMA daily observed
Iwamizawa,False,1979,1979-05-10 00:00:00,1979-05-14 00:00:00,Sargent cherry (Prunus sargentii),1979-05-10,1979-05-14,130.0,134.0,4.0,False,False,False,True,True,43.2117,141.785,-3.8642857142857143,-2.003225806451613,-2.9337557603686637,JMA daily observed
Urakawa,False,1979,1979-05-18 00:00:00,1979-05-21 00:00:00,Sargent cherry (Prunus sargentii),1979-05-18,1979-05-21,138.0,141.0,3.0,False,False,False,True,True,42.1617,142.7767,-1.5678571428571428,-0.3032258064516129,-0.9355414746543779,JMA daily observed
Aomori,True,1979,1979-04-30 00:00:00,1979-05-06 00:00:00,Not stated,1979-04-30,1979-05-06,120.0,126.0,6.0,True,False,False,True,True,40.8217,140.7683,-0.22499999999999995,2.2838709677419353,1.0294354838709676,JMA daily observed
Akita,True,1979,1979-04-18 00:00:00,1979-04-25 00:00:00,Not stated,1979-04-18,1979-04-25,108.0,115.0,7.0,True,False,False,True,True,39.7167,140.0983,1.9821428571428572,3.3161290322580643,2.6491359447004608,JMA daily observed
Yamagata,True,1979,1979-04-12 00:00:00,1979-04-20 00:00:00,Not stated,1979-04-12,1979-04-20,102.0,110.0,8.0,True,False,False,True,True,38.255,140.345,2.175,3.396774193548387,2.7858870967741933,JMA daily observed
Nagano,True,1979,1979-04-08 00:00:00,1979-04-11 00:00:00,Not stated,1979-04-08,1979-04-11,98.0,101.0,3.0,True,False,False,True,True,36.6617,138.1917,3.1464285714285714,3.97741935483871,3.5619239631336406,JMA daily observed
Fukui,True,1979,1979-03-31 00:00:00,1979-04-06 00:00:00,Not stated,1979-03-31,1979-04-06,90.0,96.0,6.0,True,False,False,True,True,36.055,136.2217,5.871428571428572,6.903225806451613,6.387327188940093,JMA daily observed
Shizuoka,True,1979,1979-03-29 00:00:00,1979-04-05 00:00:00,Not stated,1979-03-29,1979-04-05,88.0,95.0,7.0,True,False,False,True,True,34.975,138.4033,9.442857142857141,10.154838709677419,9.79884792626728,JMA daily observed
Matsue,True,1979,1979-03-31 00:00:00,1979-04-04 00:00:00,Not stated,1979-03-31,1979-04-04,90.0,94.0,4.0,True,False,False,True,True,35.4567,133.065,6.107142857142857,7.338709677419355,6.722926267281106,JMA daily observed
Kyoto,True,1979,1979-03-31 00:00:00,1979-04-09 00:00:00,Not stated,1979-03-31,1979-04-09,90.0,99.0,9.0,True,False,False,True,True,35.0117,135.735,7.478571428571429,7.970967741935484,7.724769585253457,JMA daily observed
Kobe,True,1979,1979-03-29 00:00:00,1979-04-07 00:00:00,Not stated,1979-03-29,1979-04-07,88.0,97.0,9.0,True,False,False,True,True,34.6967,135.2117,7.692857142857143,8.2,7.946428571428571,JMA daily observed
Osaka,True,1979,1979-03-29 00:00:00,1979-04-09 00:00:00,Not stated,1979-03-29,1979-04-09,88.0,99.0,11.0,True,False,False,True,True,34.6817,135.5183,8.496428571428572,9.17741935483871,8.836923963133641,JMA daily observed
Nara,True,1979,1979-03-30 00:00:00,1979-04-06 00:00:00,Not stated,1979-03-30,1979-04-06,89.0,96.0,7.0,True,False,False,True,True,34.6733,135.8317,6.392857142857143,7.022580645161291,6.707718894009217,JMA daily observed
Kochi,True,1979,1979-03-26 00:00:00,1979-04-03 00:00:00,Not stated,1979-03-26,1979-04-03,85.0,93.0,8.0,True,False,False,True,True,33.5667,133.5483,8.846428571428572,10.219354838709679,9.532891705069126,JMA daily observed
Fukuoka,True,1979,1979-03-28 00:00:00,1979-04-06 00:00:00,Not stated,1979-03-28,1979-04-06,87.0,96.0,9.0,True,False,False,True,True,33.5817,130.3767,7.971428571428571,9.906451612903227,8.938940092165899,JMA daily observed
Oita,True,1979,1979-03-29 00:00:00,1979-04-08 00:00:00,Not stated,1979-03-29,1979-04-08,88.0,98.0,10.0,True,False,False,True,True,33.235,131.6183,8.035714285714286,9.235483870967743,8.635599078341015,JMA daily observed
Kagoshima,True,1979,1979-03-30 00:00:00,1979-04-05 00:00:00,Not stated,1979-03-30,1979-04-05,89.0,95.0,6.0,True,False,False,True,True,31.555,130.5467,10.007142857142856,11.670967741935485,10.83905529953917,JMA daily observed
Miyazaki,True,1979,1979-03-30 00:00:00,1979-04-06 00:00:00,Not stated,1979-03-30,1979-04-06,89.0,96.0,7.0,True,False,False,True,True,31.9383,131.4133,9.732142857142858,10.709677419354838,10.220910138248847,JMA daily observed
Wakkanai,True,1980,1980-05-25 00:00:00,1980-05-27 00:00:00,Sargent cherry (Prunus sargentii),1980-05-25,1980-05-27,145.0,147.0,2.0,False,False,False,True,True,45.415,141.6783,-7.051724137931035,-1.8903225806451613,-4.471023359288098,JMA daily observed
Asahikawa,True,1980,1980-05-16 00:00:00,1980-05-19 00:00:00,Sargent cherry (Prunus sargentii),1980-05-16,1980-05-19,136.0,139.0,3.0,False,False,False,True,True,43.7567,142.3717,-9.413793103448276,-2.8774193548387097,-6.1456062291434925,JMA daily observed
Iwamizawa,False,1980,1980-05-15 00:00:00,1980-05-18 00:00:00,Sargent cherry (Prunus sargentii),1980-05-15,1980-05-18,135.0,138.0,3.0,False,False,False,True,True,43.2117,141.785,-7.56551724137931,-1.558064516129032,-4.561790878754171,JMA daily observed
Urakawa,False,1980,1980-05-19 00:00:00,1980-05-21 00:00:00,Sargent cherry (Prunus sargentii),1980-05-19,1980-05-21,139.0,141.0,2.0,False,False,False,True,True,42.1617,142.7767,-4.582758620689655,-0.035483870967741984,-2.3091212458286985,JMA daily observed
Aomori,True,1980,1980-05-04 00:00:00,1980-05-09 00:00:00,Not stated,1980-05-04,1980-05-09,124.0,129.0,5.0,True,False,False,True,True,40.8217,140.7683,-3.0448275862068965,1.1225806451612903,-0.9611234705228031,JMA daily observed
Akita,True,1980,1980-04-23 00:00:00,1980-04-28 00:00:00,Not stated,1980-04-23,1980-04-28,113.0,118.0,5.0,True,False,False,True,True,39.7167,140.0983,-1.4068965517241379,2.458064516129032,0.5255839822024472,JMA daily observed
Yamagata,True,1980,1980-04-21 00:00:00,1980-04-27 00:00:00,Not stated,1980-04-21,1980-04-27,111.0,117.0,6.0,True,False,False,True,True,38.255,140.345,-1.7689655172413792,1.6774193548387097,-0.04577308120133472,JMA daily observed
Nagano,True,1980,1980-04-18 00:00:00,1980-04-22 00:00:00,Not stated,1980-04-18,1980-04-22,108.0,112.0,4.0,True,False,False,True,True,36.6617,138.1917,-1.2620689655172415,2.458064516129032,0.5979977753058954,JMA daily observed
Fukui,True,1980,1980-04-08 00:00:00,1980-04-11 00:00:00,Not stated,1980-04-08,1980-04-11,98.0,101.0,3.0,True,False,False,True,True,36.055,136.2217,1.6448275862068966,5.848387096774194,3.746607341490545,JMA daily observed
Shizuoka,True,1980,1980-03-31 00:00:00,1980-04-07 00:00:00,Not stated,1980-03-31,1980-04-07,90.0,97.0,7.0,True,False,False,True,True,34.975,138.4033,5.651724137931034,9.709677419354838,7.680700778642937,JMA daily observed
Matsue,True,1980,1980-04-03 00:00:00,1980-04-10 00:00:00,Not stated,1980-04-03,1980-04-10,93.0,100.0,7.0,True,False,False,True,True,35.4567,133.065,2.986206896551724,6.751612903225807,4.868909899888766,JMA daily observed
Kyoto,True,1980,1980-04-05 00:00:00,1980-04-08 00:00:00,Not stated,1980-04-05,1980-04-08,95.0,98.0,3.0,True,False,False,True,True,35.0117,135.735,3.493103448275862,7.325806451612903,5.409454949944382,JMA daily observed
Kobe,True,1980,1980-04-03 00:00:00,1980-04-08 00:00:00,Not stated,1980-04-03,1980-04-08,93.0,98.0,5.0,True,False,False,True,True,34.6967,135.2117,3.8000000000000003,7.758064516129032,5.779032258064516,JMA daily observed
Osaka,True,1980,1980-04-03 00:00:00,1980-04-09 00:00:00,Not stated,1980-04-03,1980-04-09,93.0,99.0,6.0,True,False,False,True,True,34.6817,135.5183,4.8310344827586205,8.54516129032258,6.6880978865406,JMA daily observed
Nara,True,1980,1980-04-04 00:00:00,1980-04-08 00:00:00,Not stated,1980-04-04,1980-04-08,94.0,98.0,4.0,True,False,False,True,True,34.6733,135.8317,2.762068965517241,6.561290322580645,4.661679644048943,JMA daily observed
Kochi,True,1980,1980-03-26 00:00:00,1980-04-02 00:00:00,Not stated,1980-03-26,1980-04-02,85.0,92.0,7.0,True,False,False,True,True,33.5667,133.5483,5.26551724137931,10.109677419354838,7.687597330367074,JMA daily observed
Fukuoka,True,1980,1980-03-30 00:00:00,1980-04-05 00:00:00,Not stated,1980-03-30,1980-04-05,89.0,95.0,6.0,True,False,False,True,True,33.5817,130.3767,5.089655172413793,9.593548387096773,7.341601779755283,JMA daily observed
Oita,True,1980,1980-03-29 00:00:00,1980-04-05 00:00:00,Not stated,1980-03-29,1980-04-05,88.0,95.0,7.0,True,False,False,True,True,33.235,131.6183,4.8310344827586205,8.793548387096775,6.8122914349276975,JMA daily observed
Kagoshima,True,1980,1980-03-22 00:00:00,1980-03-30 00:00:00,Not stated,1980-03-22,1980-03-30,81.0,89.0,8.0,True,False,False,True,True,31.555,130.5467,6.593103448275862,12.093548387096773,9.343325917686318,JMA daily observed
Miyazaki,True,1980,1980-03-26 00:00:00,1980-04-04 00:00:00,Not stated,1980-03-26,1980-04-04,85.0,94.0,9.0,True,False,False,True,True,31.9383,131.4133,6.203448275862069,11.399999999999999,8.801724137931034,JMA daily observed
Wakkanai,True,1981,1981-05-11 00:00:00,1981-05-15 00:00:00,Sargent cherry (Prunus sargentii),1981-05-11,1981-05-15,131.0,135.0,4.0,False,False,False,True,True,45.415,141.6783,-6.253571428571428,-2.5580645161290323,-4.40581797235023,JMA daily observed
Asahikawa,True,1981,1981-05-05 00:00:00,1981-05-07 00:00:00,Sargent cherry (Prunus sargentii),1981-05-05,1981-05-07,125.0,127.0,2.0,False,False,False,True,True,43.7567,142.3717,-7.478571428571429,-3.396774193548387,-5.437672811059908,JMA daily observed
Iwamizawa,False,1981,1981-05-07 00:00:00,1981-05-09 00:00:00,Sargent cherry (Prunus sargentii),1981-05-07,1981-05-09,127.0,129.0,2.0,False,False,False,True,True,43.2117,141.785,-5.378571428571428,-2.0903225806451613,-3.7344470046082945,JMA daily observed
Urakawa,False,1981,1981-05-12 00:00:00,1981-05-14 00:00:00,Sargent cherry (Prunus sargentii),1981-05-12,1981-05-14,132.0,134.0,2.0,False,False,False,True,True,42.1617,142.7767,-2.5928571428571425,-0.4161290322580645,-1.5044930875576035,JMA daily observed
Aomori,True,1981,1981-04-27 00:00:00,1981-05-01 00:00:00,Not stated,1981-04-27,1981-05-01,117.0,121.0,4.0,True,False,False,True,True,40.8217,140.7683,-1.2,1.3387096774193548,0.0693548387096774,JMA daily observed
Akita,True,1981,1981-04-22 00:00:00,1981-04-27 00:00:00,Not stated,1981-04-22,1981-04-27,112.0,117.0,5.0,True,False,False,True,True,39.7167,140.0983,0.375,3.1258064516129034,1.7504032258064517,JMA daily observed
Yamagata,True,1981,1981-04-21 00:00:00,1981-04-26 00:00:00,Not stated,1981-04-21,1981-04-26,111.0,116.0,5.0,True,False,False,True,True,38.255,140.345,-0.7000000000000001,2.070967741935484,0.685483870967742,JMA daily observed
Nagano,True,1981,1981-04-17 00:00:00,1981-04-23 00:00:00,Not stated,1981-04-17,1981-04-23,107.0,113.0,6.0,True,False,False,True,True,36.6617,138.1917,-1.6928571428571428,3.4709677419354836,0.8890552995391704,JMA daily observed
Fukui,True,1981,1981-04-09 00:00:00,1981-04-13 00:00:00,Not stated,1981-04-09,1981-04-13,99.0,103.0,4.0,True,False,False,True,True,36.055,136.2217,2.017857142857143,5.841935483870968,3.929896313364055,JMA daily observed
Shizuoka,True,1981,1981-03-26 00:00:00,1981-04-03 00:00:00,Not stated,1981-03-26,1981-04-03,85.0,93.0,8.0,True,False,False,True,True,34.975,138.4033,6.307142857142857,10.061290322580644,8.184216589861752,JMA daily observed
Matsue,True,1981,1981-04-04 00:00:00,1981-04-12 00:00:00,Not stated,1981-04-04,1981-04-12,94.0,102.0,8.0,True,False,False,True,True,35.4567,133.065,3.2392857142857143,7.564516129032258,5.401900921658986,JMA daily observed
Kyoto,True,1981,1981-03-30 00:00:00,1981-04-08 00:00:00,Not stated,1981-03-30,1981-04-08,89.0,98.0,9.0,True,False,False,True,True,35.0117,135.735,3.896428571428572,8.303225806451612,6.099827188940092,JMA daily observed
Kobe,True,1981,1981-03-29 00:00:00,1981-04-06 00:00:00,Not stated,1981-03-29,1981-04-06,88.0,96.0,8.0,True,False,False,True,True,34.6967,135.2117,4.067857142857142,8.587096774193547,6.327476958525345,JMA daily observed
Osaka,True,1981,1981-03-28 00:00:00,1981-04-06 00:00:00,Not stated,1981-03-28,1981-04-06,87.0,96.0,9.0,True,False,False,True,True,34.6817,135.5183,5.057142857142857,9.316129032258065,7.186635944700461,JMA daily observed
Nara,True,1981,1981-03-31 00:00:00,1981-04-06 00:00:00,Not stated,1981-03-31,1981-04-06,90.0,96.0,6.0,True,False,False,True,True,34.6733,135.8317,3.1607142857142856,7.503225806451613,5.331970046082949,JMA daily observed
Kochi,True,1981,1981-03-20 00:00:00,1981-03-28 00:00:00,Not stated,1981-03-20,1981-03-28,79.0,87.0,8.0,True,False,False,True,True,33.5667,133.5483,6.885714285714286,11.658064516129032,9.271889400921658,JMA daily observed
Fukuoka,True,1981,1981-03-25 00:00:00,1981-04-02 00:00:00,Not stated,1981-03-25,1981-04-02,84.0,92.0,8.0,True,False,False,True,True,33.5817,130.3767,6.060714285714285,10.206451612903225,8.133582949308755,JMA daily observed
Oita,True,1981,1981-03-25 00:00:00,1981-04-01 00:00:00,Not stated,1981-03-25,1981-04-01,84.0,91.0,7.0,True,False,False,True,True,33.235,131.6183,5.307142857142857,9.174193548387096,7.240668202764977,JMA daily observed
Kagoshima,True,1981,1981-03-22 00:00:00,1981-03-28 00:00:00,Not stated,1981-03-22,1981-03-28,81.0,87.0,6.0,True,False,False,True,True,31.555,130.5467,8.510714285714286,12.141935483870967,10.326324884792626,JMA daily observed
Miyazaki,True,1981,1981-03-24 00:00:00,1981-03-30 00:00:00,Not stated,1981-03-24,1981-03-30,83.0,89.0,6.0,True,False,False,True,True,31.9383,131.4133,8.275,11.625806451612902,9.95040322580645,JMA daily observed
Wakkanai,True,1982,1982-05-16 00:00:00,1982-05-18 00:00:00,Sargent cherry (Prunus sargentii),1982-05-16,1982-05-18,136.0,138.0,2.0,False,False,False,True,True,45.415,141.6783,-5.314285714285715,-0.5709677419354838,-2.9426267281105996,JMA daily observed
Asahikawa,True,1982,1982-05-05 00:00:00,1982-05-07 00:00:00,Sargent cherry (Prunus sargentii),1982-05-05,1982-05-07,125.0,127.0,2.0,False,False,False,True,True,43.7567,142.3717,-8.97857142857143,-1.396774193548387,-5.187672811059908,JMA daily observed
Iwamizawa,False,1982,1982-05-05 00:00:00,1982-05-08 00:00:00,Sargent cherry (Prunus sargentii),1982-05-05,1982-05-08,125.0,128.0,3.0,False,False,False,True,True,43.2117,141.785,-6.8,-0.5387096774193548,-3.6693548387096775,JMA daily observed
Urakawa,False,1982,1982-05-13 00:00:00,1982-05-16 00:00:00,Sargent cherry (Prunus sargentii),1982-05-13,1982-05-16,133.0,136.0,3.0,False,False,False,True,True,42.1617,142.7767,-3.807142857142857,0.46774193548387094,-1.669700460829493,JMA daily observed
Aomori,True,1982,1982-04-27 00:00:00,1982-05-04 00:00:00,Not stated,1982-04-27,1982-05-04,117.0,124.0,7.0,True,False,False,True,True,40.8217,140.7683,-2.210714285714286,2.0870967741935487,-0.061808755760368594,JMA daily observed
Akita,True,1982,1982-04-20 00:00:00,1982-04-24 00:00:00,Not stated,1982-04-20,1982-04-24,110.0,114.0,4.0,True,False,False,True,True,39.7167,140.0983,-0.9607142857142857,3.52258064516129,1.2809331797235022,JMA daily observed
Yamagata,True,1982,1982-04-16 00:00:00,1982-04-21 00:00:00,Not stated,1982-04-16,1982-04-21,106.0,111.0,5.0,True,False,False,True,True,38.255,140.345,-1.125,3.4419354838709677,1.1584677419354839,JMA daily observed
Nagano,True,1982,1982-04-13 00:00:00,1982-04-19 00:00:00,Not stated,1982-04-13,1982-04-19,103.0,109.0,6.0,True,False,False,True,True,36.6617,138.1917,-0.875,4.300000000000001,1.7125000000000004,JMA daily observed
Fukui,True,1982,1982-04-01 00:00:00,1982-04-05 00:00:00,Not stated,1982-04-01,1982-04-05,91.0,95.0,4.0,True,False,False,True,True,36.055,136.2217,2.9107142857142856,7.909677419354838,5.410195852534562,JMA daily observed
Shizuoka,True,1982,1982-03-23 00:00:00,1982-03-29 00:00:00,Not stated,1982-03-23,1982-03-29,82.0,88.0,6.0,True,False,False,True,True,34.975,138.4033,6.410714285714286,10.529032258064515,8.4698732718894,JMA daily observed
Matsue,True,1982,1982-03-30 00:00:00,1982-04-07 00:00:00,Not stated,1982-03-30,1982-04-07,89.0,97.0,8.0,True,False,False,True,True,35.4567,133.065,4.1,7.848387096774194,5.974193548387097,JMA daily observed
Kyoto,True,1982,1982-03-24 00:00:00,1982-03-31 00:00:00,Not stated,1982-03-24,1982-03-31,83.0,90.0,7.0,True,False,False,True,True,35.0117,135.735,4.3,8.63225806451613,6.466129032258065,JMA daily observed
Kobe,True,1982,1982-03-24 00:00:00,1982-03-31 00:00:00,Not stated,1982-03-24,1982-03-31,83.0,90.0,7.0,True,False,False,True,True,34.6967,135.2117,4.771428571428571,9.109677419354838,6.940552995391705,JMA daily observed
Osaka,True,1982,1982-03-23 00:00:00,1982-03-31 00:00:00,Not stated,1982-03-23,1982-03-31,82.0,90.0,8.0,True,False,False,True,True,34.6817,135.5183,5.492857142857143,9.693548387096774,7.593202764976958,JMA daily observed
Nara,True,1982,1982-03-28 00:00:00,1982-04-01 00:00:00,Not stated,1982-03-28,1982-04-01,87.0,91.0,4.0,True,False,False,True,True,34.6733,135.8317,3.3892857142857147,7.903225806451613,5.646255760368664,JMA daily observed
Kochi,True,1982,1982-03-17 00:00:00,1982-03-24 00:00:00,Not stated,1982-03-17,1982-03-24,76.0,83.0,7.0,True,False,False,True,True,33.5667,133.5483,6.8,11.361290322580645,9.080645161290322,JMA daily observed
Fukuoka,True,1982,1982-03-20 00:00:00,1982-03-26 00:00:00,Not stated,1982-03-20,1982-03-26,79.0,85.0,6.0,True,False,False,True,True,33.5817,130.3767,6.732142857142857,10.703225806451613,8.717684331797235,JMA daily observed
Oita,True,1982,1982-03-19 00:00:00,1982-03-27 00:00:00,Not stated,1982-03-19,1982-03-27,78.0,86.0,8.0,True,False,False,True,True,33.235,131.6183,6.014285714285714,9.770967741935483,7.892626728110598,JMA daily observed
Kagoshima,True,1982,1982-03-19 00:00:00,1982-03-28 00:00:00,Not stated,1982-03-19,1982-03-28,78.0,87.0,9.0,True,False,False,True,True,31.555,130.5467,8.614285714285714,13.390322580645162,11.002304147465438,JMA daily observed
Miyazaki,True,1982,1982-03-18 00:00:00,1982-03-24 00:00:00,Not stated,1982-03-18,1982-03-24,77.0,83.0,6.0,True,False,False,True,True,31.9383,131.4133,7.935714285714285,12.729032258064517,10.332373271889402,JMA daily observed
Wakkanai,True,1983,1983-05-06 00:00:00,1983-05-12 00:00:00,Sargent cherry (Prunus sargentii),1983-05-06,1983-05-12,126.0,132.0,6.0,False,False,False,True,True,45.415,141.6783,-7.589285714285714,-1.8870967741935485,-4.738191244239632,JMA daily observed
Asahikawa,True,1983,1983-04-27 00:00:00,1983-04-29 00:00:00,Sargent cherry (Prunus sargentii),1983-04-27,1983-04-29,117.0,119.0,2.0,False,False,False,True,True,43.7567,142.3717,-8.45,-3.0870967741935487,-5.768548387096774,JMA daily observed
Iwamizawa,False,1983,1983-04-27 00:00:00,1983-04-30 00:00:00,Sargent cherry (Prunus sargentii),1983-04-27,1983-04-30,117.0,120.0,3.0,False,False,False,True,True,43.2117,141.785,-6.721428571428571,-2.206451612903226,-4.463940092165898,JMA daily observed
Urakawa,False,1983,1983-05-05 00:00:00,1983-05-08 00:00:00,Sargent cherry (Prunus sargentii),1983-05-05,1983-05-08,125.0,128.0,3.0,False,False,False,True,True,42.1617,142.7767,-3.9678571428571425,-0.14516129032258066,-2.0565092165898617,JMA daily observed
Aomori,True,1983,1983-04-21 00:00:00,1983-04-25 00:00:00,Not stated,1983-04-21,1983-04-25,111.0,115.0,4.0,True,False,False,True,True,40.8217,140.7683,-1.9785714285714284,1.8516129032258064,-0.06347926267281101,JMA daily observed
Akita,True,1983,1983-04-15 00:00:00,1983-04-19 00:00:00,Not stated,1983-04-15,1983-04-19,105.0,109.0,4.0,True,False,False,True,True,39.7167,140.0983,-0.48214285714285715,3.1870967741935483,1.3524769585253456,JMA daily observed
Yamagata,True,1983,1983-04-14 00:00:00,1983-04-18 00:00:00,Not stated,1983-04-14,1983-04-18,104.0,108.0,4.0,True,False,False,True,True,38.255,140.345,-1.2750000000000001,2.6838709677419357,0.7044354838709678,JMA daily observed
Nagano,True,1983,1983-04-13 00:00:00,1983-04-16 00:00:00,Not stated,1983-04-13,1983-04-16,103.0,106.0,3.0,True,False,False,True,True,36.6617,138.1917,-0.6535714285714286,3.358064516129032,1.3522465437788018,JMA daily observed
Fukui,True,1983,1983-04-07 00:00:00,1983-04-10 00:00:00,Not stated,1983-04-07,1983-04-10,97.0,100.0,3.0,True,False,False,True,True,36.055,136.2217,2.1357142857142857,6.609677419354839,4.372695852534562,JMA daily observed
Shizuoka,True,1983,1983-04-03 00:00:00,1983-04-10 00:00:00,Not stated,1983-04-03,1983-04-10,93.0,100.0,7.0,True,False,False,True,True,34.975,138.4033,6.167857142857143,9.261290322580646,7.714573732718894,JMA daily observed
Matsue,True,1983,1983-04-06 00:00:00,1983-04-11 00:00:00,Not stated,1983-04-06,1983-04-11,96.0,101.0,5.0,True,False,False,True,True,35.4567,133.065,3.475,7.206451612903226,5.340725806451613,JMA daily observed
Kyoto,True,1983,1983-04-02 00:00:00,1983-04-09 00:00:00,Not stated,1983-04-02,1983-04-09,92.0,99.0,7.0,True,False,False,True,True,35.0117,135.735,4.489285714285715,7.84516129032258,6.1672235023041475,JMA daily observed
Kobe,True,1983,1983-04-01 00:00:00,1983-04-08 00:00:00,Not stated,1983-04-01,1983-04-08,91.0,98.0,7.0,True,False,False,True,True,34.6967,135.2117,4.821428571428571,8.387096774193548,6.60426267281106,JMA daily observed
Osaka,True,1983,1983-03-31 00:00:00,1983-04-08 00:00:00,Not stated,1983-03-31,1983-04-08,90.0,98.0,8.0,True,False,False,True,True,34.6817,135.5183,5.589285714285714,8.741935483870968,7.165610599078342,JMA daily observed
Nara,True,1983,1983-04-04 00:00:00,1983-04-07 00:00:00,Not stated,1983-04-04,1983-04-07,94.0,97.0,3.0,True,False,False,True,True,34.6733,135.8317,3.6714285714285713,7.051612903225807,5.361520737327189,JMA daily observed
Kochi,True,1983,1983-03-29 00:00:00,1983-04-04 00:00:00,Not stated,1983-03-29,1983-04-04,88.0,94.0,6.0,True,False,False,True,True,33.5667,133.5483,5.921428571428572,9.938709677419356,7.930069124423964,JMA daily observed
Fukuoka,True,1983,1983-03-31 00:00:00,1983-04-04 00:00:00,Not stated,1983-03-31,1983-04-04,90.0,94.0,4.0,True,False,False,True,True,33.5817,130.3767,6.021428571428571,10.109677419354838,8.065552995391705,JMA daily observed
Oita,True,1983,1983-04-01 00:00:00,1983-04-05 00:00:00,Not stated,1983-04-01,1983-04-05,91.0,95.0,4.0,True,False,False,True,True,33.235,131.6183,5.3,9.135483870967741,7.21774193548387,JMA daily observed
Kagoshima,True,1983,1983-03-27 00:00:00,1983-04-03 00:00:00,Not stated,1983-03-27,1983-04-03,86.0,93.0,7.0,True,False,False,True,True,31.555,130.5467,8.164285714285715,12.509677419354839,10.336981566820278,JMA daily observed
Miyazaki,True,1983,1983-03-28 00:00:00,1983-04-05 00:00:00,Not stated,1983-03-28,1983-04-05,87.0,95.0,8.0,True,False,False,True,True,31.9383,131.4133,7.789285714285714,11.80967741935484,9.799481566820276,JMA daily observed
Wakkanai,True,1984,1984-05-24 00:00:00,1984-05-26 00:00:00,Sargent cherry (Prunus sargentii),1984-05-24,1984-05-26,144.0,146.0,2.0,False,False,False,True,True,45.415,141.6783,-6.606896551724137,-3.270967741935484,-4.938932146829811,JMA daily observed
Asahikawa,True,1984,1984-05-14 00:00:00,1984-05-17 00:00:00,Sargent cherry (Prunus sargentii),1984-05-14,1984-05-17,134.0,137.0,3.0,False,False,False,True,True,43.7567,142.3717,-10.358620689655172,-4.519354838709678,-7.438987764182425,JMA daily observed
Iwamizawa,False,1984,1984-05-17 00:00:00,1984-05-20 00:00:00,Sargent cherry (Prunus sargentii),1984-05-17,1984-05-20,137.0,140.0,3.0,False,False,False,True,True,43.2117,141.785,-8.310344827586206,-3.7516129032258063,-6.030978865406007,JMA daily observed
Urakawa,False,1984,1984-05-25 00:00:00,1984-05-29 00:00:00,Sargent cherry (Prunus sargentii),1984-05-25,1984-05-29,145.0,149.0,4.0,False,False,False,True,True,42.1617,142.7767,-4.813793103448275,-1.6548387096774195,-3.2343159065628475,JMA daily observed
Aomori,True,1984,1984-05-11 00:00:00,1984-05-18 00:00:00,Not stated,1984-05-11,1984-05-18,131.0,138.0,7.0,True,False,False,True,True,40.8217,140.7683,-3.5344827586206895,-0.6322580645161291,-2.083370411568409,JMA daily observed
Akita,True,1984,1984-04-30 00:00:00,1984-05-05 00:00:00,Not stated,1984-04-30,1984-05-05,120.0,125.0,5.0,True,False,False,True,True,39.7167,140.0983,-2.282758620689655,0.3645161290322581,-0.9591212458286985,JMA daily observed
Yamagata,True,1984,1984-04-29 00:00:00,1984-05-04 00:00:00,Not stated,1984-04-29,1984-05-04,119.0,124.0,5.0,True,False,False,True,True,38.255,140.345,-2.9,-0.48064516129032253,-1.6903225806451612,JMA daily observed
Nagano,True,1984,1984-04-26 00:00:00,1984-04-29 00:00:00,Not stated,1984-04-26,1984-04-29,116.0,119.0,3.0,True,False,False,True,True,36.6617,138.1917,-3.3551724137931034,-0.12903225806451618,-1.7421023359288097,JMA daily observed
Fukui,True,1984,1984-04-17 00:00:00,1984-04-21 00:00:00,Not stated,1984-04-17,1984-04-21,107.0,111.0,4.0,True,False,False,True,True,36.055,136.2217,0.43448275862068964,3.2,1.817241379310345,JMA daily observed
Shizuoka,True,1984,1984-04-06 00:00:00,1984-04-12 00:00:00,Not stated,1984-04-06,1984-04-12,96.0,102.0,6.0,True,False,False,True,True,34.975,138.4033,4.324137931034483,6.693548387096774,5.508843159065629,JMA daily observed
Matsue,True,1984,1984-04-13 00:00:00,1984-04-17 00:00:00,Not stated,1984-04-13,1984-04-17,103.0,107.0,4.0,True,False,False,True,True,35.4567,133.065,1.589655172413793,4.72258064516129,3.1561179087875417,JMA daily observed
Kyoto,True,1984,1984-04-09 00:00:00,1984-04-14 00:00:00,Not stated,1984-04-09,1984-04-14,99.0,104.0,5.0,True,False,False,True,True,35.0117,135.735,2.3275862068965516,5.090322580645162,3.7089543937708567,JMA daily observed
Kobe,True,1984,1984-04-10 00:00:00,1984-04-14 00:00:00,Not stated,1984-04-10,1984-04-14,100.0,104.0,4.0,True,False,False,True,True,34.6967,135.2117,2.527586206896552,5.596774193548387,4.062180200222469,JMA daily observed
Osaka,True,1984,1984-04-10 00:00:00,1984-04-16 00:00:00,Not stated,1984-04-10,1984-04-16,100.0,106.0,6.0,True,False,False,True,True,34.6817,135.5183,3.317241379310345,6.035483870967742,4.676362625139044,JMA daily observed
Nara,True,1984,1984-04-12 00:00:00,1984-04-16 00:00:00,Not stated,1984-04-12,1984-04-16,102.0,106.0,4.0,True,False,False,True,True,34.6733,135.8317,1.5827586206896551,4.370967741935484,2.9768631813125697,JMA daily observed
Kochi,True,1984,1984-03-30 00:00:00,1984-04-03 00:00:00,Not stated,1984-03-30,1984-04-03,89.0,93.0,4.0,True,False,False,True,True,33.5667,133.5483,4.537931034482758,7.574193548387097,6.056062291434928,JMA daily observed
Fukuoka,True,1984,1984-04-05 00:00:00,1984-04-10 00:00:00,Not stated,1984-04-05,1984-04-10,95.0,100.0,5.0,True,False,False,True,True,33.5817,130.3767,4.410344827586207,7.574193548387097,5.992269187986652,JMA daily observed
Oita,True,1984,1984-04-03 00:00:00,1984-04-09 00:00:00,Not stated,1984-04-03,1984-04-09,93.0,99.0,6.0,True,False,False,True,True,33.235,131.6183,3.6999999999999997,6.84516129032258,5.27258064516129,JMA daily observed
Kagoshima,True,1984,1984-03-26 00:00:00,1984-03-31 00:00:00,Not stated,1984-03-26,1984-03-31,85.0,90.0,5.0,True,False,False,True,True,31.555,130.5467,6.593103448275862,9.609677419354838,8.10139043381535,JMA daily observed
Miyazaki,True,1984,1984-03-28 00:00:00,1984-04-06 00:00:00,Not stated,1984-03-28,1984-04-06,87.0,96.0,9.0,True,False,False,True,True,31.9383,131.4133,6.003448275862069,8.745161290322581,7.374304783092326,JMA daily observed
Wakkanai,True,1985,1985-05-13 00:00:00,1985-05-17 00:00:00,Sargent cherry (Prunus sargentii),1985-05-13,1985-05-17,133.0,137.0,4.0,False,False,False,True,True,45.415,141.6783,-4.8,-1.4161290322580644,-3.108064516129032,JMA daily observed
Asahikawa,True,1985,1985-05-03 00:00:00,1985-05-06 00:00:00,Sargent cherry (Prunus sargentii),1985-05-03,1985-05-06,123.0,126.0,3.0,False,False,False,True,True,43.7567,142.3717,-4.767857142857143,-2.1258064516129034,-3.4468317972350233,JMA daily observed
Iwamizawa,False,1985,1985-05-04 00:00:00,1985-05-10 00:00:00,Sargent cherry (Prunus sargentii),1985-05-04,1985-05-10,124.0,130.0,6.0,False,False,False,True,True,43.2117,141.785,-3.957142857142857,-1.4161290322580644,-2.686635944700461,JMA daily observed
Urakawa,False,1985,1985-05-12 00:00:00,1985-05-15 00:00:00,Sargent cherry (Prunus sargentii),1985-05-12,1985-05-15,132.0,135.0,3.0,False,False,False,True,True,42.1617,142.7767,-1.8607142857142858,-0.20967741935483872,-1.0351958525345621,JMA daily observed
Aomori,True,1985,1985-04-29 00:00:00,1985-05-03 00:00:00,Not stated,1985-04-29,1985-05-03,119.0,123.0,4.0,True,False,False,True,True,40.8217,140.7683,-0.5071428571428572,1.1516129032258065,0.3222350230414746,JMA daily observed
Akita,True,1985,1985-04-19 00:00:00,1985-04-23 00:00:00,Not stated,1985-04-19,1985-04-23,109.0,113.0,4.0,True,False,False,True,True,39.7167,140.0983,0.48214285714285715,2.5548387096774197,1.5184907834101384,JMA daily observed
Yamagata,True,1985,1985-04-19 00:00:00,1985-04-22 00:00:00,Not stated,1985-04-19,1985-04-22,109.0,112.0,3.0,True,False,False,True,True,38.255,140.345,0.17857142857142858,2.435483870967742,1.3070276497695852,JMA daily observed
Nagano,True,1985,1985-04-13 00:00:00,1985-04-18 00:00:00,Not stated,1985-04-13,1985-04-18,103.0,108.0,5.0,True,False,False,True,True,36.6617,138.1917,0.5321428571428571,3.7580645161290325,2.1451036866359448,JMA daily observed
Fukui,True,1985,1985-04-08 00:00:00,1985-04-11 00:00:00,Not stated,1985-04-08,1985-04-11,98.0,101.0,3.0,True,False,False,True,True,36.055,136.2217,2.939285714285714,6.419354838709677,4.6793202764976956,JMA daily observed
Shizuoka,True,1985,1985-03-28 00:00:00,1985-04-04 00:00:00,Not stated,1985-03-28,1985-04-04,87.0,94.0,7.0,True,False,False,True,True,34.975,138.4033,7.389285714285714,10.596774193548388,8.993029953917052,JMA daily observed
Matsue,True,1985,1985-04-05 00:00:00,1985-04-11 00:00:00,Not stated,1985-04-05,1985-04-11,95.0,101.0,6.0,True,False,False,True,True,35.4567,133.065,4.635714285714286,7.483870967741935,6.059792626728111,JMA daily observed
Kyoto,True,1985,1985-04-02 00:00:00,1985-04-08 00:00:00,Not stated,1985-04-02,1985-04-08,92.0,98.0,6.0,True,False,False,True,True,35.0117,135.735,5.5,8.5,7.0,JMA daily observed
Kobe,True,1985,1985-03-30 00:00:00,1985-04-07 00:00:00,Not stated,1985-03-30,1985-04-07,89.0,97.0,8.0,True,False,False,True,True,34.6967,135.2117,5.825,8.903225806451612,7.364112903225806,JMA daily observed
Osaka,True,1985,1985-03-29 00:00:00,1985-04-08 00:00:00,Not stated,1985-03-29,1985-04-08,88.0,98.0,10.0,True,False,False,True,True,34.6817,135.5183,6.617857142857143,9.329032258064515,7.9734447004608295,JMA daily observed
Nara,True,1985,1985-04-02 00:00:00,1985-04-08 00:00:00,Not stated,1985-04-02,1985-04-08,92.0,98.0,6.0,True,False,False,True,True,34.6733,135.8317,4.953571428571428,7.625806451612903,6.289688940092166,JMA daily observed
Kochi,True,1985,1985-03-24 00:00:00,1985-03-31 00:00:00,Not stated,1985-03-24,1985-03-31,83.0,90.0,7.0,True,False,False,True,True,33.5667,133.5483,6.875,11.351612903225806,9.113306451612903,JMA daily observed
Fukuoka,True,1985,1985-04-01 00:00:00,1985-04-07 00:00:00,Not stated,1985-04-01,1985-04-07,91.0,97.0,6.0,True,False,False,True,True,33.5817,130.3767,7.035714285714286,9.97741935483871,8.506566820276499,JMA daily observed
Oita,True,1985,1985-03-28 00:00:00,1985-04-05 00:00:00,Not stated,1985-03-28,1985-04-05,87.0,95.0,8.0,True,False,False,True,True,33.235,131.6183,6.8999999999999995,9.80967741935484,8.35483870967742,JMA daily observed
Kagoshima,True,1985,1985-03-26 00:00:00,1985-04-02 00:00:00,Not stated,1985-03-26,1985-04-02,85.0,92.0,7.0,True,False,False,True,True,31.555,130.5467,9.392857142857142,13.303225806451612,11.348041474654377,JMA daily observed
Miyazaki,True,1985,1985-03-26 00:00:00,1985-03-31 00:00:00,Not stated,1985-03-26,1985-03-31,85.0,90.0,5.0,True,False,False,True,True,31.9383,131.4133,8.539285714285715,12.52258064516129,10.530933179723501,JMA daily observed
Wakkanai,True,1986,1986-05-13 00:00:00,1986-05-18 00:00:00,Sargent cherry (Prunus sargentii),1986-05-13,1986-05-18,133.0,138.0,5.0,False,False,False,True,True,45.415,141.6783,-6.5249999999999995,-2.390322580645161,-4.45766129032258,JMA daily observed
Asahikawa,True,1986,1986-05-06 00:00:00,1986-05-08 00:00:00,Sargent cherry (Prunus sargentii),1986-05-06,1986-05-08,126.0,128.0,2.0,False,False,False,True,True,43.7567,142.3717,-9.328571428571427,-3.225806451612903,-6.277188940092165,JMA daily observed
Iwamizawa,False,1986,1986-05-05 00:00:00,1986-05-08 00:00:00,Sargent cherry (Prunus sargentii),1986-05-05,1986-05-08,125.0,128.0,3.0,False,False,False,True,True,43.2117,141.785,-7.732142857142857,-2.1225806451612903,-4.927361751152073,JMA daily observed
Urakawa,False,1986,1986-05-10 00:00:00,1986-05-14 00:00:00,Sargent cherry (Prunus sargentii),1986-05-10,1986-05-14,130.0,134.0,4.0,False,False,False,True,True,42.1617,142.7767,-4.178571428571429,-0.2838709677419355,-2.2312211981566823,JMA daily observed
Aomori,True,1986,1986-05-01 00:00:00,1986-05-05 00:00:00,Not stated,1986-05-01,1986-05-05,121.0,125.0,4.0,True,False,False,True,True,40.8217,140.7683,-2.689285714285714,1.4838709677419355,-0.6027073732718893,JMA daily observed
Akita,True,1986,1986-04-20 00:00:00,1986-04-25 00:00:00,Not stated,1986-04-20,1986-04-25,110.0,115.0,5.0,True,False,False,True,True,39.7167,140.0983,-1.6214285714285714,2.8193548387096774,0.598963133640553,JMA daily observed
Yamagata,True,1986,1986-04-20 00:00:00,1986-04-24 00:00:00,Not stated,1986-04-20,1986-04-24,110.0,114.0,4.0,True,False,False,True,True,38.255,140.345,-2.2607142857142857,2.5161290322580645,0.1277073732718894,JMA daily observed
Nagano,True,1986,1986-04-20 00:00:00,1986-04-23 00:00:00,Not stated,1986-04-20,1986-04-23,110.0,113.0,3.0,True,False,False,True,True,36.6617,138.1917,-2.278571428571429,2.890322580645161,0.3058755760368661,JMA daily observed
Fukui,True,1986,1986-04-10 00:00:00,1986-04-14 00:00:00,Not stated,1986-04-10,1986-04-14,100.0,104.0,4.0,True,False,False,True,True,36.055,136.2217,0.5214285714285715,5.435483870967742,2.9784562211981567,JMA daily observed
Shizuoka,True,1986,1986-03-30 00:00:00,1986-04-06 00:00:00,Not stated,1986-03-30,1986-04-06,89.0,96.0,7.0,True,False,False,True,True,34.975,138.4033,5.142857142857143,9.17741935483871,7.160138248847927,JMA daily observed
Matsue,True,1986,1986-04-07 00:00:00,1986-04-13 00:00:00,Not stated,1986-04-07,1986-04-13,97.0,103.0,6.0,True,False,False,True,True,35.4567,133.065,2.1928571428571426,6.429032258064517,4.31094470046083,JMA daily observed
Kyoto,True,1986,1986-04-03 00:00:00,1986-04-08 00:00:00,Not stated,1986-04-03,1986-04-08,93.0,98.0,5.0,True,False,False,True,True,35.0117,135.735,2.557142857142857,7.583870967741936,5.070506912442396,JMA daily observed
Kobe,True,1986,1986-04-03 00:00:00,1986-04-09 00:00:00,Not stated,1986-04-03,1986-04-09,93.0,99.0,6.0,True,False,False,True,True,34.6967,135.2117,2.9642857142857144,7.729032258064516,5.346658986175115,JMA daily observed
Osaka,True,1986,1986-04-02 00:00:00,1986-04-09 00:00:00,Not stated,1986-04-02,1986-04-09,92.0,99.0,7.0,True,False,False,True,True,34.6817,135.5183,3.7785714285714285,8.332258064516129,6.055414746543779,JMA daily observed
Nara,True,1986,1986-04-04 00:00:00,1986-04-10 00:00:00,Not stated,1986-04-04,1986-04-10,94.0,100.0,6.0,True,False,False,True,True,34.6733,135.8317,2.3607142857142853,7.003225806451613,4.681970046082949,JMA daily observed
Kochi,True,1986,1986-03-25 00:00:00,1986-04-02 00:00:00,Not stated,1986-03-25,1986-04-02,84.0,92.0,8.0,True,False,False,True,True,33.5667,133.5483,4.578571428571428,9.758064516129032,7.168317972350231,JMA daily observed
Fukuoka,True,1986,1986-03-29 00:00:00,1986-04-03 00:00:00,Not stated,1986-03-29,1986-04-03,88.0,93.0,5.0,True,False,False,True,True,33.5817,130.3767,4.678571428571429,9.361290322580645,7.019930875576037,JMA daily observed
Oita,True,1986,1986-03-30 00:00:00,1986-04-04 00:00:00,Not stated,1986-03-30,1986-04-04,89.0,94.0,5.0,True,False,False,True,True,33.235,131.6183,4.246428571428572,8.470967741935485,6.358698156682029,JMA daily observed
Kagoshima,True,1986,1986-03-22 00:00:00,1986-03-30 00:00:00,Not stated,1986-03-22,1986-03-30,81.0,89.0,8.0,True,False,False,True,True,31.555,130.5467,6.671428571428572,11.464516129032257,9.067972350230415,JMA daily observed
Miyazaki,True,1986,1986-03-24 00:00:00,1986-04-02 00:00:00,Not stated,1986-03-24,1986-04-02,83.0,92.0,9.0,True,False,False,True,True,31.9383,131.4133,6.471428571428571,11.058064516129033,8.764746543778802,JMA daily observed
Wakkanai,True,1987,1987-05-16 00:00:00,1987-05-19 00:00:00,Sargent cherry (Prunus sargentii),1987-05-16,1987-05-19,136.0,139.0,3.0,False,False,False,True,True,45.415,141.6783,-5.564285714285715,-1.4161290322580644,-3.4902073732718897,JMA daily observed
Asahikawa,True,1987,1987-05-09 00:00:00,1987-05-10 00:00:00,Sargent cherry (Prunus sargentii),1987-05-09,1987-05-10,129.0,130.0,1.0,False,False,False,True,True,43.7567,142.3717,-7.478571428571429,-2.229032258064516,-4.853801843317973,JMA daily observed
Iwamizawa,False,1987,1987-05-08 00:00:00,1987-05-09 00:00:00,Sargent cherry (Prunus sargentii),1987-05-08,1987-05-09,128.0,129.0,1.0,False,False,False,True,True,43.2117,141.785,-5.617857142857143,-1.4,-3.508928571428571,JMA daily observed
Urakawa,False,1987,1987-05-12 00:00:00,1987-05-15 00:00:00,Sargent cherry (Prunus sargentii),1987-05-12,1987-05-15,132.0,135.0,3.0,False,False,False,True,True,42.1617,142.7767,-2.9892857142857143,0.1935483870967742,-1.3978686635944702,JMA daily observed
Aomori,True,1987,1987-04-25 00:00:00,1987-05-01 00:00:00,Not stated,1987-04-25,1987-05-01,115.0,121.0,6.0,True,False,False,True,True,40.8217,140.7683,-1.4785714285714284,1.5774193548387097,0.049423963133640614,JMA daily observed
Akita,True,1987,1987-04-17 00:00:00,1987-04-21 00:00:00,Not stated,1987-04-17,1987-04-21,107.0,111.0,4.0,True,False,False,True,True,39.7167,140.0983,0.19642857142857142,3.0387096774193547,1.6175691244239632,JMA daily observed
Yamagata,True,1987,1987-04-15 00:00:00,1987-04-18 00:00:00,Not stated,1987-04-15,1987-04-18,105.0,108.0,3.0,True,False,False,True,True,38.255,140.345,0.42142857142857143,3.196774193548387,1.8091013824884792,JMA daily observed
Nagano,True,1987,1987-04-09 00:00:00,1987-04-16 00:00:00,Not stated,1987-04-09,1987-04-16,99.0,106.0,7.0,True,False,False,True,True,36.6617,138.1917,0.31428571428571433,3.9387096774193546,2.1264976958525343,JMA daily observed
Fukui,True,1987,1987-04-04 00:00:00,1987-04-07 00:00:00,Not stated,1987-04-04,1987-04-07,94.0,97.0,3.0,True,False,False,True,True,36.055,136.2217,4.0285714285714285,6.151612903225806,5.090092165898618,JMA daily observed
Shizuoka,True,1987,1987-03-26 00:00:00,1987-04-05 00:00:00,Not stated,1987-03-26,1987-04-05,85.0,95.0,10.0,True,False,False,True,True,34.975,138.4033,7.6000000000000005,10.570967741935483,9.085483870967742,JMA daily observed
Matsue,True,1987,1987-03-30 00:00:00,1987-04-07 00:00:00,Not stated,1987-03-30,1987-04-07,89.0,97.0,8.0,True,False,False,True,True,35.4567,133.065,5.257142857142857,7.048387096774194,6.152764976958526,JMA daily observed
Kyoto,True,1987,1987-03-27 00:00:00,1987-04-06 00:00:00,Not stated,1987-03-27,1987-04-06,86.0,96.0,10.0,True,False,False,True,True,35.0117,135.735,5.3,8.229032258064516,6.764516129032257,JMA daily observed
Kobe,True,1987,1987-03-27 00:00:00,1987-04-05 00:00:00,Not stated,1987-03-27,1987-04-05,86.0,95.0,9.0,True,False,False,True,True,34.6967,135.2117,5.867857142857143,8.406451612903227,7.137154377880185,JMA daily observed
Osaka,True,1987,1987-03-25 00:00:00,1987-04-07 00:00:00,Not stated,1987-03-25,1987-04-07,84.0,97.0,13.0,True,False,False,True,True,34.6817,135.5183,6.492857142857143,8.922580645161291,7.707718894009217,JMA daily observed
Nara,True,1987,1987-03-28 00:00:00,1987-04-06 00:00:00,Not stated,1987-03-28,1987-04-06,87.0,96.0,9.0,True,False,False,True,True,34.6733,135.8317,4.664285714285714,7.370967741935484,6.017626728110599,JMA daily observed
Kochi,True,1987,1987-03-22 00:00:00,1987-04-03 00:00:00,Not stated,1987-03-22,1987-04-03,81.0,93.0,12.0,True,False,False,True,True,33.5667,133.5483,7.375,9.932258064516128,8.653629032258063,JMA daily observed
Fukuoka,True,1987,1987-03-22 00:00:00,1987-04-03 00:00:00,Not stated,1987-03-22,1987-04-03,81.0,93.0,12.0,True,False,False,True,True,33.5817,130.3767,7.871428571428572,9.72258064516129,8.79700460829493,JMA daily observed
Oita,True,1987,1987-03-23 00:00:00,1987-04-06 00:00:00,Not stated,1987-03-23,1987-04-06,82.0,96.0,14.0,True,False,False,True,True,33.235,131.6183,6.957142857142857,9.109677419354838,8.033410138248847,JMA daily observed
Kagoshima,True,1987,1987-03-26 00:00:00,1987-04-02 00:00:00,Not stated,1987-03-26,1987-04-02,85.0,92.0,7.0,True,False,False,True,True,31.555,130.5467,9.339285714285714,12.251612903225807,10.79544930875576,JMA daily observed
Miyazaki,True,1987,1987-03-24 00:00:00,1987-04-02 00:00:00,Not stated,1987-03-24,1987-04-02,83.0,92.0,9.0,True,False,False,True,True,31.9383,131.4133,9.275,11.887096774193548,10.581048387096775,JMA daily observed
Wakkanai,True,1988,1988-05-15 00:00:00,1988-05-20 00:00:00,Sargent cherry (Prunus sargentii),1988-05-15,1988-05-20,135.0,140.0,5.0,False,False,False,True,True,45.415,141.6783,-6.337931034482759,-1.8096774193548388,-4.073804226918799,JMA daily observed
Asahikawa,True,1988,1988-05-07 00:00:00,1988-05-11 00:00:00,Sargent cherry (Prunus sargentii),1988-05-07,1988-05-11,127.0,131.0,4.0,False,False,False,True,True,43.7567,142.3717,-9.33448275862069,-2.5161290322580645,-5.925305895439377,JMA daily observed
Iwamizawa,False,1988,1988-05-05 00:00:00,1988-05-07 00:00:00,Sargent cherry (Prunus sargentii),1988-05-05,1988-05-07,125.0,127.0,2.0,False,False,False,True,True,43.2117,141.785,-7.313793103448275,-1.4258064516129034,-4.36979977753059,JMA daily observed
Urakawa,False,1988,1988-05-12 00:00:00,1988-05-14 00:00:00,Sargent cherry (Prunus sargentii),1988-05-12,1988-05-14,132.0,134.0,2.0,False,False,False,True,True,42.1617,142.7767,-4.427586206896552,-0.15161290322580642,-2.289599555061179,JMA daily observed
Aomori,True,1988,1988-04-28 00:00:00,1988-05-01 00:00:00,Not stated,1988-04-28,1988-05-01,118.0,121.0,3.0,True,False,False,True,True,40.8217,140.7683,-3.296551724137931,1.4225806451612903,-0.9369855394883203,JMA daily observed
Akita,True,1988,1988-04-23 00:00:00,1988-04-28 00:00:00,Not stated,1988-04-23,1988-04-28,113.0,118.0,5.0,True,False,False,True,True,39.7167,140.0983,-2.0413793103448277,2.667741935483871,0.31318131256952175,JMA daily observed
Yamagata,True,1988,1988-04-20 00:00:00,1988-04-27 00:00:00,Not stated,1988-04-20,1988-04-27,110.0,117.0,7.0,True,False,False,True,True,38.255,140.345,-2.4,2.564516129032258,0.08225806451612905,JMA daily observed
Nagano,True,1988,1988-04-20 00:00:00,1988-04-25 00:00:00,Not stated,1988-04-20,1988-04-25,110.0,115.0,5.0,True,False,False,True,True,36.6617,138.1917,-1.6103448275862067,2.7806451612903227,0.585150166852058,JMA daily observed
Fukui,True,1988,1988-04-12 00:00:00,1988-04-18 00:00:00,Not stated,1988-04-12,1988-04-18,102.0,108.0,6.0,True,False,False,True,True,36.055,136.2217,1.9655172413793103,5.564516129032258,3.7650166852057843,JMA daily observed
Shizuoka,True,1988,1988-04-03 00:00:00,1988-04-12 00:00:00,Not stated,1988-04-03,1988-04-12,93.0,102.0,9.0,True,False,False,True,True,34.975,138.4033,6.317241379310344,9.687096774193549,8.002169076751947,JMA daily observed
Matsue,True,1988,1988-04-10 00:00:00,1988-04-15 00:00:00,Not stated,1988-04-10,1988-04-15,100.0,105.0,5.0,True,False,False,True,True,35.4567,133.065,3.5827586206896553,6.696774193548387,5.139766407119021,JMA daily observed
Kyoto,True,1988,1988-04-05 00:00:00,1988-04-11 00:00:00,Not stated,1988-04-05,1988-04-11,95.0,101.0,6.0,True,False,False,True,True,35.0117,135.735,3.9482758620689653,7.329032258064516,5.638654060066741,JMA daily observed
Kobe,True,1988,1988-04-05 00:00:00,1988-04-11 00:00:00,Not stated,1988-04-05,1988-04-11,95.0,101.0,6.0,True,False,False,True,True,34.6967,135.2117,4.320689655172414,7.725806451612903,6.023248053392658,JMA daily observed
Osaka,True,1988,1988-04-05 00:00:00,1988-04-11 00:00:00,Not stated,1988-04-05,1988-04-11,95.0,101.0,6.0,True,False,False,True,True,34.6817,135.5183,5.0344827586206895,8.35483870967742,6.694660734149055,JMA daily observed
Nara,True,1988,1988-04-07 00:00:00,1988-04-14 00:00:00,Not stated,1988-04-07,1988-04-14,97.0,104.0,7.0,True,False,False,True,True,34.6733,135.8317,3.0931034482758624,6.609677419354839,4.851390433815351,JMA daily observed
Kochi,True,1988,1988-03-28 00:00:00,1988-04-07 00:00:00,Not stated,1988-03-28,1988-04-07,87.0,97.0,10.0,True,False,False,True,True,33.5667,133.5483,6.227586206896552,9.63225806451613,7.929922135706341,JMA daily observed
Fukuoka,True,1988,1988-04-02 00:00:00,1988-04-09 00:00:00,Not stated,1988-04-02,1988-04-09,92.0,99.0,7.0,True,False,False,True,True,33.5817,130.3767,6.389655172413794,8.874193548387098,7.631924360400445,JMA daily observed
Oita,True,1988,1988-04-02 00:00:00,1988-04-12 00:00:00,Not stated,1988-04-02,1988-04-12,92.0,102.0,10.0,True,False,False,True,True,33.235,131.6183,5.886206896551724,8.2,7.043103448275861,JMA daily observed
Kagoshima,True,1988,1988-04-03 00:00:00,1988-04-08 00:00:00,Not stated,1988-04-03,1988-04-08,93.0,98.0,5.0,True,False,False,True,True,31.555,130.5467,8.60344827586207,11.303225806451612,9.953337041156841,JMA daily observed
Miyazaki,True,1988,1988-04-02 00:00:00,1988-04-06 00:00:00,Not stated,1988-04-02,1988-04-06,92.0,96.0,4.0,True,False,False,True,True,31.9383,131.4133,7.7,10.558064516129033,9.129032258064516,JMA daily observed
Wakkanai,True,1989,1989-05-16 00:00:00,1989-05-19 00:00:00,Sargent cherry (Prunus sargentii),1989-05-16,1989-05-19,136.0,139.0,3.0,False,False,False,True,True,45.415,141.6783,-2.3642857142857143,0.8096774193548387,-0.7773041474654379,JMA daily observed
Asahikawa,True,1989,1989-05-03 00:00:00,1989-05-06 00:00:00,Sargent cherry (Prunus sargentii),1989-05-03,1989-05-06,123.0,126.0,3.0,False,False,False,True,True,43.7567,142.3717,-4.714285714285714,0.6096774193548387,-2.052304147465438,JMA daily observed
Iwamizawa,False,1989,1989-04-28 00:00:00,1989-05-01 00:00:00,Sargent cherry (Prunus sargentii),1989-04-28,1989-05-01,118.0,121.0,3.0,False,False,False,True,True,43.2117,141.785,-3.1535714285714285,1.3290322580645162,-0.9122695852534561,JMA daily observed
Urakawa,False,1989,1989-05-08 00:00:00,1989-05-12 00:00:00,Sargent cherry (Prunus sargentii),1989-05-08,1989-05-12,128.0,132.0,4.0,False,False,False,True,True,42.1617,142.7767,-1.0142857142857142,1.9161290322580644,0.4509216589861751,JMA daily observed
Aomori,True,1989,1989-04-15 00:00:00,1989-04-20 00:00:00,Not stated,1989-04-15,1989-04-20,105.0,110.0,5.0,True,False,False,True,True,40.8217,140.7683,0.9214285714285715,4.341935483870968,2.6316820276497697,JMA daily observed
Akita,True,1989,1989-04-10 00:00:00,1989-04-15 00:00:00,Not stated,1989-04-10,1989-04-15,100.0,105.0,5.0,True,False,False,True,True,39.7167,140.0983,1.8607142857142858,5.016129032258065,3.4384216589861754,JMA daily observed
Yamagata,True,1989,1989-04-07 00:00:00,1989-04-13 00:00:00,Not stated,1989-04-07,1989-04-13,97.0,103.0,6.0,True,False,False,True,True,38.255,140.345,1.5285714285714285,4.854838709677419,3.1917050691244238,JMA daily observed
Nagano,True,1989,1989-04-06 00:00:00,1989-04-11 00:00:00,Not stated,1989-04-06,1989-04-11,96.0,101.0,5.0,True,False,False,True,True,36.6617,138.1917,2.0571428571428574,4.54516129032258,3.3011520737327187,JMA daily observed
Fukui,True,1989,1989-03-28 00:00:00,1989-04-01 00:00:00,Not stated,1989-03-28,1989-04-01,87.0,91.0,4.0,True,False,False,True,True,36.055,136.2217,5.25,7.34516129032258,6.29758064516129,JMA daily observed
Shizuoka,True,1989,1989-03-21 00:00:00,1989-04-02 00:00:00,Not stated,1989-03-21,1989-04-02,80.0,92.0,12.0,True,False,False,True,True,34.975,138.4033,8.367857142857144,10.187096774193549,9.277476958525346,JMA daily observed
Matsue,True,1989,1989-03-28 00:00:00,1989-04-03 00:00:00,Not stated,1989-03-28,1989-04-03,87.0,93.0,6.0,True,False,False,True,True,35.4567,133.065,5.632142857142857,7.967741935483871,6.799942396313364,JMA daily observed
Kyoto,True,1989,1989-03-24 00:00:00,1989-04-02 00:00:00,Not stated,1989-03-24,1989-04-02,83.0,92.0,9.0,True,False,False,True,True,35.0117,135.735,6.55,8.23225806451613,7.391129032258064,JMA daily observed
Kobe,True,1989,1989-03-25 00:00:00,1989-04-01 00:00:00,Not stated,1989-03-25,1989-04-01,84.0,91.0,7.0,True,False,False,True,True,34.6967,135.2117,6.978571428571429,8.529032258064515,7.753801843317971,JMA daily observed
Osaka,True,1989,1989-03-25 00:00:00,1989-04-01 00:00:00,Not stated,1989-03-25,1989-04-01,84.0,91.0,7.0,True,False,False,True,True,34.6817,135.5183,7.625,9.46774193548387,8.546370967741936,JMA daily observed
Nara,True,1989,1989-03-25 00:00:00,1989-04-02 00:00:00,Not stated,1989-03-25,1989-04-02,84.0,92.0,8.0,True,False,False,True,True,34.6733,135.8317,5.785714285714286,7.541935483870968,6.663824884792627,JMA daily observed
Kochi,True,1989,1989-03-15 00:00:00,1989-03-24 00:00:00,Not stated,1989-03-15,1989-03-24,74.0,83.0,9.0,True,False,False,True,True,33.5667,133.5483,8.857142857142858,10.564516129032258,9.710829493087559,JMA daily observed
Fukuoka,True,1989,1989-03-17 00:00:00,1989-03-28 00:00:00,Not stated,1989-03-17,1989-03-28,76.0,87.0,11.0,True,False,False,True,True,33.5817,130.3767,8.675,10.251612903225807,9.463306451612905,JMA daily observed
Oita,True,1989,1989-03-20 00:00:00,1989-04-01 00:00:00,Not stated,1989-03-20,1989-04-01,79.0,91.0,12.0,True,False,False,True,True,33.235,131.6183,7.953571428571428,9.635483870967741,8.794527649769584,JMA daily observed
Kagoshima,True,1989,1989-03-25 00:00:00,1989-04-05 00:00:00,Not stated,1989-03-25,1989-04-05,84.0,95.0,11.0,True,False,False,True,True,31.555,130.5467,11.082142857142857,12.035483870967743,11.5588133640553,JMA daily observed
Miyazaki,True,1989,1989-03-22 00:00:00,1989-04-03 00:00:00,Not stated,1989-03-22,1989-04-03,81.0,93.0,12.0,True,False,False,True,True,31.9383,131.4133,9.992857142857144,11.496774193548386,10.744815668202765,JMA daily observed
Wakkanai,True,1990,1990-05-06 00:00:00,1990-05-09 00:00:00,Sargent cherry (Prunus sargentii),1990-05-06,1990-05-09,126.0,129.0,3.0,False,False,False,True,True,45.415,141.6783,-2.435714285714286,1.3903225806451613,-0.5226958525345623,JMA daily observed
Asahikawa,True,1990,1990-04-28 00:00:00,1990-05-03 00:00:00,Sargent cherry (Prunus sargentii),1990-04-28,1990-05-03,118.0,123.0,5.0,False,False,False,True,True,43.7567,142.3717,-3.585714285714286,0.19354838709677416,-1.696082949308756,JMA daily observed
Iwamizawa,False,1990,1990-04-26 00:00:00,1990-04-30 00:00:00,Sargent cherry (Prunus sargentii),1990-04-26,1990-04-30,116.0,120.0,4.0,False,False,False,True,True,43.2117,141.785,-2.1821428571428574,1.164516129032258,-0.5088133640552996,JMA daily observed
Urakawa,False,1990,1990-05-06 00:00:00,1990-05-09 00:00:00,Sargent cherry (Prunus sargentii),1990-05-06,1990-05-09,126.0,129.0,3.0,False,False,False,True,True,42.1617,142.7767,-0.15000000000000005,1.8451612903225807,0.8475806451612903,JMA daily observed
Aomori,True,1990,1990-04-15 00:00:00,1990-04-23 00:00:00,Not stated,1990-04-15,1990-04-23,105.0,113.0,8.0,True,False,False,True,True,40.8217,140.7683,1.5250000000000001,4.490322580645161,3.007661290322581,JMA daily observed
Akita,True,1990,1990-04-10 00:00:00,1990-04-13 00:00:00,Not stated,1990-04-10,1990-04-13,100.0,103.0,3.0,True,False,False,True,True,39.7167,140.0983,2.9642857142857144,5.145161290322581,4.054723502304148,JMA daily observed
Yamagata,True,1990,1990-04-09 00:00:00,1990-04-12 00:00:00,Not stated,1990-04-09,1990-04-12,99.0,102.0,3.0,True,False,False,True,True,38.255,140.345,2.542857142857143,4.983870967741935,3.7633640552995393,JMA daily observed
Nagano,True,1990,1990-04-07 00:00:00,1990-04-11 00:00:00,Not stated,1990-04-07,1990-04-11,97.0,101.0,4.0,True,False,False,True,True,36.6617,138.1917,3.7285714285714286,4.938709677419355,4.333640552995392,JMA daily observed
Fukui,True,1990,1990-03-27 00:00:00,1990-04-01 00:00:00,Not stated,1990-03-27,1990-04-01,86.0,91.0,5.0,True,False,False,True,True,36.055,136.2217,6.417857142857143,7.664516129032258,7.0411866359447,JMA daily observed
Shizuoka,True,1990,1990-03-20 00:00:00,1990-04-02 00:00:00,Not stated,1990-03-20,1990-04-02,79.0,92.0,13.0,True,False,False,True,True,34.975,138.4033,9.507142857142856,10.851612903225806,10.179377880184331,JMA daily observed
Matsue,True,1990,1990-03-24 00:00:00,1990-03-30 00:00:00,Not stated,1990-03-24,1990-03-30,83.0,89.0,6.0,True,False,False,True,True,35.4567,133.065,7.007142857142857,8.580645161290322,7.79389400921659,JMA daily observed
Kyoto,True,1990,1990-03-21 00:00:00,1990-03-29 00:00:00,Not stated,1990-03-21,1990-03-29,80.0,88.0,8.0,True,False,False,True,True,35.0117,135.735,7.857142857142857,9.332258064516129,8.594700460829493,JMA daily observed
Kobe,True,1990,1990-03-21 00:00:00,1990-03-28 00:00:00,Not stated,1990-03-21,1990-03-28,80.0,87.0,7.0,True,False,False,True,True,34.6967,135.2117,8.128571428571428,9.748387096774193,8.93847926267281,JMA daily observed
Osaka,True,1990,1990-03-21 00:00:00,1990-03-30 00:00:00,Not stated,1990-03-21,1990-03-30,80.0,89.0,9.0,True,False,False,True,True,34.6817,135.5183,8.685714285714285,10.435483870967742,9.560599078341014,JMA daily observed
Nara,True,1990,1990-03-23 00:00:00,1990-03-28 00:00:00,Not stated,1990-03-23,1990-03-28,82.0,87.0,5.0,True,False,False,True,True,34.6733,135.8317,6.6000000000000005,8.480645161290322,7.540322580645162,JMA daily observed
Kochi,True,1990,1990-03-14 00:00:00,1990-03-23 00:00:00,Not stated,1990-03-14,1990-03-23,73.0,82.0,9.0,True,False,False,True,True,33.5667,133.5483,10.35,11.525806451612903,10.937903225806451,JMA daily observed
Fukuoka,True,1990,1990-03-14 00:00:00,1990-03-28 00:00:00,Not stated,1990-03-14,1990-03-28,73.0,87.0,14.0,True,False,False,True,True,33.5817,130.3767,10.200000000000001,11.412903225806453,10.806451612903228,JMA daily observed
Oita,True,1990,1990-03-16 00:00:00,1990-03-27 00:00:00,Not stated,1990-03-16,1990-03-27,75.0,86.0,11.0,True,False,False,True,True,33.235,131.6183,9.067857142857143,10.667741935483871,9.867799539170507,JMA daily observed
Kagoshima,True,1990,1990-03-22 00:00:00,1990-03-29 00:00:00,Not stated,1990-03-22,1990-03-29,81.0,88.0,7.0,True,False,False,True,True,31.555,130.5467,12.6,13.083870967741936,12.841935483870968,JMA daily observed
Miyazaki,True,1990,1990-03-19 00:00:00,1990-03-29 00:00:00,Not stated,1990-03-19,1990-03-29,78.0,88.0,10.0,True,False,False,True,True,31.9383,131.4133,11.146428571428572,12.48709677419355,11.81676267281106,JMA daily observed
Wakkanai,True,1991,1991-05-14 00:00:00,1991-05-18 00:00:00,Sargent cherry (Prunus sargentii),1991-05-14,1991-05-18,134.0,138.0,4.0,False,False,False,True,True,45.415,141.6783,-3.6285714285714286,-1.5451612903225806,-2.5868663594470047,JMA daily observed
Asahikawa,True,1991,1991-05-05 00:00:00,1991-05-07 00:00:00,Sargent cherry (Prunus sargentii),1991-05-05,1991-05-07,125.0,127.0,2.0,False,False,False,True,True,43.7567,142.3717,-6.839285714285714,-1.9161290322580644,-4.377707373271889,JMA daily observed
Iwamizawa,False,1991,1991-05-04 00:00:00,1991-05-06 00:00:00,Sargent cherry (Prunus sargentii),1991-05-04,1991-05-06,124.0,126.0,2.0,False,False,False,True,True,43.2117,141.785,-5.017857142857143,-1.1032258064516127,-3.0605414746543778,JMA daily observed
Urakawa,False,1991,1991-05-07 00:00:00,1991-05-10 00:00:00,Sargent cherry (Prunus sargentii),1991-05-07,1991-05-10,127.0,130.0,3.0,False,False,False,True,True,42.1617,142.7767,-2.1035714285714286,0.4258064516129032,-0.8388824884792627,JMA daily observed
Aomori,True,1991,1991-04-24 00:00:00,1991-04-30 00:00:00,Not stated,1991-04-24,1991-04-30,114.0,120.0,6.0,True,False,False,True,True,40.8217,140.7683,-0.7714285714285715,2.261290322580645,0.7449308755760369,JMA daily observed
Akita,True,1991,1991-04-16 00:00:00,1991-04-22 00:00:00,Not stated,1991-04-16,1991-04-22,106.0,112.0,6.0,True,False,False,True,True,39.7167,140.0983,0.5071428571428571,3.603225806451613,2.055184331797235,JMA daily observed
Yamagata,True,1991,1991-04-12 00:00:00,1991-04-17 00:00:00,Not stated,1991-04-12,1991-04-17,102.0,107.0,5.0,True,False,False,True,True,38.255,140.345,0.039285714285714306,3.9387096774193546,1.9889976958525344,JMA daily observed
Nagano,True,1991,1991-04-12 00:00:00,1991-04-15 00:00:00,Not stated,1991-04-12,1991-04-15,102.0,105.0,3.0,True,False,False,True,True,36.6617,138.1917,-0.7857142857142857,4.358064516129032,1.786175115207373,JMA daily observed
Fukui,True,1991,1991-04-06 00:00:00,1991-04-10 00:00:00,Not stated,1991-04-06,1991-04-10,96.0,100.0,4.0,True,False,False,True,True,36.055,136.2217,2.867857142857143,7.135483870967741,5.001670506912442,JMA daily observed
Shizuoka,True,1991,1991-03-31 00:00:00,1991-04-10 00:00:00,Not stated,1991-03-31,1991-04-10,90.0,100.0,10.0,True,False,False,True,True,34.975,138.4033,6.285714285714286,10.7,8.492857142857142,JMA daily observed
Matsue,True,1991,1991-04-07 00:00:00,1991-04-12 00:00:00,Not stated,1991-04-07,1991-04-12,97.0,102.0,5.0,True,False,False,True,True,35.4567,133.065,3.8000000000000003,7.606451612903226,5.703225806451613,JMA daily observed
Kyoto,True,1991,1991-03-30 00:00:00,1991-04-06 00:00:00,Not stated,1991-03-30,1991-04-06,89.0,96.0,7.0,True,False,False,True,True,35.0117,135.735,4.335714285714286,9.425806451612903,6.880760368663594,JMA daily observed
Kobe,True,1991,1991-03-29 00:00:00,1991-04-06 00:00:00,Not stated,1991-03-29,1991-04-06,88.0,96.0,8.0,True,False,False,True,True,34.6967,135.2117,4.989285714285714,9.806451612903226,7.39786866359447,JMA daily observed
Osaka,True,1991,1991-03-29 00:00:00,1991-04-06 00:00:00,Not stated,1991-03-29,1991-04-06,88.0,96.0,8.0,True,False,False,True,True,34.6817,135.5183,5.846428571428571,10.241935483870968,8.04418202764977,JMA daily observed
Nara,True,1991,1991-03-28 00:00:00,1991-04-05 00:00:00,Not stated,1991-03-28,1991-04-05,87.0,95.0,8.0,True,False,False,True,True,34.6733,135.8317,3.871428571428571,8.551612903225807,6.21152073732719,JMA daily observed
Kochi,True,1991,1991-03-24 00:00:00,1991-03-29 00:00:00,Not stated,1991-03-24,1991-03-29,83.0,88.0,5.0,True,False,False,True,True,33.5667,133.5483,6.128571428571428,12.474193548387097,9.301382488479263,JMA daily observed
Fukuoka,True,1991,1991-03-29 00:00:00,1991-04-06 00:00:00,Not stated,1991-03-29,1991-04-06,88.0,96.0,8.0,True,False,False,True,True,33.5817,130.3767,6.0928571428571425,10.396774193548387,8.244815668202765,JMA daily observed
Oita,True,1991,1991-03-28 00:00:00,1991-04-05 00:00:00,Not stated,1991-03-28,1991-04-05,87.0,95.0,8.0,True,False,False,True,True,33.235,131.6183,5.7821428571428575,9.85483870967742,7.818490783410139,JMA daily observed
Kagoshima,True,1991,1991-03-24 00:00:00,1991-04-05 00:00:00,Not stated,1991-03-24,1991-04-05,83.0,95.0,12.0,True,False,False,True,True,31.555,130.5467,8.096428571428572,13.761290322580646,10.928859447004609,JMA daily observed
Miyazaki,True,1991,1991-03-20 00:00:00,1991-03-28 00:00:00,Not stated,1991-03-20,1991-03-28,79.0,87.0,8.0,True,False,False,True,True,31.9383,131.4133,7.882142857142857,13.51290322580645,10.697523041474653,JMA daily observed
Wakkanai,True,1992,1992-05-17 00:00:00,1992-05-19 00:00:00,Sargent cherry (Prunus sargentii),1992-05-17,1992-05-19,137.0,139.0,2.0,False,False,False,True,True,45.415,141.6783,-3.5857142857142854,-0.25,-1.9178571428571427,JMA daily observed
Asahikawa,True,1992,1992-05-09 00:00:00,1992-05-11 00:00:00,Sargent cherry (Prunus sargentii),1992-05-09,1992-05-11,129.0,131.0,2.0,False,False,False,True,True,43.7567,142.3717,-5.975862068965518,-1.7903225806451613,-3.8830923248053395,JMA daily observed
Iwamizawa,False,1992,1992-05-09 00:00:00,1992-05-10 00:00:00,Sargent cherry (Prunus sargentii),1992-05-09,1992-05-10,129.0,130.0,1.0,False,False,False,True,True,43.2117,141.785,-4.334482758620689,-0.7935483870967742,-2.564015572858732,JMA daily observed
Urakawa,False,1992,1992-05-12 00:00:00,1992-05-16 00:00:00,Sargent cherry (Prunus sargentii),1992-05-12,1992-05-16,132.0,136.0,4.0,False,False,False,True,True,42.1617,142.7767,-1.993103448275862,0.3387096774193548,-0.8271968854282536,JMA daily observed
Aomori,True,1992,1992-04-22 00:00:00,1992-04-27 00:00:00,Not stated,1992-04-22,1992-04-27,112.0,117.0,5.0,True,False,False,True,True,40.8217,140.7683,-0.29310344827586204,3.141935483870968,1.424416017797553,JMA daily observed
Akita,True,1992,1992-04-17 00:00:00,1992-04-22 00:00:00,Not stated,1992-04-17,1992-04-22,107.0,112.0,5.0,True,False,False,True,True,39.7167,140.0983,0.49310344827586206,4.051612903225807,2.2723581757508344,JMA daily observed
Yamagata,True,1992,1992-04-12 00:00:00,1992-04-16 00:00:00,Not stated,1992-04-12,1992-04-16,102.0,106.0,4.0,True,False,False,True,True,38.255,140.345,0.5172413793103449,4.048387096774194,2.2828142380422696,JMA daily observed
Nagano,True,1992,1992-04-09 00:00:00,1992-04-16 00:00:00,Not stated,1992-04-09,1992-04-16,99.0,106.0,7.0,True,False,False,True,True,36.6617,138.1917,0.20344827586206898,4.587096774193548,2.3952725250278086,JMA daily observed
Fukui,True,1992,1992-04-01 00:00:00,1992-04-05 00:00:00,Not stated,1992-04-01,1992-04-05,91.0,95.0,4.0,True,False,False,True,True,36.055,136.2217,3.731034482758621,7.65483870967742,5.69293659621802,JMA daily observed
Shizuoka,True,1992,1992-03-24 00:00:00,1992-04-04 00:00:00,Not stated,1992-03-24,1992-04-04,83.0,94.0,11.0,True,False,False,True,True,34.975,138.4033,7.7,11.274193548387096,9.487096774193548,JMA daily observed
Matsue,True,1992,1992-03-30 00:00:00,1992-04-05 00:00:00,Not stated,1992-03-30,1992-04-05,89.0,95.0,6.0,True,False,False,True,True,35.4567,133.065,5.086206896551724,8.241935483870968,6.664071190211346,JMA daily observed
Kyoto,True,1992,1992-03-27 00:00:00,1992-04-03 00:00:00,Not stated,1992-03-27,1992-04-03,86.0,93.0,7.0,True,False,False,True,True,35.0117,135.735,5.068965517241379,9.709677419354838,7.3893214682981085,JMA daily observed
Kobe,True,1992,1992-03-27 00:00:00,1992-04-03 00:00:00,Not stated,1992-03-27,1992-04-03,86.0,93.0,7.0,True,False,False,True,True,34.6967,135.2117,5.720689655172414,10.01290322580645,7.866796440489432,JMA daily observed
Osaka,True,1992,1992-03-26 00:00:00,1992-04-02 00:00:00,Not stated,1992-03-26,1992-04-02,85.0,92.0,7.0,True,False,False,True,True,34.6817,135.5183,6.506896551724138,10.496774193548386,8.501835372636261,JMA daily observed
Nara,True,1992,1992-03-26 00:00:00,1992-04-01 00:00:00,Not stated,1992-03-26,1992-04-01,85.0,91.0,6.0,True,False,False,True,True,34.6733,135.8317,4.303448275862069,8.62258064516129,6.46301446051168,JMA daily observed
Kochi,True,1992,1992-03-25 00:00:00,1992-04-02 00:00:00,Not stated,1992-03-25,1992-04-02,84.0,92.0,8.0,True,False,False,True,True,33.5667,133.5483,6.7379310344827585,11.941935483870967,9.339933259176863,JMA daily observed
Fukuoka,True,1992,1992-03-22 00:00:00,1992-03-31 00:00:00,Not stated,1992-03-22,1992-03-31,81.0,90.0,9.0,True,False,False,True,True,33.5817,130.3767,7.582758620689655,10.758064516129032,9.170411568409344,JMA daily observed
Oita,True,1992,1992-03-26 00:00:00,1992-04-03 00:00:00,Not stated,1992-03-26,1992-04-03,85.0,93.0,8.0,True,False,False,True,True,33.235,131.6183,6.817241379310344,10.100000000000001,8.458620689655174,JMA daily observed
Kagoshima,True,1992,1992-03-26 00:00:00,1992-04-03 00:00:00,Not stated,1992-03-26,1992-04-03,85.0,93.0,8.0,True,False,False,True,True,31.555,130.5467,8.33448275862069,13.996774193548386,11.165628476084539,JMA daily observed
Miyazaki,True,1992,1992-03-24 00:00:00,1992-04-03 00:00:00,Not stated,1992-03-24,1992-04-03,83.0,93.0,10.0,True,False,False,True,True,31.9383,131.4133,8.562068965517241,13.106451612903227,10.834260289210235,JMA daily observed
Wakkanai,True,1993,1993-05-15 00:00:00,1993-05-18 00:00:00,Sargent cherry (Prunus sargentii),1993-05-15,1993-05-18,135.0,138.0,3.0,False,False,False,True,True,45.415,141.6783,-3.2535714285714286,-0.24193548387096775,-1.747753456221198,JMA daily observed
Asahikawa,True,1993,1993-05-08 00:00:00,1993-05-11 00:00:00,Sargent cherry (Prunus sargentii),1993-05-08,1993-05-11,128.0,131.0,3.0,False,False,False,True,True,43.7567,142.3717,-4.8500000000000005,-1.4064516129032258,-3.128225806451613,JMA daily observed
Iwamizawa,False,1993,1993-05-07 00:00:00,1993-05-09 00:00:00,Sargent cherry (Prunus sargentii),1993-05-07,1993-05-09,127.0,129.0,2.0,False,False,False,True,True,43.2117,141.785,-3.8,-0.5129032258064515,-2.1564516129032256,JMA daily observed
Urakawa,False,1993,1993-05-12 00:00:00,1993-05-17 00:00:00,Sargent cherry (Prunus sargentii),1993-05-12,1993-05-17,132.0,137.0,5.0,False,False,False,True,True,42.1617,142.7767,-1.675,1.074193548387097,-0.3004032258064515,JMA daily observed
Aomori,True,1993,1993-04-23 00:00:00,1993-04-28 00:00:00,Not stated,1993-04-23,1993-04-28,113.0,118.0,5.0,True,False,False,True,True,40.8217,140.7683,0.7642857142857143,3.3451612903225807,2.0547235023041477,JMA daily observed
Akita,True,1993,1993-04-19 00:00:00,1993-04-24 00:00:00,Not stated,1993-04-19,1993-04-24,109.0,114.0,5.0,True,False,False,True,True,39.7167,140.0983,2.1142857142857143,3.9096774193548387,3.0119815668202765,JMA daily observed
Yamagata,True,1993,1993-04-16 00:00:00,1993-04-20 00:00:00,Not stated,1993-04-16,1993-04-20,106.0,110.0,4.0,True,False,False,True,True,38.255,140.345,1.967857142857143,3.693548387096774,2.8307027649769587,JMA daily observed
Nagano,True,1993,1993-04-18 00:00:00,1993-04-21 00:00:00,Not stated,1993-04-18,1993-04-21,108.0,111.0,3.0,True,False,False,True,True,36.6617,138.1917,0.7071428571428571,3.074193548387097,1.890668202764977,JMA daily observed
Fukui,True,1993,1993-04-04 00:00:00,1993-04-14 00:00:00,Not stated,1993-04-04,1993-04-14,94.0,104.0,10.0,True,False,False,True,True,36.055,136.2217,4.821428571428571,6.074193548387097,5.447811059907834,JMA daily observed
Shizuoka,True,1993,1993-03-30 00:00:00,1993-04-09 00:00:00,Not stated,1993-03-30,1993-04-09,89.0,99.0,10.0,True,False,False,True,True,34.975,138.4033,8.832142857142857,9.387096774193548,9.109619815668204,JMA daily observed
Matsue,True,1993,1993-04-01 00:00:00,1993-04-15 00:00:00,Not stated,1993-04-01,1993-04-15,91.0,105.0,14.0,True,False,False,True,True,35.4567,133.065,6.046428571428572,6.803225806451613,6.4248271889400925,JMA daily observed
Kyoto,True,1993,1993-03-28 00:00:00,1993-04-06 00:00:00,Not stated,1993-03-28,1993-04-06,87.0,96.0,9.0,True,False,False,True,True,35.0117,135.735,6.057142857142857,7.590322580645162,6.823732718894009,JMA daily observed
Kobe,True,1993,1993-03-29 00:00:00,1993-04-10 00:00:00,Not stated,1993-03-29,1993-04-10,88.0,100.0,12.0,True,False,False,True,True,34.6967,135.2117,6.810714285714285,7.919354838709677,7.3650345622119815,JMA daily observed
Osaka,True,1993,1993-03-29 00:00:00,1993-04-07 00:00:00,Not stated,1993-03-29,1993-04-07,88.0,97.0,9.0,True,False,False,True,True,34.6817,135.5183,7.478571428571429,8.741935483870968,8.110253456221198,JMA daily observed
Nara,True,1993,1993-03-30 00:00:00,1993-04-07 00:00:00,Not stated,1993-03-30,1993-04-07,89.0,97.0,8.0,True,False,False,True,True,34.6733,135.8317,5.496428571428572,6.558064516129033,6.027246543778802,JMA daily observed
Kochi,True,1993,1993-03-29 00:00:00,1993-04-06 00:00:00,Not stated,1993-03-29,1993-04-06,88.0,96.0,8.0,True,False,False,True,True,33.5667,133.5483,7.992857142857143,9.358064516129033,8.675460829493089,JMA daily observed
Fukuoka,True,1993,1993-03-24 00:00:00,1993-04-05 00:00:00,Not stated,1993-03-24,1993-04-05,83.0,95.0,12.0,True,False,False,True,True,33.5817,130.3767,8.335714285714285,9.751612903225807,9.043663594470047,JMA daily observed
Oita,True,1993,1993-03-27 00:00:00,1993-04-08 00:00:00,Not stated,1993-03-27,1993-04-08,86.0,98.0,12.0,True,False,False,True,True,33.235,131.6183,7.632142857142857,8.629032258064516,8.130587557603686,JMA daily observed
Kagoshima,True,1993,1993-03-31 00:00:00,1993-04-10 00:00:00,Not stated,1993-03-31,1993-04-10,90.0,100.0,10.0,True,False,False,True,True,31.555,130.5467,9.453571428571427,11.290322580645162,10.371947004608295,JMA daily observed
Miyazaki,True,1993,1993-04-02 00:00:00,1993-04-13 00:00:00,Not stated,1993-04-02,1993-04-13,92.0,103.0,11.0,True,False,False,True,True,31.9383,131.4133,9.610714285714286,10.448387096774193,10.02955069124424,JMA daily observed
Wakkanai,True,1994,1994-05-16 00:00:00,1994-05-19 00:00:00,Sargent cherry (Prunus sargentii),1994-05-16,1994-05-19,136.0,139.0,3.0,False,False,False,True,True,45.415,141.6783,-2.685714285714286,-1.3225806451612903,-2.004147465437788,JMA daily observed
Asahikawa,True,1994,1994-05-11 00:00:00,1994-05-13 00:00:00,Sargent cherry (Prunus sargentii),1994-05-11,1994-05-13,131.0,133.0,2.0,False,False,False,True,True,43.7567,142.3717,-4.517857142857143,-2.6838709677419357,-3.6008640552995397,JMA daily observed
Iwamizawa,False,1994,1994-05-08 00:00:00,1994-05-11 00:00:00,Sargent cherry (Prunus sargentii),1994-05-08,1994-05-11,128.0,131.0,3.0,False,False,False,True,True,43.2117,141.785,-3.2392857142857143,-1.6,-2.419642857142857,JMA daily observed
Urakawa,False,1994,1994-05-13 00:00:00,1994-05-17 00:00:00,Sargent cherry (Prunus sargentii),1994-05-13,1994-05-17,133.0,137.0,4.0,False,False,False,True,True,42.1617,142.7767,-1.0178571428571428,-0.13870967741935483,-0.5782834101382488,JMA daily observed
Aomori,True,1994,1994-04-22 00:00:00,1994-04-27 00:00:00,Not stated,1994-04-22,1994-04-27,112.0,117.0,5.0,True,False,False,True,True,40.8217,140.7683,0.4035714285714286,1.532258064516129,0.9679147465437787,JMA daily observed
Akita,True,1994,1994-04-19 00:00:00,1994-04-24 00:00:00,Not stated,1994-04-19,1994-04-24,109.0,114.0,5.0,True,False,False,True,True,39.7167,140.0983,1.325,2.5129032258064514,1.9189516129032258,JMA daily observed
Yamagata,True,1994,1994-04-15 00:00:00,1994-04-18 00:00:00,Not stated,1994-04-15,1994-04-18,105.0,108.0,3.0,True,False,False,True,True,38.255,140.345,0.6535714285714286,2.47741935483871,1.5654953917050691,JMA daily observed
Nagano,True,1994,1994-04-15 00:00:00,1994-04-18 00:00:00,Not stated,1994-04-15,1994-04-18,105.0,108.0,3.0,True,False,False,True,True,36.6617,138.1917,-0.23214285714285715,2.332258064516129,1.0500576036866358,JMA daily observed
Fukui,True,1994,1994-04-07 00:00:00,1994-04-11 00:00:00,Not stated,1994-04-07,1994-04-11,97.0,101.0,4.0,True,False,False,True,True,36.055,136.2217,2.9642857142857144,5.370967741935484,4.1676267281106,JMA daily observed
Shizuoka,True,1994,1994-04-02 00:00:00,1994-04-09 00:00:00,Not stated,1994-04-02,1994-04-09,92.0,99.0,7.0,True,False,False,True,True,34.975,138.4033,6.7821428571428575,9.203225806451613,7.992684331797236,JMA daily observed
Matsue,True,1994,1994-04-05 00:00:00,1994-04-10 00:00:00,Not stated,1994-04-05,1994-04-10,95.0,100.0,5.0,True,False,False,True,True,35.4567,133.065,4.2407407407407405,5.903225806451613,5.071983273596176,JMA daily observed
Kyoto,True,1994,1994-04-03 00:00:00,1994-04-06 00:00:00,Not stated,1994-04-03,1994-04-06,93.0,96.0,3.0,True,False,False,True,True,35.0117,135.735,4.632142857142857,7.096774193548387,5.864458525345622,JMA daily observed
Kobe,True,1994,1994-04-02 00:00:00,1994-04-06 00:00:00,Not stated,1994-04-02,1994-04-06,92.0,96.0,4.0,True,False,False,True,True,34.6967,135.2117,5.389285714285714,7.361290322580645,6.37528801843318,JMA daily observed
Osaka,True,1994,1994-03-31 00:00:00,1994-04-06 00:00:00,Not stated,1994-03-31,1994-04-06,90.0,96.0,6.0,True,False,False,True,True,34.6817,135.5183,6.2178571428571425,8.274193548387096,7.246025345622119,JMA daily observed
Nara,True,1994,1994-04-03 00:00:00,1994-04-06 00:00:00,Not stated,1994-04-03,1994-04-06,93.0,96.0,3.0,True,False,False,True,True,34.6733,135.8317,4.082142857142857,6.158064516129032,5.120103686635945,JMA daily observed
Kochi,True,1994,1994-03-30 00:00:00,1994-04-05 00:00:00,Not stated,1994-03-30,1994-04-05,89.0,95.0,6.0,True,False,False,True,True,33.5667,133.5483,7.321428571428571,9.422580645161291,8.372004608294931,JMA daily observed
Fukuoka,True,1994,1994-03-29 00:00:00,1994-04-05 00:00:00,Not stated,1994-03-29,1994-04-05,88.0,95.0,7.0,True,False,False,True,True,33.5817,130.3767,7.15,8.935483870967742,8.042741935483871,JMA daily observed
Oita,True,1994,1994-03-30 00:00:00,1994-04-05 00:00:00,Not stated,1994-03-30,1994-04-05,89.0,95.0,6.0,True,False,False,True,True,33.235,131.6183,6.75,8.087096774193547,7.418548387096774,JMA daily observed
Kagoshima,True,1994,1994-03-29 00:00:00,1994-04-04 00:00:00,Not stated,1994-03-29,1994-04-04,88.0,94.0,6.0,True,False,False,True,True,31.555,130.5467,9.428571428571429,10.899999999999999,10.164285714285715,JMA daily observed
Miyazaki,True,1994,1994-03-30 00:00:00,1994-04-05 00:00:00,Not stated,1994-03-30,1994-04-05,89.0,95.0,6.0,True,False,False,True,True,31.9383,131.4133,8.914285714285715,10.458064516129031,9.686175115207373,JMA daily observed
Wakkanai,True,1995,1995-05-08 00:00:00,1995-05-11 00:00:00,Sargent cherry (Prunus sargentii),1995-05-08,1995-05-11,128.0,131.0,3.0,False,False,False,True,True,45.415,141.6783,-3.9785714285714286,-0.8387096774193549,-2.408640552995392,JMA daily observed
Asahikawa,True,1995,1995-05-02 00:00:00,1995-05-04 00:00:00,Sargent cherry (Prunus sargentii),1995-05-02,1995-05-04,122.0,124.0,2.0,False,False,False,True,True,43.7567,142.3717,-6.375,-1.4161290322580644,-3.895564516129032,JMA daily observed
Iwamizawa,False,1995,1995-05-03 00:00:00,1995-05-05 00:00:00,Sargent cherry (Prunus sargentii),1995-05-03,1995-05-05,123.0,125.0,2.0,False,False,False,True,True,43.2117,141.785,-4.871428571428572,-0.5870967741935483,-2.72926267281106,JMA daily observed
Urakawa,False,1995,1995-05-09 00:00:00,1995-05-11 00:00:00,Sargent cherry (Prunus sargentii),1995-05-09,1995-05-11,129.0,131.0,2.0,False,False,False,True,True,42.1617,142.7767,-1.8357142857142856,0.4612903225806452,-0.6872119815668203,JMA daily observed
Aomori,True,1995,1995-04-24 00:00:00,1995-04-28 00:00:00,Not stated,1995-04-24,1995-04-28,114.0,118.0,4.0,True,False,False,True,True,40.8217,140.7683,0.3821428571428571,2.803225806451613,1.592684331797235,JMA daily observed
Akita,True,1995,1995-04-18 00:00:00,1995-04-23 00:00:00,Not stated,1995-04-18,1995-04-23,108.0,113.0,5.0,True,False,False,True,True,39.7167,140.0983,1.075,3.835483870967742,2.455241935483871,JMA daily observed
Yamagata,True,1995,1995-04-17 00:00:00,1995-04-21 00:00:00,Not stated,1995-04-17,1995-04-21,107.0,111.0,4.0,True,False,False,True,True,38.255,140.345,0.15714285714285708,3.6129032258064515,1.8850230414746543,JMA daily observed
Nagano,True,1995,1995-04-17 00:00:00,1995-04-21 00:00:00,Not stated,1995-04-17,1995-04-21,107.0,111.0,4.0,True,False,False,True,True,36.6617,138.1917,-0.19285714285714287,3.8774193548387097,1.8422811059907833,JMA daily observed
Fukui,True,1995,1995-04-05 00:00:00,1995-04-09 00:00:00,Not stated,1995-04-05,1995-04-09,95.0,99.0,4.0,True,False,False,True,True,36.055,136.2217,3.367857142857143,7.116129032258065,5.241993087557604,JMA daily observed
Shizuoka,True,1995,1995-04-01 00:00:00,1995-04-08 00:00:00,Not stated,1995-04-01,1995-04-08,91.0,98.0,7.0,True,False,False,True,True,34.975,138.4033,7.125,10.04516129032258,8.585080645161291,JMA daily observed
Matsue,True,1995,1995-04-03 00:00:00,1995-04-09 00:00:00,Not stated,1995-04-03,1995-04-09,93.0,99.0,6.0,True,False,False,True,True,35.4567,133.065,4.067857142857143,8.129032258064516,6.0984447004608295,JMA daily observed
Kyoto,True,1995,1995-03-31 00:00:00,1995-04-06 00:00:00,Not stated,1995-03-31,1995-04-06,90.0,96.0,6.0,True,False,False,True,True,35.0117,135.735,4.853571428571429,8.603225806451613,6.728398617511521,JMA daily observed
Kobe,True,1995,1995-03-31 00:00:00,1995-04-10 00:00:00,Not stated,1995-03-31,1995-04-10,90.0,100.0,10.0,True,False,False,True,True,34.6967,135.2117,5.192857142857143,9.025806451612903,7.109331797235023,JMA daily observed
Osaka,True,1995,1995-03-31 00:00:00,1995-04-07 00:00:00,Not stated,1995-03-31,1995-04-07,90.0,97.0,7.0,True,False,False,True,True,34.6817,135.5183,6.1499999999999995,9.80967741935484,7.97983870967742,JMA daily observed
Nara,True,1995,1995-04-01 00:00:00,1995-04-08 00:00:00,Not stated,1995-04-01,1995-04-08,91.0,98.0,7.0,True,False,False,True,True,34.6733,135.8317,3.8428571428571425,7.854838709677419,5.848847926267281,JMA daily observed
Kochi,True,1995,1995-03-28 00:00:00,1995-04-07 00:00:00,Not stated,1995-03-28,1995-04-07,87.0,97.0,10.0,True,False,False,True,True,33.5667,133.5483,6.8999999999999995,10.741935483870968,8.820967741935483,JMA daily observed
Fukuoka,True,1995,1995-03-27 00:00:00,1995-04-08 00:00:00,Not stated,1995-03-27,1995-04-08,86.0,98.0,12.0,True,False,False,True,True,33.5817,130.3767,7.064285714285715,10.135483870967741,8.599884792626728,JMA daily observed
Oita,True,1995,1995-03-27 00:00:00,1995-04-07 00:00:00,Not stated,1995-03-27,1995-04-07,86.0,97.0,11.0,True,False,False,True,True,33.235,131.6183,6.371428571428572,9.706451612903225,8.038940092165898,JMA daily observed
Kagoshima,True,1995,1995-03-31 00:00:00,1995-04-10 00:00:00,Not stated,1995-03-31,1995-04-10,90.0,100.0,10.0,True,False,False,True,True,31.555,130.5467,9.010714285714286,11.82258064516129,10.416647465437787,JMA daily observed
Miyazaki,True,1995,1995-03-30 00:00:00,1995-04-10 00:00:00,Not stated,1995-03-30,1995-04-10,89.0,100.0,11.0,True,False,False,True,True,31.9383,131.4133,8.053571428571429,11.577419354838709,9.815495391705069,JMA daily observed
Wakkanai,True,1996,1996-05-20 00:00:00,1996-05-25 00:00:00,Sargent cherry (Prunus sargentii),1996-05-20,1996-05-25,140.0,145.0,5.0,False,False,False,True,True,45.415,141.6783,-4.455172413793103,-0.9580645161290322,-2.7066184649610676,JMA daily observed
Asahikawa,True,1996,1996-05-07 00:00:00,1996-05-13 00:00:00,Sargent cherry (Prunus sargentii),1996-05-07,1996-05-13,127.0,133.0,6.0,False,False,False,True,True,43.7567,142.3717,-6.137931034482759,-1.8677419354838711,-4.002836484983315,JMA daily observed
Iwamizawa,False,1996,1996-05-07 00:00:00,1996-05-09 00:00:00,Sargent cherry (Prunus sargentii),1996-05-07,1996-05-09,127.0,129.0,2.0,False,False,False,True,True,43.2117,141.785,-5.110344827586206,-1.1129032258064515,-3.1116240266963286,JMA daily observed
Urakawa,False,1996,1996-05-11 00:00:00,1996-05-17 00:00:00,Sargent cherry (Prunus sargentii),1996-05-11,1996-05-17,131.0,137.0,6.0,False,False,False,True,True,42.1617,142.7767,-3.0448275862068965,0.6193548387096774,-1.2127363737486094,JMA daily observed
Aomori,True,1996,1996-04-30 00:00:00,1996-05-03 00:00:00,Not stated,1996-04-30,1996-05-03,120.0,123.0,3.0,True,False,False,True,True,40.8217,140.7683,-1.006896551724138,1.9548387096774194,0.4739710789766407,JMA daily observed
Akita,True,1996,1996-04-25 00:00:00,1996-04-30 00:00:00,Not stated,1996-04-25,1996-04-30,115.0,120.0,5.0,True,False,False,True,True,39.7167,140.0983,0.293103448275862,2.987096774193548,1.6401001112347051,JMA daily observed
Yamagata,True,1996,1996-04-24 00:00:00,1996-04-25 00:00:00,Not stated,1996-04-24,1996-04-25,114.0,115.0,1.0,True,False,False,True,True,38.255,140.345,0.21034482758620687,3.170967741935484,1.6906562847608453,JMA daily observed
Nagano,True,1996,1996-04-23 00:00:00,1996-04-26 00:00:00,Not stated,1996-04-23,1996-04-26,113.0,116.0,3.0,True,False,False,True,True,36.6617,138.1917,-1.579310344827586,3.5,0.960344827586207,JMA daily observed
Fukui,True,1996,1996-04-07 00:00:00,1996-04-14 00:00:00,Not stated,1996-04-07,1996-04-14,97.0,104.0,7.0,True,False,False,True,True,36.055,136.2217,2.3310344827586205,6.283333333333333,4.307183908045976,JMA daily observed
Shizuoka,True,1996,1996-03-26 00:00:00,1996-04-02 00:00:00,Not stated,1996-03-26,1996-04-02,85.0,92.0,7.0,True,False,False,True,True,34.975,138.4033,5.824137931034483,9.86774193548387,7.845939933259176,JMA daily observed
Matsue,True,1996,1996-04-06 00:00:00,1996-04-14 00:00:00,Not stated,1996-04-06,1996-04-14,96.0,104.0,8.0,True,False,False,True,True,35.4567,133.065,3.3448275862068964,6.990322580645161,5.167575083426029,JMA daily observed
Kyoto,True,1996,1996-03-31 00:00:00,1996-04-09 00:00:00,Not stated,1996-03-31,1996-04-09,90.0,99.0,9.0,True,False,False,True,True,35.0117,135.735,3.7482758620689656,7.680645161290323,5.714460511679644,JMA daily observed
Kobe,True,1996,1996-03-31 00:00:00,1996-04-08 00:00:00,Not stated,1996-03-31,1996-04-08,90.0,98.0,8.0,True,False,False,True,True,34.6967,135.2117,4.417241379310345,8.190322580645162,6.303781979977753,JMA daily observed
Osaka,True,1996,1996-03-31 00:00:00,1996-04-09 00:00:00,Not stated,1996-03-31,1996-04-09,90.0,99.0,9.0,True,False,False,True,True,34.6817,135.5183,5.151724137931034,8.86774193548387,7.009733036707452,JMA daily observed
Nara,True,1996,1996-04-01 00:00:00,1996-04-08 00:00:00,Not stated,1996-04-01,1996-04-08,91.0,98.0,7.0,True,False,False,True,True,34.6733,135.8317,3.1206896551724137,7.087096774193548,5.103893214682981,JMA daily observed
Kochi,True,1996,1996-03-25 00:00:00,1996-04-02 00:00:00,Not stated,1996-03-25,1996-04-02,84.0,92.0,8.0,True,False,False,True,True,33.5667,133.5483,5.982758620689655,9.94516129032258,7.963959955506118,JMA daily observed
Fukuoka,True,1996,1996-03-23 00:00:00,1996-04-01 00:00:00,Not stated,1996-03-23,1996-04-01,82.0,91.0,9.0,True,False,False,True,True,33.5817,130.3767,6.086206896551724,9.922580645161291,8.004393770856508,JMA daily observed
Oita,True,1996,1996-03-26 00:00:00,1996-04-07 00:00:00,Not stated,1996-03-26,1996-04-07,85.0,97.0,12.0,True,False,False,True,True,33.235,131.6183,5.375862068965517,9.141935483870967,7.258898776418242,JMA daily observed
Kagoshima,True,1996,1996-03-25 00:00:00,1996-03-31 00:00:00,Not stated,1996-03-25,1996-03-31,84.0,90.0,6.0,True,False,False,True,True,31.555,130.5467,7.806896551724138,12.12258064516129,9.964738598442715,JMA daily observed
Miyazaki,True,1996,1996-03-22 00:00:00,1996-04-03 00:00:00,Not stated,1996-03-22,1996-04-03,81.0,93.0,12.0,True,False,False,True,True,31.9383,131.4133,7.572413793103448,11.416129032258064,9.494271412680757,JMA daily observed
Wakkanai,True,1997,1997-05-15 00:00:00,1997-05-22 00:00:00,Sargent cherry (Prunus sargentii),1997-05-15,1997-05-22,135.0,142.0,7.0,False,False,False,True,True,45.415,141.6783,-3.267857142857143,-1.467741935483871,-2.367799539170507,JMA daily observed
Asahikawa,True,1997,1997-05-05 00:00:00,1997-05-07 00:00:00,Sargent cherry (Prunus sargentii),1997-05-05,1997-05-07,125.0,127.0,2.0,False,False,False,True,True,43.7567,142.3717,-4.703571428571428,-2.212903225806452,-3.4582373271889404,JMA daily observed
Iwamizawa,False,1997,1997-05-03 00:00:00,1997-05-05 00:00:00,Sargent cherry (Prunus sargentii),1997-05-03,1997-05-05,123.0,125.0,2.0,False,False,False,True,True,43.2117,141.785,-3.560714285714286,-1.167741935483871,-2.3642281105990786,JMA daily observed
Urakawa,False,1997,1997-05-05 00:00:00,1997-05-09 00:00:00,Sargent cherry (Prunus sargentii),1997-05-05,1997-05-09,125.0,129.0,4.0,False,False,False,True,True,42.1617,142.7767,-1.3071428571428572,0.3741935483870968,-0.46647465437788016,JMA daily observed
Aomori,True,1997,1997-04-23 00:00:00,1997-04-27 00:00:00,Not stated,1997-04-23,1997-04-27,113.0,117.0,4.0,True,False,False,True,True,40.8217,140.7683,0.6142857142857142,2.770967741935484,1.692626728110599,JMA daily observed
Akita,True,1997,1997-04-17 00:00:00,1997-04-22 00:00:00,Not stated,1997-04-17,1997-04-22,107.0,112.0,5.0,True,False,False,True,True,39.7167,140.0983,1.3392857142857142,3.8741935483870966,2.6067396313364055,JMA daily observed
Yamagata,True,1997,1997-04-13 00:00:00,1997-04-19 00:00:00,Not stated,1997-04-13,1997-04-19,103.0,109.0,6.0,True,False,False,True,True,38.255,140.345,0.5178571428571429,4.474193548387096,2.4960253456221198,JMA daily observed
Nagano,True,1997,1997-04-11 00:00:00,1997-04-16 00:00:00,Not stated,1997-04-11,1997-04-16,101.0,106.0,5.0,True,False,False,True,True,36.6617,138.1917,-0.3821428571428571,4.758064516129032,2.1879608294930875,JMA daily observed
Fukui,True,1997,1997-03-30 00:00:00,1997-04-04 00:00:00,Not stated,1997-03-30,1997-04-04,89.0,94.0,5.0,True,False,False,True,True,36.055,136.2217,3.232142857142857,7.767741935483872,5.499942396313364,JMA daily observed
Shizuoka,True,1997,1997-03-22 00:00:00,1997-03-30 00:00:00,Not stated,1997-03-22,1997-03-30,81.0,89.0,8.0,True,False,False,True,True,34.975,138.4033,7.153571428571429,11.312903225806451,9.23323732718894,JMA daily observed
Matsue,True,1997,1997-03-28 00:00:00,1997-04-04 00:00:00,Not stated,1997-03-28,1997-04-04,87.0,94.0,7.0,True,False,False,True,True,35.4567,133.065,4.3,8.687096774193549,6.493548387096775,JMA daily observed
Kyoto,True,1997,1997-03-26 00:00:00,1997-04-04 00:00:00,Not stated,1997-03-26,1997-04-04,85.0,94.0,9.0,True,False,False,True,True,35.0117,135.735,4.646428571428571,9.33548387096774,6.9909562211981555,JMA daily observed
Kobe,True,1997,1997-03-26 00:00:00,1997-04-02 00:00:00,Not stated,1997-03-26,1997-04-02,85.0,92.0,7.0,True,False,False,True,True,34.6967,135.2117,5.264285714285714,9.719354838709679,7.491820276497696,JMA daily observed
Osaka,True,1997,1997-03-27 00:00:00,1997-04-04 00:00:00,Not stated,1997-03-27,1997-04-04,86.0,94.0,8.0,True,False,False,True,True,34.6817,135.5183,5.7821428571428575,10.067741935483872,7.924942396313364,JMA daily observed
Nara,True,1997,1997-03-28 00:00:00,1997-04-03 00:00:00,Not stated,1997-03-28,1997-04-03,87.0,93.0,6.0,True,False,False,True,True,34.6733,135.8317,3.932142857142857,8.351612903225806,6.141877880184332,JMA daily observed
Kochi,True,1997,1997-03-15 00:00:00,1997-03-26 00:00:00,Not stated,1997-03-15,1997-03-26,74.0,85.0,11.0,True,False,False,True,True,33.5667,133.5483,7.203571428571428,11.922580645161291,9.56307603686636,JMA daily observed
Fukuoka,True,1997,1997-03-18 00:00:00,1997-03-28 00:00:00,Not stated,1997-03-18,1997-03-28,77.0,87.0,10.0,True,False,False,True,True,33.5817,130.3767,7.685714285714285,11.30967741935484,9.497695852534562,JMA daily observed
Oita,True,1997,1997-03-20 00:00:00,1997-04-01 00:00:00,Not stated,1997-03-20,1997-04-01,79.0,91.0,12.0,True,False,False,True,True,33.235,131.6183,6.707142857142857,10.619354838709677,8.663248847926267,JMA daily observed
Kagoshima,True,1997,1997-03-21 00:00:00,1997-03-30 00:00:00,Not stated,1997-03-21,1997-03-30,80.0,89.0,9.0,True,False,False,True,True,31.555,130.5467,9.428571428571429,13.796774193548387,11.612672811059909,JMA daily observed
Miyazaki,True,1997,1997-03-17 00:00:00,1997-03-31 00:00:00,Not stated,1997-03-17,1997-03-31,76.0,90.0,14.0,True,False,False,True,True,31.9383,131.4133,8.514285714285714,13.283870967741937,10.899078341013826,JMA daily observed
Wakkanai,True,1998,1998-05-11 00:00:00,1998-05-14 00:00:00,Sargent cherry (Prunus sargentii),1998-05-11,1998-05-14,131.0,134.0,3.0,False,False,False,True,True,45.415,141.6783,-5.132142857142857,0.3290322580645161,-2.4015552995391705,JMA daily observed
Asahikawa,True,1998,1998-04-23 00:00:00,1998-04-25 00:00:00,Sargent cherry (Prunus sargentii),1998-04-23,1998-04-25,113.0,115.0,2.0,False,False,False,True,True,43.7567,142.3717,-7.896428571428571,-0.9516129032258065,-4.424020737327189,JMA daily observed
Iwamizawa,False,1998,1998-04-24 00:00:00,1998-04-27 00:00:00,Sargent cherry (Prunus sargentii),1998-04-24,1998-04-27,114.0,117.0,3.0,False,False,False,True,True,43.2117,141.785,-5.539285714285714,0.05161290322580645,-2.7438364055299536,JMA daily observed
Urakawa,False,1998,1998-05-04 00:00:00,1998-05-07 00:00:00,Sargent cherry (Prunus sargentii),1998-05-04,1998-05-07,124.0,127.0,3.0,False,False,False,True,True,42.1617,142.7767,-2.992857142857143,1.0290322580645161,-0.9819124423963134,JMA daily observed
Aomori,True,1998,1998-04-16 00:00:00,1998-04-20 00:00:00,Not stated,1998-04-16,1998-04-20,106.0,110.0,4.0,True,False,False,True,True,40.8217,140.7683,-0.375,4.067741935483871,1.8463709677419353,JMA daily observed
Akita,True,1998,1998-04-13 00:00:00,1998-04-16 00:00:00,Not stated,1998-04-13,1998-04-16,103.0,106.0,3.0,True,False,False,True,True,39.7167,140.0983,1.262962962962963,4.803225806451613,3.0330943847072884,JMA daily observed
Yamagata,True,1998,1998-04-11 00:00:00,1998-04-13 00:00:00,Not stated,1998-04-11,1998-04-13,101.0,103.0,2.0,True,False,False,True,True,38.255,140.345,0.6321428571428571,4.696774193548387,2.664458525345622,JMA daily observed
Nagano,True,1998,1998-04-10 00:00:00,1998-04-13 00:00:00,Not stated,1998-04-10,1998-04-13,100.0,103.0,3.0,True,False,False,True,True,36.6617,138.1917,1.2678571428571428,4.619354838709677,2.94360599078341,JMA daily observed
Fukui,True,1998,1998-03-29 00:00:00,1998-04-04 00:00:00,Not stated,1998-03-29,1998-04-04,88.0,94.0,6.0,True,False,False,True,True,36.055,136.2217,5.203571428571428,8.026666666666667,6.615119047619048,JMA daily observed
Shizuoka,True,1998,1998-03-21 00:00:00,1998-03-31 00:00:00,Not stated,1998-03-21,1998-03-31,80.0,90.0,10.0,True,False,False,True,True,34.975,138.4033,8.403571428571428,11.01290322580645,9.70823732718894,JMA daily observed
Matsue,True,1998,1998-03-26 00:00:00,1998-04-04 00:00:00,Not stated,1998-03-26,1998-04-04,85.0,94.0,9.0,True,False,False,True,True,35.4567,133.065,6.307142857142857,8.580645161290322,7.4438940092165895,JMA daily observed
Kyoto,True,1998,1998-03-24 00:00:00,1998-04-01 00:00:00,Not stated,1998-03-24,1998-04-01,83.0,91.0,8.0,True,False,False,True,True,35.0117,135.735,7.0321428571428575,9.651612903225805,8.341877880184331,JMA daily observed
Kobe,True,1998,1998-03-24 00:00:00,1998-03-31 00:00:00,Not stated,1998-03-24,1998-03-31,83.0,90.0,7.0,True,False,False,True,True,34.6967,135.2117,7.5928571428571425,9.851612903225806,8.722235023041474,JMA daily observed
Osaka,True,1998,1998-03-25 00:00:00,1998-04-03 00:00:00,Not stated,1998-03-25,1998-04-03,84.0,93.0,9.0,True,False,False,True,True,34.6817,135.5183,7.792857142857143,10.587096774193547,9.189976958525346,JMA daily observed
Nara,True,1998,1998-03-26 00:00:00,1998-03-31 00:00:00,Not stated,1998-03-26,1998-03-31,85.0,90.0,5.0,True,False,False,True,True,34.6733,135.8317,5.914285714285714,8.796774193548387,7.355529953917051,JMA daily observed
Kochi,True,1998,1998-03-17 00:00:00,1998-03-31 00:00:00,Not stated,1998-03-17,1998-03-31,76.0,90.0,14.0,True,False,False,True,True,33.5667,133.5483,9.639285714285714,11.451612903225806,10.54544930875576,JMA daily observed
Fukuoka,True,1998,1998-03-19 00:00:00,1998-04-03 00:00:00,Not stated,1998-03-19,1998-04-03,78.0,93.0,15.0,True,False,False,True,True,33.5817,130.3767,9.446428571428571,10.85483870967742,10.150633640552996,JMA daily observed
Oita,True,1998,1998-03-19 00:00:00,1998-04-02 00:00:00,Not stated,1998-03-19,1998-04-02,78.0,92.0,14.0,True,False,False,True,True,33.235,131.6183,8.567857142857143,10.225806451612904,9.396831797235023,JMA daily observed
Kagoshima,True,1998,1998-03-28 00:00:00,1998-04-09 00:00:00,Not stated,1998-03-28,1998-04-09,87.0,99.0,12.0,True,False,False,True,True,31.555,130.5467,12.275,12.529032258064515,12.402016129032258,JMA daily observed
Miyazaki,True,1998,1998-03-23 00:00:00,1998-04-01 00:00:00,Not stated,1998-03-23,1998-04-01,82.0,91.0,9.0,True,False,False,True,True,31.9383,131.4133,11.582142857142857,12.09032258064516,11.83623271889401,JMA daily observed
Wakkanai,True,1999,1999-05-14 00:00:00,1999-05-18 00:00:00,Sargent cherry (Prunus sargentii),1999-05-14,1999-05-18,134.0,138.0,4.0,False,False,False,True,True,45.415,141.6783,-5.564285714285715,-2.638709677419355,-4.101497695852535,JMA daily observed
Asahikawa,True,1999,1999-05-04 00:00:00,1999-05-08 00:00:00,Sargent cherry (Prunus sargentii),1999-05-04,1999-05-08,124.0,128.0,4.0,False,False,False,True,True,43.7567,142.3717,-6.539285714285714,-2.9129032258064513,-4.726094470046083,JMA daily observed
Iwamizawa,False,1999,1999-05-03 00:00:00,1999-05-07 00:00:00,Sargent cherry (Prunus sargentii),1999-05-03,1999-05-07,123.0,127.0,4.0,False,False,False,True,True,43.2117,141.785,-5.164285714285714,-1.7548387096774194,-3.4595622119815665,JMA daily observed
Urakawa,False,1999,1999-05-02 00:00:00,1999-05-06 00:00:00,Sargent cherry (Prunus sargentii),1999-05-02,1999-05-06,122.0,126.0,4.0,False,False,False,True,True,42.1617,142.7767,-2.542857142857143,0.13225806451612906,-1.205299539170507,JMA daily observed
Aomori,True,1999,1999-04-26 00:00:00,1999-04-30 00:00:00,Not stated,1999-04-26,1999-04-30,116.0,120.0,4.0,True,False,False,True,True,40.8217,140.7683,-1.0285714285714287,1.6516129032258065,0.3115207373271889,JMA daily observed
Akita,True,1999,1999-04-17 00:00:00,1999-04-20 00:00:00,Not stated,1999-04-17,1999-04-20,107.0,110.0,3.0,True,False,False,True,True,39.7167,140.0983,0.45714285714285713,3.8870967741935485,2.1721198156682027,JMA daily observed
Yamagata,True,1999,1999-04-14 00:00:00,1999-04-18 00:00:00,Not stated,1999-04-14,1999-04-18,104.0,108.0,4.0,True,False,False,True,True,38.255,140.345,0.14285714285714285,4.187096774193549,2.164976958525346,JMA daily observed
Nagano,True,1999,1999-04-10 00:00:00,1999-04-13 00:00:00,Not stated,1999-04-10,1999-04-13,100.0,103.0,3.0,True,False,False,True,True,36.6617,138.1917,-0.4571428571428572,5.141935483870968,2.3423963133640555,JMA daily observed
Fukui,True,1999,1999-03-26 00:00:00,1999-04-02 00:00:00,Not stated,1999-03-26,1999-04-02,85.0,92.0,7.0,True,False,False,True,True,36.055,136.2217,2.960714285714286,8.570967741935483,5.765841013824884,JMA daily observed
Shizuoka,True,1999,1999-03-21 00:00:00,1999-04-01 00:00:00,Not stated,1999-03-21,1999-04-01,80.0,91.0,11.0,True,False,False,True,True,34.975,138.4033,7.0321428571428575,11.170967741935485,9.101555299539172,JMA daily observed
Matsue,True,1999,1999-03-29 00:00:00,1999-04-06 00:00:00,Not stated,1999-03-29,1999-04-06,88.0,96.0,8.0,True,False,False,True,True,35.4567,133.065,4.5321428571428575,8.893548387096773,6.712845622119815,JMA daily observed
Kyoto,True,1999,1999-03-25 00:00:00,1999-04-02 00:00:00,Not stated,1999-03-25,1999-04-02,84.0,92.0,8.0,True,False,False,True,True,35.0117,135.735,4.6499999999999995,9.935483870967742,7.292741935483871,JMA daily observed
Kobe,True,1999,1999-03-25 00:00:00,1999-04-02 00:00:00,Not stated,1999-03-25,1999-04-02,84.0,92.0,8.0,True,False,False,True,True,34.6967,135.2117,5.457142857142857,10.006451612903225,7.731797235023041,JMA daily observed
Osaka,True,1999,1999-03-24 00:00:00,1999-03-29 00:00:00,Not stated,1999-03-24,1999-03-29,83.0,88.0,5.0,True,False,False,True,True,34.6817,135.5183,5.939285714285715,10.558064516129033,8.248675115207373,JMA daily observed
Nara,True,1999,1999-03-26 00:00:00,1999-04-02 00:00:00,Not stated,1999-03-26,1999-04-02,85.0,92.0,7.0,True,False,False,True,True,34.6733,135.8317,3.8607142857142853,8.990322580645161,6.4255184331797235,JMA daily observed
Kochi,True,1999,1999-03-19 00:00:00,1999-04-01 00:00:00,Not stated,1999-03-19,1999-04-01,78.0,91.0,13.0,True,False,False,True,True,33.5667,133.5483,6.728571428571429,12.36774193548387,9.548156682027649,JMA daily observed
Fukuoka,True,1999,1999-03-21 00:00:00,1999-04-01 00:00:00,Not stated,1999-03-21,1999-04-01,80.0,91.0,11.0,True,False,False,True,True,33.5817,130.3767,7.178571428571429,11.341935483870968,9.260253456221198,JMA daily observed
Oita,True,1999,1999-03-26 00:00:00,1999-04-08 00:00:00,Not stated,1999-03-26,1999-04-08,85.0,98.0,13.0,True,False,False,True,True,33.235,131.6183,6.835714285714286,10.596774193548388,8.716244239631337,JMA daily observed
Kagoshima,True,1999,1999-03-26 00:00:00,1999-04-06 00:00:00,Not stated,1999-03-26,1999-04-06,85.0,96.0,11.0,True,False,False,True,True,31.555,130.5467,9.075,14.45483870967742,11.76491935483871,JMA daily observed
Miyazaki,True,1999,1999-03-25 00:00:00,1999-04-05 00:00:00,Not stated,1999-03-25,1999-04-05,84.0,95.0,11.0,True,False,False,True,True,31.9383,131.4133,8.457142857142857,13.69032258064516,11.073732718894009,JMA daily observed
Wakkanai,True,2000,2000-05-18 00:00:00,2000-05-21 00:00:00,Sargent cherry (Prunus sargentii),2000-05-18,2000-05-21,138.0,141.0,3.0,False,False,False,True,True,45.415,141.6783,-5.575862068965517,-2.0516129032258066,-3.8137374860956617,JMA daily observed
Asahikawa,True,2000,2000-05-09 00:00:00,2000-05-11 00:00:00,Sargent cherry (Prunus sargentii),2000-05-09,2000-05-11,129.0,131.0,2.0,False,False,False,True,True,43.7567,142.3717,-8.851724137931035,-2.8161290322580643,-5.83392658509455,JMA daily observed
Iwamizawa,False,2000,2000-05-09 00:00:00,2000-05-10 00:00:00,Sargent cherry (Prunus sargentii),2000-05-09,2000-05-10,129.0,130.0,1.0,False,False,False,True,True,43.2117,141.785,-6.562068965517242,-1.5451612903225806,-4.053615127919912,JMA daily observed
Urakawa,False,2000,2000-05-08 00:00:00,2000-05-11 00:00:00,Sargent cherry (Prunus sargentii),2000-05-08,2000-05-11,128.0,131.0,3.0,False,False,False,True,True,42.1617,142.7767,-2.986206896551724,0.22580645161290325,-1.3802002224694103,JMA daily observed
Aomori,True,2000,2000-04-29 00:00:00,2000-05-03 00:00:00,Not stated,2000-04-29,2000-05-03,119.0,123.0,4.0,True,False,False,True,True,40.8217,140.7683,-1.006896551724138,1.7322580645161292,0.3626807563959956,JMA daily observed
Akita,True,2000,2000-04-20 00:00:00,2000-04-25 00:00:00,Not stated,2000-04-20,2000-04-25,110.0,115.0,5.0,True,False,False,True,True,39.7167,140.0983,0.19655172413793107,3.174193548387097,1.6853726362625139,JMA daily observed
Yamagata,True,2000,2000-04-19 00:00:00,2000-04-24 00:00:00,Not stated,2000-04-19,2000-04-24,109.0,114.0,5.0,True,False,False,True,True,38.255,140.345,-0.03103448275862071,2.829032258064516,1.3989988876529478,JMA daily observed
Nagano,True,2000,2000-04-18 00:00:00,2000-04-22 00:00:00,Not stated,2000-04-18,2000-04-22,108.0,112.0,4.0,True,False,False,True,True,36.6617,138.1917,-1.4000000000000001,2.4387096774193546,0.5193548387096772,JMA daily observed
Fukui,True,2000,2000-04-08 00:00:00,2000-04-13 00:00:00,Not stated,2000-04-08,2000-04-13,98.0,103.0,5.0,True,False,False,True,True,36.055,136.2217,2.1482758620689655,5.706451612903226,3.927363737486096,JMA daily observed
Shizuoka,True,2000,2000-03-30 00:00:00,2000-04-06 00:00:00,Not stated,2000-03-30,2000-04-06,89.0,96.0,7.0,True,False,False,True,True,34.975,138.4033,5.906896551724138,9.593548387096773,7.750222469410455,JMA daily observed
Matsue,True,2000,2000-04-02 00:00:00,2000-04-08 00:00:00,Not stated,2000-04-02,2000-04-08,92.0,98.0,6.0,True,False,False,True,True,35.4567,133.065,3.555172413793103,7.54516129032258,5.550166852057842,JMA daily observed
Kyoto,True,2000,2000-04-03 00:00:00,2000-04-10 00:00:00,Not stated,2000-04-03,2000-04-10,93.0,100.0,7.0,True,False,False,True,True,35.0117,135.735,3.606896551724138,7.487096774193549,5.546996662958843,JMA daily observed
Kobe,True,2000,2000-04-02 00:00:00,2000-04-08 00:00:00,Not stated,2000-04-02,2000-04-08,92.0,98.0,6.0,True,False,False,True,True,34.6967,135.2117,4.741379310344827,8.59032258064516,6.665850945494994,JMA daily observed
Osaka,True,2000,2000-04-02 00:00:00,2000-04-08 00:00:00,Not stated,2000-04-02,2000-04-08,92.0,98.0,6.0,True,False,False,True,True,34.6817,135.5183,4.937931034482758,8.941935483870967,6.939933259176863,JMA daily observed
Nara,True,2000,2000-04-05 00:00:00,2000-04-10 00:00:00,Not stated,2000-04-05,2000-04-10,95.0,100.0,5.0,True,False,False,True,True,34.6733,135.8317,2.7758620689655173,6.638709677419355,4.707285873192436,JMA daily observed
Kochi,True,2000,2000-03-27 00:00:00,2000-04-03 00:00:00,Not stated,2000-03-27,2000-04-03,86.0,93.0,7.0,True,False,False,True,True,33.5667,133.5483,5.810344827586207,10.170967741935485,7.9906562847608456,JMA daily observed
Fukuoka,True,2000,2000-03-25 00:00:00,2000-04-02 00:00:00,Not stated,2000-03-25,2000-04-02,84.0,92.0,8.0,True,False,False,True,True,33.5817,130.3767,6.113793103448276,10.387096774193548,8.250444938820912,JMA daily observed
Oita,True,2000,2000-03-26 00:00:00,2000-04-03 00:00:00,Not stated,2000-03-26,2000-04-03,85.0,93.0,8.0,True,False,False,True,True,33.235,131.6183,5.931034482758621,10.02258064516129,7.976807563959955,JMA daily observed
Kagoshima,True,2000,2000-03-30 00:00:00,2000-04-06 00:00:00,Not stated,2000-03-30,2000-04-06,89.0,96.0,7.0,True,False,False,True,True,31.555,130.5467,7.76551724137931,12.570967741935483,10.168242491657397,JMA daily observed
Miyazaki,True,2000,2000-03-28 00:00:00,2000-04-05 00:00:00,Not stated,2000-03-28,2000-04-05,87.0,95.0,8.0,True,False,False,True,True,31.9383,131.4133,7.4655172413793105,11.922580645161291,9.694048943270301,JMA daily observed
Wakkanai,True,2001,2001-05-17 00:00:00,2001-05-19 00:00:00,Sargent cherry (Prunus sargentii),2001-05-17,2001-05-19,137.0,139.0,2.0,False,False,False,True,True,45.415,141.6783,-7.696428571428571,-2.3870967741935485,-5.04176267281106,JMA daily observed
Asahikawa,True,2001,2001-05-04 00:00:00,2001-05-07 00:00:00,Sargent cherry (Prunus sargentii),2001-05-04,2001-05-07,124.0,127.0,3.0,False,False,False,True,True,43.7567,142.3717,-8.246428571428572,-2.864516129032258,-5.555472350230415,JMA daily observed
Iwamizawa,False,2001,2001-05-03 00:00:00,2001-05-07 00:00:00,Sargent cherry (Prunus sargentii),2001-05-03,2001-05-07,123.0,127.0,4.0,False,False,False,True,True,43.2117,141.785,-7.110714285714286,-1.4709677419354839,-4.290841013824885,JMA daily observed
Urakawa,False,2001,2001-05-09 00:00:00,2001-05-13 00:00:00,Sargent cherry (Prunus sargentii),2001-05-09,2001-05-13,129.0,133.0,4.0,False,False,False,True,True,42.1617,142.7767,-4.678571428571429,-0.05161290322580648,-2.3650921658986177,JMA daily observed
Aomori,True,2001,2001-04-23 00:00:00,2001-04-27 00:00:00,Not stated,2001-04-23,2001-04-27,113.0,117.0,4.0,True,False,False,True,True,40.8217,140.7683,-2.4785714285714286,2.0870967741935487,-0.19573732718894,JMA daily observed
Akita,True,2001,2001-04-12 00:00:00,2001-04-18 00:00:00,Not stated,2001-04-12,2001-04-18,102.0,108.0,6.0,True,False,False,True,True,39.7167,140.0983,-0.775,3.6903225806451614,1.4576612903225807,JMA daily observed
Yamagata,True,2001,2001-04-12 00:00:00,2001-04-15 00:00:00,Not stated,2001-04-12,2001-04-15,102.0,105.0,3.0,True,False,False,True,True,38.255,140.345,-1.075,3.2870967741935484,1.106048387096774,JMA daily observed
Nagano,True,2001,2001-04-10 00:00:00,2001-04-13 00:00:00,Not stated,2001-04-10,2001-04-13,100.0,103.0,3.0,True,False,False,True,True,36.6617,138.1917,-0.15,3.541935483870968,1.695967741935484,JMA daily observed
Fukui,True,2001,2001-04-02 00:00:00,2001-04-08 00:00:00,Not stated,2001-04-02,2001-04-08,92.0,98.0,6.0,True,False,False,True,True,36.055,136.2217,3.35,6.890322580645161,5.120161290322581,JMA daily observed
Shizuoka,True,2001,2001-03-23 00:00:00,2001-04-02 00:00:00,Not stated,2001-03-23,2001-04-02,82.0,92.0,10.0,True,False,False,True,True,34.975,138.4033,7.296428571428572,10.40967741935484,8.853052995391705,JMA daily observed
Matsue,True,2001,2001-03-26 00:00:00,2001-04-06 00:00:00,Not stated,2001-03-26,2001-04-06,85.0,96.0,11.0,True,False,False,True,True,35.4567,133.065,4.992857142857143,7.738709677419355,6.365783410138249,JMA daily observed
Kyoto,True,2001,2001-03-24 00:00:00,2001-04-03 00:00:00,Not stated,2001-03-24,2001-04-03,83.0,93.0,10.0,True,False,False,True,True,35.0117,135.735,5.292857142857143,8.55483870967742,6.923847926267281,JMA daily observed
Kobe,True,2001,2001-03-25 00:00:00,2001-04-02 00:00:00,Not stated,2001-03-25,2001-04-02,84.0,92.0,8.0,True,False,False,True,True,34.6967,135.2117,6.3500000000000005,9.558064516129033,7.954032258064517,JMA daily observed
Osaka,True,2001,2001-03-25 00:00:00,2001-04-04 00:00:00,Not stated,2001-03-25,2001-04-04,84.0,94.0,10.0,True,False,False,True,True,34.6817,135.5183,6.567857142857143,9.738709677419354,8.153283410138249,JMA daily observed
Nara,True,2001,2001-03-26 00:00:00,2001-04-04 00:00:00,Not stated,2001-03-26,2001-04-04,85.0,94.0,9.0,True,False,False,True,True,34.6733,135.8317,4.603571428571429,7.880645161290323,6.242108294930876,JMA daily observed
Kochi,True,2001,2001-03-21 00:00:00,2001-03-30 00:00:00,Not stated,2001-03-21,2001-03-30,80.0,89.0,9.0,True,False,False,True,True,33.5667,133.5483,8.264285714285714,11.083870967741936,9.674078341013825,JMA daily observed
Fukuoka,True,2001,2001-03-22 00:00:00,2001-04-01 00:00:00,Not stated,2001-03-22,2001-04-01,81.0,91.0,10.0,True,False,False,True,True,33.5817,130.3767,7.653571428571429,10.903225806451612,9.27839861751152,JMA daily observed
Oita,True,2001,2001-03-23 00:00:00,2001-04-04 00:00:00,Not stated,2001-03-23,2001-04-04,82.0,94.0,12.0,True,False,False,True,True,33.235,131.6183,7.253571428571428,10.51290322580645,8.88323732718894,JMA daily observed
Kagoshima,True,2001,2001-03-30 00:00:00,2001-04-05 00:00:00,Not stated,2001-03-30,2001-04-05,89.0,95.0,6.0,True,False,False,True,True,31.555,130.5467,10.817857142857141,12.245161290322581,11.53150921658986,JMA daily observed
Miyazaki,True,2001,2001-03-22 00:00:00,2001-04-02 00:00:00,Not stated,2001-03-22,2001-04-02,81.0,92.0,11.0,True,False,False,True,True,31.9383,131.4133,9.446428571428571,12.103225806451613,10.774827188940092,JMA daily observed
Wakkanai,True,2002,2002-04-29 00:00:00,2002-05-02 00:00:00,Sargent cherry (Prunus sargentii),2002-04-29,2002-05-02,119.0,122.0,3.0,False,False,False,True,True,45.415,141.6783,-1.0071428571428571,0.5451612903225806,-0.23099078341013823,JMA daily observed
Asahikawa,True,2002,2002-04-23 00:00:00,2002-04-25 00:00:00,Sargent cherry (Prunus sargentii),2002-04-23,2002-04-25,113.0,115.0,2.0,False,False,False,True,True,43.7567,142.3717,-3.767857142857143,-0.025806451612903163,-1.896831797235023,JMA daily observed
Iwamizawa,False,2002,2002-04-22 00:00:00,2002-04-25 00:00:00,Sargent cherry (Prunus sargentii),2002-04-22,2002-04-25,112.0,115.0,3.0,False,False,False,True,True,43.2117,141.785,-2.567857142857143,0.9516129032258066,-0.8081221198156683,JMA daily observed
Urakawa,False,2002,2002-04-28 00:00:00,2002-05-02 00:00:00,Sargent cherry (Prunus sargentii),2002-04-28,2002-05-02,118.0,122.0,4.0,False,False,False,True,True,42.1617,142.7767,-0.7642857142857142,1.8516129032258064,0.5436635944700461,JMA daily observed
Aomori,True,2002,2002-04-14 00:00:00,2002-04-16 00:00:00,Not stated,2002-04-14,2002-04-16,104.0,106.0,2.0,True,False,False,True,True,40.8217,140.7683,0.5821428571428572,4.377419354838709,2.4797811059907833,JMA daily observed
Akita,True,2002,2002-04-07 00:00:00,2002-04-12 00:00:00,Not stated,2002-04-07,2002-04-12,97.0,102.0,5.0,True,False,False,True,True,39.7167,140.0983,1.8642857142857143,5.464516129032258,3.664400921658986,JMA daily observed
Yamagata,True,2002,2002-04-03 00:00:00,2002-04-06 00:00:00,Not stated,2002-04-03,2002-04-06,93.0,96.0,3.0,True,False,False,True,True,38.255,140.345,1.4928571428571427,6.074193548387097,3.78352534562212,JMA daily observed
Nagano,True,2002,2002-04-02 00:00:00,2002-04-05 00:00:00,Not stated,2002-04-02,2002-04-05,92.0,95.0,3.0,True,False,False,True,True,36.6617,138.1917,1.1285714285714286,5.774193548387097,3.451382488479263,JMA daily observed
Fukui,True,2002,2002-03-26 00:00:00,2002-03-31 00:00:00,Not stated,2002-03-26,2002-03-31,85.0,90.0,5.0,True,False,False,True,True,36.055,136.2217,4.275,8.651612903225805,6.463306451612903,JMA daily observed
Shizuoka,True,2002,2002-03-15 00:00:00,2002-03-22 00:00:00,Not stated,2002-03-15,2002-03-22,74.0,81.0,7.0,True,False,False,True,True,34.975,138.4033,7.8428571428571425,12.296774193548387,10.069815668202764,JMA daily observed
Matsue,True,2002,2002-03-22 00:00:00,2002-03-30 00:00:00,Not stated,2002-03-22,2002-03-30,81.0,89.0,8.0,True,False,False,True,True,35.4567,133.065,5.3500000000000005,9.64516129032258,7.497580645161291,JMA daily observed
Kyoto,True,2002,2002-03-18 00:00:00,2002-03-28 00:00:00,Not stated,2002-03-18,2002-03-28,77.0,87.0,10.0,True,False,False,True,True,35.0117,135.735,6.064285714285715,10.30967741935484,8.186981566820277,JMA daily observed
Kobe,True,2002,2002-03-22 00:00:00,2002-03-30 00:00:00,Not stated,2002-03-22,2002-03-30,81.0,89.0,8.0,True,False,False,True,True,34.6967,135.2117,7.0249999999999995,11.374193548387098,9.199596774193548,JMA daily observed
Osaka,True,2002,2002-03-20 00:00:00,2002-03-28 00:00:00,Not stated,2002-03-20,2002-03-28,79.0,87.0,8.0,True,False,False,True,True,34.6817,135.5183,7.321428571428571,11.59032258064516,9.455875576036867,JMA daily observed
Nara,True,2002,2002-03-20 00:00:00,2002-03-26 00:00:00,Not stated,2002-03-20,2002-03-26,79.0,85.0,6.0,True,False,False,True,True,34.6733,135.8317,5.253571428571428,9.80967741935484,7.531624423963134,JMA daily observed
Kochi,True,2002,2002-03-17 00:00:00,2002-03-23 00:00:00,Not stated,2002-03-17,2002-03-23,76.0,82.0,6.0,True,False,False,True,True,33.5667,133.5483,7.885714285714286,12.541935483870969,10.213824884792627,JMA daily observed
Fukuoka,True,2002,2002-03-15 00:00:00,2002-03-25 00:00:00,Not stated,2002-03-15,2002-03-25,74.0,84.0,10.0,True,False,False,True,True,33.5817,130.3767,8.403571428571428,12.535483870967743,10.469527649769585,JMA daily observed
Oita,True,2002,2002-03-17 00:00:00,2002-03-28 00:00:00,Not stated,2002-03-17,2002-03-28,76.0,87.0,11.0,True,False,False,True,True,33.235,131.6183,7.942857142857143,12.209677419354838,10.076267281105991,JMA daily observed
Kagoshima,True,2002,2002-03-27 00:00:00,2002-04-01 00:00:00,Not stated,2002-03-27,2002-04-01,86.0,91.0,5.0,True,False,False,True,True,31.555,130.5467,10.103571428571428,14.003225806451614,12.05339861751152,JMA daily observed
Miyazaki,True,2002,2002-03-18 00:00:00,2002-03-29 00:00:00,Not stated,2002-03-18,2002-03-29,77.0,88.0,11.0,True,False,False,True,True,31.9383,131.4133,9.560714285714285,13.80967741935484,11.685195852534562,JMA daily observed
Wakkanai,True,2003,2003-05-10 00:00:00,2003-05-14 00:00:00,Sargent cherry (Prunus sargentii),2003-05-10,2003-05-14,130.0,134.0,4.0,False,False,False,True,True,45.415,141.6783,-5.553571428571429,-0.7419354838709677,-3.1477534562211984,JMA daily observed
Asahikawa,True,2003,2003-05-02 00:00:00,2003-05-04 00:00:00,Sargent cherry (Prunus sargentii),2003-05-02,2003-05-04,122.0,124.0,2.0,False,False,False,True,True,43.7567,142.3717,-8.210714285714285,-2.074193548387097,-5.142453917050691,JMA daily observed
Iwamizawa,False,2003,2003-05-02 00:00:00,2003-05-03 00:00:00,Sargent cherry (Prunus sargentii),2003-05-02,2003-05-03,122.0,123.0,1.0,False,False,False,True,True,43.2117,141.785,-5.903571428571429,-1.3161290322580643,-3.6098502304147466,JMA daily observed
Urakawa,False,2003,2003-05-10 00:00:00,2003-05-13 00:00:00,Sargent cherry (Prunus sargentii),2003-05-10,2003-05-13,130.0,133.0,3.0,False,False,False,True,True,42.1617,142.7767,-2.6999999999999997,0.05806451612903229,-1.3209677419354837,JMA daily observed
Aomori,True,2003,2003-04-20 00:00:00,2003-04-27 00:00:00,Not stated,2003-04-20,2003-04-27,110.0,117.0,7.0,True,False,False,True,True,40.8217,140.7683,-0.6035714285714285,2.267741935483871,0.8320852534562211,JMA daily observed
Akita,True,2003,2003-04-16 00:00:00,2003-04-21 00:00:00,Not stated,2003-04-16,2003-04-21,106.0,111.0,5.0,True,False,False,True,True,39.7167,140.0983,0.7392857142857142,3.3161290322580643,2.0277073732718893,JMA daily observed
Yamagata,True,2003,2003-04-14 00:00:00,2003-04-17 00:00:00,Not stated,2003-04-14,2003-04-17,104.0,107.0,3.0,True,False,False,True,True,38.255,140.345,0.8285714285714285,3.0548387096774197,1.9417050691244242,JMA daily observed
Nagano,True,2003,2003-04-15 00:00:00,2003-04-18 00:00:00,Not stated,2003-04-15,2003-04-18,105.0,108.0,3.0,True,False,False,True,True,36.6617,138.1917,0.19999999999999998,2.6774193548387095,1.4387096774193548,JMA daily observed
Fukui,True,2003,2003-04-02 00:00:00,2003-04-07 00:00:00,Not stated,2003-04-02,2003-04-07,92.0,97.0,5.0,True,False,False,True,True,36.055,136.2217,3.939285714285714,5.974193548387096,4.956739631336405,JMA daily observed
Shizuoka,True,2003,2003-03-21 00:00:00,2003-03-28 00:00:00,Not stated,2003-03-21,2003-03-28,80.0,87.0,7.0,True,False,False,True,True,34.975,138.4033,7.721428571428571,9.470967741935485,8.596198156682028,JMA daily observed
Matsue,True,2003,2003-03-31 00:00:00,2003-04-06 00:00:00,Not stated,2003-03-31,2003-04-06,90.0,96.0,6.0,True,False,False,True,True,35.4567,133.065,5.242857142857143,6.82258064516129,6.032718894009216,JMA daily observed
Kyoto,True,2003,2003-03-28 00:00:00,2003-04-04 00:00:00,Not stated,2003-03-28,2003-04-04,87.0,94.0,7.0,True,False,False,True,True,35.0117,135.735,5.4750000000000005,7.341935483870968,6.408467741935484,JMA daily observed
Kobe,True,2003,2003-03-28 00:00:00,2003-04-02 00:00:00,Not stated,2003-03-28,2003-04-02,87.0,92.0,5.0,True,False,False,True,True,34.6967,135.2117,6.685714285714285,8.396774193548387,7.541244239631336,JMA daily observed
Osaka,True,2003,2003-03-27 00:00:00,2003-04-02 00:00:00,Not stated,2003-03-27,2003-04-02,86.0,92.0,6.0,True,False,False,True,True,34.6817,135.5183,6.7821428571428575,8.438709677419356,7.610426267281106,JMA daily observed
Nara,True,2003,2003-03-30 00:00:00,2003-04-04 00:00:00,Not stated,2003-03-30,2003-04-04,89.0,94.0,5.0,True,False,False,True,True,34.6733,135.8317,4.507142857142857,6.519354838709678,5.513248847926267,JMA daily observed
Kochi,True,2003,2003-03-18 00:00:00,2003-03-25 00:00:00,Not stated,2003-03-18,2003-03-25,77.0,84.0,7.0,True,False,False,True,True,33.5667,133.5483,8.453571428571427,10.387096774193548,9.420334101382487,JMA daily observed
Fukuoka,True,2003,2003-03-22 00:00:00,2003-03-28 00:00:00,Not stated,2003-03-22,2003-03-28,81.0,87.0,6.0,True,False,False,True,True,33.5817,130.3767,8.339285714285714,9.916129032258064,9.127707373271889,JMA daily observed
Oita,True,2003,2003-03-24 00:00:00,2003-04-02 00:00:00,Not stated,2003-03-24,2003-04-02,83.0,92.0,9.0,True,False,False,True,True,33.235,131.6183,7.682142857142857,9.419354838709678,8.550748847926268,JMA daily observed
Kagoshima,True,2003,2003-03-24 00:00:00,2003-04-02 00:00:00,Not stated,2003-03-24,2003-04-02,83.0,92.0,9.0,True,False,False,True,True,31.555,130.5467,10.4,12.154838709677419,11.27741935483871,JMA daily observed
Miyazaki,True,2003,2003-03-23 00:00:00,2003-03-30 00:00:00,Not stated,2003-03-23,2003-03-30,82.0,89.0,7.0,True,False,False,True,True,31.9383,131.4133,9.582142857142857,11.416129032258064,10.49913594470046,JMA daily observed
Wakkanai,True,2004,2004-05-10 00:00:00,2004-05-12 00:00:00,Sargent cherry (Prunus sargentii),2004-05-10,2004-05-12,130.0,132.0,2.0,False,False,False,True,True,45.415,141.6783,-3.0172413793103448,-0.49354838709677423,-1.7553948832035595,JMA daily observed
Asahikawa,True,2004,2004-05-06 00:00:00,2004-05-09 00:00:00,Sargent cherry (Prunus sargentii),2004-05-06,2004-05-09,126.0,129.0,3.0,False,False,False,True,True,43.7567,142.3717,-4.313793103448275,-1.667741935483871,-2.990767519466073,JMA daily observed
Iwamizawa,False,2004,2004-05-06 00:00:00,2004-05-07 00:00:00,Sargent cherry (Prunus sargentii),2004-05-06,2004-05-07,126.0,127.0,1.0,False,False,False,True,True,43.2117,141.785,-2.886206896551724,-0.7870967741935483,-1.8366518353726362,JMA daily observed
Urakawa,False,2004,2004-05-11 00:00:00,2004-05-14 00:00:00,Sargent cherry (Prunus sargentii),2004-05-11,2004-05-14,131.0,134.0,3.0,False,False,False,True,True,42.1617,142.7767,-0.5172413793103449,0.7419354838709677,0.11234705228031144,JMA daily observed
Aomori,True,2004,2004-04-18 00:00:00,2004-04-21 00:00:00,Not stated,2004-04-18,2004-04-21,108.0,111.0,3.0,True,False,False,True,True,40.8217,140.7683,0.7620689655172415,2.9096774193548387,1.83587319243604,JMA daily observed
Akita,True,2004,2004-04-12 00:00:00,2004-04-16 00:00:00,Not stated,2004-04-12,2004-04-16,102.0,106.0,4.0,True,False,False,True,True,39.7167,140.0983,2.027586206896552,4.203225806451614,3.1154060066740827,JMA daily observed
Yamagata,True,2004,2004-04-10 00:00:00,2004-04-13 00:00:00,Not stated,2004-04-10,2004-04-13,100.0,103.0,3.0,True,False,False,True,True,38.255,140.345,0.8310344827586207,4.141935483870968,2.4864849833147944,JMA daily observed
Nagano,True,2004,2004-04-06 00:00:00,2004-04-11 00:00:00,Not stated,2004-04-06,2004-04-11,96.0,101.0,5.0,True,False,False,True,True,36.6617,138.1917,1.5931034482758621,4.496774193548387,3.0449388209121246,JMA daily observed
Fukui,True,2004,2004-03-29 00:00:00,2004-04-01 00:00:00,Not stated,2004-03-29,2004-04-01,88.0,91.0,3.0,True,False,False,True,True,36.055,136.2217,4.427586206896552,7.351612903225806,5.88959955506118,JMA daily observed
Shizuoka,True,2004,2004-03-18 00:00:00,2004-04-01 00:00:00,Not stated,2004-03-18,2004-04-01,77.0,91.0,14.0,True,False,False,True,True,34.975,138.4033,8.403448275862068,10.406451612903227,9.404949944382647,JMA daily observed
Matsue,True,2004,2004-03-21 00:00:00,2004-03-31 00:00:00,Not stated,2004-03-21,2004-03-31,80.0,90.0,10.0,True,False,False,True,True,35.4567,133.065,6.362068965517241,8.129032258064516,7.245550611790879,JMA daily observed
Kyoto,True,2004,2004-03-24 00:00:00,2004-04-03 00:00:00,Not stated,2004-03-24,2004-04-03,83.0,93.0,10.0,True,False,False,True,True,35.0117,135.735,6.424137931034483,9.064516129032258,7.744327030033371,JMA daily observed
Kobe,True,2004,2004-03-26 00:00:00,2004-04-06 00:00:00,Not stated,2004-03-26,2004-04-06,85.0,96.0,11.0,True,False,False,True,True,34.6967,135.2117,7.637931034482759,10.003225806451614,8.820578420467186,JMA daily observed
Osaka,True,2004,2004-03-23 00:00:00,2004-04-02 00:00:00,Not stated,2004-03-23,2004-04-02,82.0,92.0,10.0,True,False,False,True,True,34.6817,135.5183,7.948275862068965,10.161290322580646,9.054783092324806,JMA daily observed
Nara,True,2004,2004-03-25 00:00:00,2004-03-30 00:00:00,Not stated,2004-03-25,2004-03-30,84.0,89.0,5.0,True,False,False,True,True,34.6733,135.8317,5.617241379310345,7.990322580645161,6.803781979977753,JMA daily observed
Kochi,True,2004,2004-03-19 00:00:00,2004-03-31 00:00:00,Not stated,2004-03-19,2004-03-31,78.0,90.0,12.0,True,False,False,True,True,33.5667,133.5483,8.668965517241379,11.22258064516129,9.945773081201335,JMA daily observed
Fukuoka,True,2004,2004-03-17 00:00:00,2004-03-30 00:00:00,Not stated,2004-03-17,2004-03-30,76.0,89.0,13.0,True,False,False,True,True,33.5817,130.3767,9.024137931034483,10.922580645161291,9.973359288097887,JMA daily observed
Oita,True,2004,2004-03-19 00:00:00,2004-04-03 00:00:00,Not stated,2004-03-19,2004-04-03,78.0,93.0,15.0,True,False,False,True,True,33.235,131.6183,8.558620689655172,10.04516129032258,9.301890989988877,JMA daily observed
Kagoshima,True,2004,2004-03-29 00:00:00,2004-04-06 00:00:00,Not stated,2004-03-29,2004-04-06,88.0,96.0,8.0,True,False,False,True,True,31.555,130.5467,10.200000000000001,13.16,11.68,JMA daily observed
Miyazaki,True,2004,2004-03-26 00:00:00,2004-04-02 00:00:00,Not stated,2004-03-26,2004-04-02,85.0,92.0,7.0,True,False,False,True,True,31.9383,131.4133,9.703448275862069,12.216129032258063,10.959788654060066,JMA daily observed
Wakkanai,True,2005,2005-05-23 00:00:00,2005-05-28 00:00:00,Sargent cherry (Prunus sargentii),2005-05-23,2005-05-28,143.0,148.0,5.0,False,False,False,True,True,45.415,141.6783,-5.653571428571429,-1.0225806451612902,-3.33807603686636,JMA daily observed
Asahikawa,True,2005,2005-05-14 00:00:00,2005-05-17 00:00:00,Sargent cherry (Prunus sargentii),2005-05-14,2005-05-17,134.0,137.0,3.0,False,False,False,True,True,43.7567,142.3717,-7.421428571428572,-1.7741935483870968,-4.597811059907834,JMA daily observed
Iwamizawa,False,2005,2005-05-11 00:00:00,2005-05-13 00:00:00,Sargent cherry (Prunus sargentii),2005-05-11,2005-05-13,131.0,133.0,2.0,False,False,False,True,True,43.2117,141.785,-5.771428571428571,-1.2096774193548387,-3.490552995391705,JMA daily observed
Urakawa,False,2005,2005-05-16 00:00:00,2005-05-20 00:00:00,Sargent cherry (Prunus sargentii),2005-05-16,2005-05-20,136.0,140.0,4.0,False,False,False,True,True,42.1617,142.7767,-3.1142857142857143,0.33225806451612905,-1.3910138248847925,JMA daily observed
Aomori,True,2005,2005-04-29 00:00:00,2005-05-02 00:00:00,Not stated,2005-04-29,2005-05-02,119.0,122.0,3.0,True,False,False,True,True,40.8217,140.7683,-2.0142857142857142,1.3709677419354838,-0.32165898617511524,JMA daily observed
Akita,True,2005,2005-04-24 00:00:00,2005-04-28 00:00:00,Not stated,2005-04-24,2005-04-28,114.0,118.0,4.0,True,False,False,True,True,39.7167,140.0983,-0.5464285714285714,3.009677419354839,1.2316244239631338,JMA daily observed
Yamagata,True,2005,2005-04-19 00:00:00,2005-04-23 00:00:00,Not stated,2005-04-19,2005-04-23,109.0,113.0,4.0,True,False,False,True,True,38.255,140.345,-1.0285714285714287,2.3870967741935485,0.6792626728110599,JMA daily observed
Nagano,True,2005,2005-04-14 00:00:00,2005-04-19 00:00:00,Not stated,2005-04-14,2005-04-19,104.0,109.0,5.0,True,False,False,True,True,36.6617,138.1917,-0.3607142857142857,2.9516129032258065,1.2954493087557604,JMA daily observed
Fukui,True,2005,2005-04-07 00:00:00,2005-04-12 00:00:00,Not stated,2005-04-07,2005-04-12,97.0,102.0,5.0,True,False,False,True,True,36.055,136.2217,2.932142857142857,6.145161290322581,4.5386520737327185,JMA daily observed
Shizuoka,True,2005,2005-03-29 00:00:00,2005-04-07 00:00:00,Not stated,2005-03-29,2005-04-07,88.0,97.0,9.0,True,False,False,True,True,34.975,138.4033,7.239285714285714,9.951612903225806,8.59544930875576,JMA daily observed
Matsue,True,2005,2005-04-05 00:00:00,2005-04-08 00:00:00,Not stated,2005-04-05,2005-04-08,95.0,98.0,3.0,True,False,False,True,True,35.4567,133.065,4.25,7.006451612903225,5.628225806451613,JMA daily observed
Kyoto,True,2005,2005-04-02 00:00:00,2005-04-08 00:00:00,Not stated,2005-04-02,2005-04-08,92.0,98.0,6.0,True,False,False,True,True,35.0117,135.735,4.8500000000000005,7.803333333333333,6.326666666666666,JMA daily observed
Kobe,True,2005,2005-04-03 00:00:00,2005-04-09 00:00:00,Not stated,2005-04-03,2005-04-09,93.0,99.0,6.0,True,False,False,True,True,34.6967,135.2117,5.982142857142857,9.041935483870969,7.512039170506913,JMA daily observed
Osaka,True,2005,2005-04-03 00:00:00,2005-04-08 00:00:00,Not stated,2005-04-03,2005-04-08,93.0,98.0,5.0,True,False,False,True,True,34.6817,135.5183,6.067857142857143,9.174193548387096,7.62102534562212,JMA daily observed
Nara,True,2005,2005-04-02 00:00:00,2005-04-07 00:00:00,Not stated,2005-04-02,2005-04-07,92.0,97.0,5.0,True,False,False,True,True,34.6733,135.8317,4.160714285714286,7.103225806451612,5.631970046082949,JMA daily observed
Kochi,True,2005,2005-03-31 00:00:00,2005-04-06 00:00:00,Not stated,2005-03-31,2005-04-06,90.0,96.0,6.0,True,False,False,True,True,33.5667,133.5483,6.882142857142857,9.551612903225807,8.216877880184333,JMA daily observed
Fukuoka,True,2005,2005-03-29 00:00:00,2005-04-06 00:00:00,Not stated,2005-03-29,2005-04-06,88.0,96.0,8.0,True,False,False,True,True,33.5817,130.3767,6.135714285714286,9.641935483870967,7.888824884792626,JMA daily observed
Oita,True,2005,2005-03-31 00:00:00,2005-04-08 00:00:00,Not stated,2005-03-31,2005-04-08,90.0,98.0,8.0,True,False,False,True,True,33.235,131.6183,5.964285714285714,9.396774193548387,7.68052995391705,JMA daily observed
Kagoshima,True,2005,2005-04-03 00:00:00,2005-04-09 00:00:00,Not stated,2005-04-03,2005-04-09,93.0,99.0,6.0,True,False,False,True,True,31.555,130.5467,9.160714285714286,10.916129032258064,10.038421658986175,JMA daily observed
Miyazaki,True,2005,2005-03-28 00:00:00,2005-04-05 00:00:00,Not stated,2005-03-28,2005-04-05,87.0,95.0,8.0,True,False,False,True,True,31.9383,131.4133,8.096428571428572,10.7,9.398214285714285,JMA daily observed
Wakkanai,True,2006,2006-05-18 00:00:00,2006-05-20 00:00:00,Sargent cherry (Prunus sargentii),2006-05-18,2006-05-20,138.0,140.0,2.0,False,False,False,True,True,45.415,141.6783,-4.714285714285714,-0.8580645161290323,-2.7861751152073735,JMA daily observed
Asahikawa,True,2006,2006-05-10 00:00:00,2006-05-12 00:00:00,Sargent cherry (Prunus sargentii),2006-05-10,2006-05-12,130.0,132.0,2.0,False,False,False,True,True,43.7567,142.3717,-5.8999999999999995,-1.1258064516129034,-3.5129032258064514,JMA daily observed
Iwamizawa,False,2006,2006-05-09 00:00:00,2006-05-12 00:00:00,Sargent cherry (Prunus sargentii),2006-05-09,2006-05-12,129.0,132.0,3.0,False,False,False,True,True,43.2117,141.785,-4.2214285714285715,0.012903225806451646,-2.10426267281106,JMA daily observed
Urakawa,False,2006,2006-05-11 00:00:00,2006-05-15 00:00:00,Sargent cherry (Prunus sargentii),2006-05-11,2006-05-15,131.0,135.0,4.0,False,False,False,True,True,42.1617,142.7767,-2.210714285714286,1.7999999999999998,-0.20535714285714302,JMA daily observed
Aomori,True,2006,2006-05-01 00:00:00,2006-05-06 00:00:00,Not stated,2006-05-01,2006-05-06,121.0,126.0,5.0,True,False,False,True,True,40.8217,140.7683,-1.1214285714285714,2.267741935483871,0.5731566820276497,JMA daily observed
Akita,True,2006,2006-04-21 00:00:00,2006-04-26 00:00:00,Not stated,2006-04-21,2006-04-26,111.0,116.0,5.0,True,False,False,True,True,39.7167,140.0983,0.8678571428571429,3.674193548387097,2.27102534562212,JMA daily observed
Yamagata,True,2006,2006-04-18 00:00:00,2006-04-23 00:00:00,Not stated,2006-04-18,2006-04-23,108.0,113.0,5.0,True,False,False,True,True,38.255,140.345,0.6142857142857144,3.480645161290323,2.0474654377880186,JMA daily observed
Nagano,True,2006,2006-04-15 00:00:00,2006-04-20 00:00:00,Not stated,2006-04-15,2006-04-20,105.0,110.0,5.0,True,False,False,True,True,36.6617,138.1917,0.75,3.8806451612903223,2.3153225806451614,JMA daily observed
Fukui,True,2006,2006-04-05 00:00:00,2006-04-12 00:00:00,Not stated,2006-04-05,2006-04-12,95.0,102.0,7.0,True,False,False,True,True,36.055,136.2217,3.289285714285714,6.103225806451612,4.696255760368663,JMA daily observed
Shizuoka,True,2006,2006-03-17 00:00:00,2006-03-27 00:00:00,Not stated,2006-03-17,2006-03-27,76.0,86.0,10.0,True,False,False,True,True,34.975,138.4033,8.246428571428572,10.073333333333332,9.159880952380952,JMA daily observed
Matsue,True,2006,2006-03-28 00:00:00,2006-04-06 00:00:00,Not stated,2006-03-28,2006-04-06,87.0,96.0,9.0,True,False,False,True,True,35.4567,133.065,4.689285714285715,7.009677419354839,5.849481566820277,JMA daily observed
Kyoto,True,2006,2006-03-27 00:00:00,2006-04-06 00:00:00,Not stated,2006-03-27,2006-04-06,86.0,96.0,10.0,True,False,False,True,True,35.0117,135.735,5.517857142857143,7.509677419354838,6.513767281105991,JMA daily observed
Kobe,True,2006,2006-03-27 00:00:00,2006-04-08 00:00:00,Not stated,2006-03-27,2006-04-08,86.0,98.0,12.0,True,False,False,True,True,34.6967,135.2117,6.617857142857143,8.577419354838709,7.597638248847925,JMA daily observed
Osaka,True,2006,2006-03-28 00:00:00,2006-04-04 00:00:00,Not stated,2006-03-28,2006-04-04,87.0,94.0,7.0,True,False,False,True,True,34.6817,135.5183,6.696428571428571,8.648387096774194,7.672407834101382,JMA daily observed
Nara,True,2006,2006-03-29 00:00:00,2006-04-05 00:00:00,Not stated,2006-03-29,2006-04-05,88.0,95.0,7.0,True,False,False,True,True,34.6733,135.8317,4.860714285714286,6.525806451612904,5.693260368663594,JMA daily observed
Kochi,True,2006,2006-03-15 00:00:00,2006-03-24 00:00:00,Not stated,2006-03-15,2006-03-24,74.0,83.0,9.0,True,False,False,True,True,33.5667,133.5483,8.914285714285715,10.05483870967742,9.484562211981567,JMA daily observed
Fukuoka,True,2006,2006-03-23 00:00:00,2006-04-03 00:00:00,Not stated,2006-03-23,2006-04-03,82.0,93.0,11.0,True,False,False,True,True,33.5817,130.3767,7.6499999999999995,10.116129032258065,8.883064516129032,JMA daily observed
Oita,True,2006,2006-03-23 00:00:00,2006-04-03 00:00:00,Not stated,2006-03-23,2006-04-03,82.0,93.0,11.0,True,False,False,True,True,33.235,131.6183,7.371428571428572,9.293548387096775,8.332488479262674,JMA daily observed
Kagoshima,True,2006,2006-03-20 00:00:00,2006-03-29 00:00:00,Not stated,2006-03-20,2006-03-29,79.0,88.0,9.0,True,False,False,True,True,31.555,130.5467,11.049999999999999,11.812903225806451,11.431451612903224,JMA daily observed
Miyazaki,True,2006,2006-03-18 00:00:00,2006-03-30 00:00:00,Not stated,2006-03-18,2006-03-30,77.0,89.0,12.0,True,False,False,True,True,31.9383,131.4133,9.985714285714286,10.832258064516129,10.408986175115206,JMA daily observed
Wakkanai,True,2007,2007-05-15 00:00:00,2007-05-17 00:00:00,Sargent cherry (Prunus sargentii),2007-05-15,2007-05-17,135.0,137.0,2.0,False,False,False,True,True,45.415,141.6783,-3.164285714285714,-0.6774193548387096,-1.9208525345622118,JMA daily observed
Asahikawa,True,2007,2007-05-06 00:00:00,2007-05-08 00:00:00,Sargent cherry (Prunus sargentii),2007-05-06,2007-05-08,126.0,128.0,2.0,False,False,False,True,True,43.7567,142.3717,-4.828571428571428,-1.4516129032258065,-3.1400921658986176,JMA daily observed
Urakawa,False,2007,2007-05-08 00:00:00,2007-05-10 00:00:00,Sargent cherry (Prunus sargentii),2007-05-08,2007-05-10,128.0,130.0,2.0,False,False,False,True,True,42.1617,142.7767,-0.7821428571428573,1.0129032258064516,0.1153801843317972,JMA daily observed
Aomori,True,2007,2007-04-25 00:00:00,2007-04-29 00:00:00,Not stated,2007-04-25,2007-04-29,115.0,119.0,4.0,True,False,False,True,True,40.8217,140.7683,1.5678571428571428,2.3225806451612905,1.9452188940092165,JMA daily observed
Akita,True,2007,2007-04-18 00:00:00,2007-04-23 00:00:00,Not stated,2007-04-18,2007-04-23,108.0,113.0,5.0,True,False,False,True,True,39.7167,140.0983,2.7142857142857144,3.487096774193548,3.1006912442396315,JMA daily observed
Yamagata,True,2007,2007-04-13 00:00:00,2007-04-19 00:00:00,Not stated,2007-04-13,2007-04-19,103.0,109.0,6.0,True,False,False,True,True,38.255,140.345,1.8392857142857142,3.629032258064516,2.734158986175115,JMA daily observed
Nagano,True,2007,2007-04-07 00:00:00,2007-04-14 00:00:00,Not stated,2007-04-07,2007-04-14,97.0,104.0,7.0,True,False,False,True,True,36.6617,138.1917,2.814285714285714,4.367741935483871,3.5910138248847927,JMA daily observed
Fukui,True,2007,2007-03-29 00:00:00,2007-04-09 00:00:00,Not stated,2007-03-29,2007-04-09,88.0,99.0,11.0,True,False,False,True,True,36.055,136.2217,5.935714285714285,7.083870967741936,6.50979262672811,JMA daily observed
Shizuoka,True,2007,2007-03-24 00:00:00,2007-03-30 00:00:00,Not stated,2007-03-24,2007-03-30,83.0,89.0,6.0,True,False,False,True,True,34.975,138.4033,9.453571428571427,11.229032258064517,10.341301843317972,JMA daily observed
Matsue,True,2007,2007-03-26 00:00:00,2007-04-03 00:00:00,Not stated,2007-03-26,2007-04-03,85.0,93.0,8.0,True,False,False,True,True,35.4567,133.065,6.867857142857143,8.406451612903227,7.637154377880185,JMA daily observed
Kyoto,True,2007,2007-03-25 00:00:00,2007-04-03 00:00:00,Not stated,2007-03-25,2007-04-03,84.0,93.0,9.0,True,False,False,True,True,35.0117,135.735,7.285714285714286,8.62258064516129,7.954147465437789,JMA daily observed
Kobe,True,2007,2007-03-30 00:00:00,2007-04-08 00:00:00,Not stated,2007-03-30,2007-04-08,89.0,98.0,9.0,True,False,False,True,True,34.6967,135.2117,8.714285714285714,9.903225806451612,9.308755760368662,JMA daily observed
Osaka,True,2007,2007-03-27 00:00:00,2007-04-03 00:00:00,Not stated,2007-03-27,2007-04-03,86.0,93.0,7.0,True,False,False,True,True,34.6817,135.5183,8.725,10.141935483870967,9.433467741935484,JMA daily observed
Nara,True,2007,2007-03-27 00:00:00,2007-04-04 00:00:00,Not stated,2007-03-27,2007-04-04,86.0,94.0,8.0,True,False,False,True,True,34.6733,135.8317,6.378571428571428,7.793548387096774,7.086059907834101,JMA daily observed
Kochi,True,2007,2007-03-23 00:00:00,2007-04-01 00:00:00,Not stated,2007-03-23,2007-04-01,82.0,91.0,9.0,True,False,False,True,True,33.5667,133.5483,9.957142857142857,11.341935483870968,10.649539170506912,JMA daily observed
Fukuoka,True,2007,2007-03-21 00:00:00,2007-03-31 00:00:00,Not stated,2007-03-21,2007-03-31,80.0,90.0,10.0,True,False,False,True,True,33.5817,130.3767,9.846428571428572,11.319354838709677,10.582891705069123,JMA daily observed
Oita,True,2007,2007-03-22 00:00:00,2007-04-04 00:00:00,Not stated,2007-03-22,2007-04-04,81.0,94.0,13.0,True,False,False,True,True,33.235,131.6183,9.196428571428571,10.612903225806452,9.904665898617512,JMA daily observed
Kagoshima,True,2007,2007-03-30 00:00:00,2007-04-04 00:00:00,Not stated,2007-03-30,2007-04-04,89.0,94.0,5.0,True,False,False,True,True,31.555,130.5467,11.553571428571429,13.293548387096775,12.423559907834102,JMA daily observed
Miyazaki,True,2007,2007-03-26 00:00:00,2007-04-03 00:00:00,Not stated,2007-03-26,2007-04-03,85.0,93.0,8.0,True,False,False,True,True,31.9383,131.4133,10.596428571428572,12.061290322580644,11.328859447004607,JMA daily observed
Wakkanai,True,2008,2008-05-02 00:00:00,2008-05-05 00:00:00,Sargent cherry (Prunus sargentii),2008-05-02,2008-05-05,122.0,125.0,3.0,False,False,False,True,True,45.415,141.6783,-4.755172413793104,0.6129032258064516,-2.071134593993326,JMA daily observed
Asahikawa,True,2008,2008-04-23 00:00:00,2008-04-26 00:00:00,Sargent cherry (Prunus sargentii),2008-04-23,2008-04-26,113.0,116.0,3.0,False,False,False,True,True,43.7567,142.3717,-7.26551724137931,0.6419354838709678,-3.3117908787541714,JMA daily observed
Urakawa,False,2008,2008-05-04 00:00:00,2008-05-06 00:00:00,Sargent cherry (Prunus sargentii),2008-05-04,2008-05-06,124.0,126.0,2.0,False,False,False,True,True,42.1617,142.7767,-2.382758620689655,2.1225806451612903,-0.13008898776418243,JMA daily observed
Aomori,True,2008,2008-04-17 00:00:00,2008-04-21 00:00:00,Not stated,2008-04-17,2008-04-21,107.0,111.0,4.0,True,False,False,True,True,40.8217,140.7683,-1.003448275862069,4.564516129032258,1.7805339265850946,JMA daily observed
Akita,True,2008,2008-04-10 00:00:00,2008-04-15 00:00:00,Not stated,2008-04-10,2008-04-15,100.0,105.0,5.0,True,False,False,True,True,39.7167,140.0983,-0.031034482758620703,5.758064516129032,2.8635150166852057,JMA daily observed
Yamagata,True,2008,2008-04-12 00:00:00,2008-04-16 00:00:00,Not stated,2008-04-12,2008-04-16,102.0,106.0,4.0,True,False,False,True,True,38.255,140.345,-0.7758620689655172,4.996774193548387,2.1104560622914352,JMA daily observed
Nagano,True,2008,2008-04-10 00:00:00,2008-04-16 00:00:00,Not stated,2008-04-10,2008-04-16,100.0,106.0,6.0,True,False,False,True,True,36.6617,138.1917,-1.306896551724138,5.329032258064516,2.0110678531701893,JMA daily observed
Fukui,True,2008,2008-04-02 00:00:00,2008-04-06 00:00:00,Not stated,2008-04-02,2008-04-06,92.0,96.0,4.0,True,False,False,True,True,36.055,136.2217,2.1206896551724137,8.012903225806452,5.0667964404894335,JMA daily observed
Shizuoka,True,2008,2008-03-22 00:00:00,2008-03-27 00:00:00,Not stated,2008-03-22,2008-03-27,81.0,86.0,5.0,True,False,False,True,True,34.975,138.4033,6.013793103448276,11.33548387096774,8.674638487208009,JMA daily observed
Matsue,True,2008,2008-04-01 00:00:00,2008-04-06 00:00:00,Not stated,2008-04-01,2008-04-06,91.0,96.0,5.0,True,False,False,True,True,35.4567,133.065,3.151724137931035,8.425806451612903,5.788765294771969,JMA daily observed
Kyoto,True,2008,2008-03-24 00:00:00,2008-04-01 00:00:00,Not stated,2008-03-24,2008-04-01,83.0,91.0,8.0,True,False,False,True,True,35.0117,135.735,3.5620689655172413,9.574193548387097,6.568131256952169,JMA daily observed
Kobe,True,2008,2008-03-26 00:00:00,2008-04-03 00:00:00,Not stated,2008-03-26,2008-04-03,85.0,93.0,8.0,True,False,False,True,True,34.6967,135.2117,4.9206896551724135,10.629032258064516,7.774860956618465,JMA daily observed
Osaka,True,2008,2008-03-26 00:00:00,2008-04-02 00:00:00,Not stated,2008-03-26,2008-04-02,85.0,92.0,7.0,True,False,False,True,True,34.6817,135.5183,5.096551724137932,10.76774193548387,7.932146829810901,JMA daily observed
Nara,True,2008,2008-03-26 00:00:00,2008-04-03 00:00:00,Not stated,2008-03-26,2008-04-03,85.0,93.0,8.0,True,False,False,True,True,34.6733,135.8317,2.896551724137931,8.716129032258063,5.806340378197997,JMA daily observed
Kochi,True,2008,2008-03-24 00:00:00,2008-03-28 00:00:00,Not stated,2008-03-24,2008-03-28,83.0,87.0,4.0,True,False,False,True,True,33.5667,133.5483,6.220689655172414,11.719354838709679,8.970022246941046,JMA daily observed
Fukuoka,True,2008,2008-03-24 00:00:00,2008-04-02 00:00:00,Not stated,2008-03-24,2008-04-02,83.0,92.0,9.0,True,False,False,True,True,33.5817,130.3767,6.320689655172414,10.654838709677419,8.487764182424916,JMA daily observed
Oita,True,2008,2008-03-24 00:00:00,2008-04-04 00:00:00,Not stated,2008-03-24,2008-04-04,83.0,94.0,11.0,True,False,False,True,True,33.235,131.6183,6.051724137931035,10.40967741935484,8.230700778642937,JMA daily observed
Kagoshima,True,2008,2008-03-28 00:00:00,2008-04-12 00:00:00,Not stated,2008-03-28,2008-04-12,87.0,102.0,15.0,True,False,False,True,True,31.555,130.5467,7.751724137931035,13.14516129032258,10.448442714126807,JMA daily observed
Miyazaki,True,2008,2008-03-26 00:00:00,2008-04-06 00:00:00,Not stated,2008-03-26,2008-04-06,85.0,96.0,11.0,True,False,False,True,True,31.9383,131.4133,6.613793103448276,12.051612903225807,9.332703003337041,JMA daily observed
Wakkanai,True,2009,2009-05-10 00:00:00,2009-05-12 00:00:00,Sargent cherry (Prunus sargentii),2009-05-10,2009-05-12,130.0,132.0,2.0,False,False,False,True,True,45.415,141.6783,-4.371428571428572,-0.04516129032258064,-2.208294930875576,JMA daily observed
Asahikawa,True,2009,2009-05-03 00:00:00,2009-05-04 00:00:00,Sargent cherry (Prunus sargentii),2009-05-03,2009-05-04,123.0,124.0,1.0,False,False,False,True,True,43.7567,142.3717,-5.396428571428571,-1.0290322580645161,-3.212730414746544,JMA daily observed
Urakawa,False,2009,2009-05-05 00:00:00,2009-05-08 00:00:00,Sargent cherry (Prunus sargentii),2009-05-05,2009-05-08,125.0,128.0,3.0,False,False,False,True,True,42.1617,142.7767,-1.5250000000000001,1.6258064516129032,0.05040322580645151,JMA daily observed
Aomori,True,2009,2009-04-18 00:00:00,2009-04-22 00:00:00,Not stated,2009-04-18,2009-04-22,108.0,112.0,4.0,True,False,False,True,True,40.8217,140.7683,0.18571428571428575,2.564516129032258,1.375115207373272,JMA daily observed
Akita,True,2009,2009-04-14 00:00:00,2009-04-19 00:00:00,Not stated,2009-04-14,2009-04-19,104.0,109.0,5.0,True,False,False,True,True,39.7167,140.0983,1.417857142857143,3.9000000000000004,2.6589285714285715,JMA daily observed
Yamagata,True,2009,2009-04-11 00:00:00,2009-04-13 00:00:00,Not stated,2009-04-11,2009-04-13,101.0,103.0,2.0,True,False,False,True,True,38.255,140.345,0.9642857142857143,4.182142857142857,2.5732142857142857,JMA daily observed
Nagano,True,2009,2009-04-08 00:00:00,2009-04-12 00:00:00,Not stated,2009-04-08,2009-04-12,98.0,102.0,4.0,True,False,False,True,True,36.6617,138.1917,2.1714285714285713,4.541935483870968,3.3566820276497698,JMA daily observed
Fukui,True,2009,2009-03-26 00:00:00,2009-04-07 00:00:00,Not stated,2009-03-26,2009-04-07,85.0,97.0,12.0,True,False,False,True,True,36.055,136.2217,5.353571428571429,7.470967741935484,6.412269585253457,JMA daily observed
Shizuoka,True,2009,2009-03-19 00:00:00,2009-03-27 00:00:00,Not stated,2009-03-19,2009-03-27,78.0,86.0,8.0,True,False,False,True,True,34.975,138.4033,9.696428571428571,10.67741935483871,10.18692396313364,JMA daily observed
Matsue,True,2009,2009-03-22 00:00:00,2009-04-06 00:00:00,Not stated,2009-03-22,2009-04-06,81.0,96.0,15.0,True,False,False,True,True,35.4567,133.065,6.832142857142857,8.580645161290322,7.70639400921659,JMA daily observed
Kyoto,True,2009,2009-03-19 00:00:00,2009-04-05 00:00:00,Not stated,2009-03-19,2009-04-05,78.0,95.0,17.0,True,False,False,True,True,35.0117,135.735,6.728571428571429,8.8,7.764285714285714,JMA daily observed
Kobe,True,2009,2009-03-23 00:00:00,2009-04-06 00:00:00,Not stated,2009-03-23,2009-04-06,82.0,96.0,14.0,True,False,False,True,True,34.6967,135.2117,8.071428571428571,9.970967741935485,9.02119815668203,JMA daily observed
Osaka,True,2009,2009-03-24 00:00:00,2009-04-06 00:00:00,Not stated,2009-03-24,2009-04-06,83.0,96.0,13.0,True,False,False,True,True,34.6817,135.5183,7.885714285714286,9.738709677419354,8.81221198156682,JMA daily observed
Nara,True,2009,2009-03-23 00:00:00,2009-04-06 00:00:00,Not stated,2009-03-23,2009-04-06,82.0,96.0,14.0,True,False,False,True,True,34.6733,135.8317,5.960714285714286,7.9,6.930357142857144,JMA daily observed
Kochi,True,2009,2009-03-16 00:00:00,2009-03-24 00:00:00,Not stated,2009-03-16,2009-03-24,75.0,83.0,8.0,True,False,False,True,True,33.5667,133.5483,10.125,11.419354838709678,10.77217741935484,JMA daily observed
Fukuoka,True,2009,2009-03-13 00:00:00,2009-03-23 00:00:00,Not stated,2009-03-13,2009-03-23,72.0,82.0,10.0,True,False,False,True,True,33.5817,130.3767,9.810714285714285,11.7,10.755357142857143,JMA daily observed
Oita,True,2009,2009-03-17 00:00:00,2009-03-28 00:00:00,Not stated,2009-03-17,2009-03-28,76.0,87.0,11.0,True,False,False,True,True,33.235,131.6183,9.217857142857143,10.861290322580645,10.039573732718894,JMA daily observed
Kagoshima,True,2009,2009-03-19 00:00:00,2009-04-01 00:00:00,Not stated,2009-03-19,2009-04-01,78.0,91.0,13.0,True,False,False,True,True,31.555,130.5467,12.464285714285714,13.13225806451613,12.798271889400922,JMA daily observed
Miyazaki,True,2009,2009-03-16 00:00:00,2009-03-23 00:00:00,Not stated,2009-03-16,2009-03-23,75.0,82.0,7.0,True,False,False,True,True,31.9383,131.4133,11.12142857142857,12.216129032258063,11.668778801843317,JMA daily observed
Wakkanai,True,2010,2010-05-22 00:00:00,2010-05-25 00:00:00,Sargent cherry (Prunus sargentii),2010-05-22,2010-05-25,142.0,145.0,3.0,False,False,False,True,True,45.415,141.6783,-4.946428571428571,-1.4129032258064516,-3.1796658986175115,JMA daily observed
Asahikawa,True,2010,2010-05-11 00:00:00,2010-05-13 00:00:00,Sargent cherry (Prunus sargentii),2010-05-11,2010-05-13,131.0,133.0,2.0,False,False,False,True,True,43.7567,142.3717,-6.2178571428571425,-2.5677419354838706,-4.392799539170507,JMA daily observed
Aomori,True,2010,2010-04-28 00:00:00,2010-05-02 00:00:00,Not stated,2010-04-28,2010-05-02,118.0,122.0,4.0,True,False,False,True,True,40.8217,140.7683,-1.0,1.8193548387096774,0.4096774193548387,JMA daily observed
Akita,True,2010,2010-04-24 00:00:00,2010-04-28 00:00:00,Not stated,2010-04-24,2010-04-28,114.0,118.0,4.0,True,False,False,True,True,39.7167,140.0983,0.3607142857142857,3.02258064516129,1.691647465437788,JMA daily observed
Yamagata,True,2010,2010-04-19 00:00:00,2010-04-25 00:00:00,Not stated,2010-04-19,2010-04-25,109.0,115.0,6.0,True,False,False,True,True,38.255,140.345,0.26428571428571423,3.3548387096774195,1.8095622119815669,JMA daily observed
Nagano,True,2010,2010-04-09 00:00:00,2010-04-13 00:00:00,Not stated,2010-04-09,2010-04-13,99.0,103.0,4.0,True,False,False,True,True,36.6617,138.1917,1.625,4.180645161290323,2.9028225806451613,JMA daily observed
Fukui,True,2010,2010-04-02 00:00:00,2010-04-06 00:00:00,Not stated,2010-04-02,2010-04-06,92.0,96.0,4.0,True,False,False,True,True,36.055,136.2217,4.660714285714286,6.848387096774194,5.75455069124424,JMA daily observed
Shizuoka,True,2010,2010-03-17 00:00:00,2010-03-26 00:00:00,Not stated,2010-03-17,2010-03-26,76.0,85.0,9.0,True,False,False,True,True,34.975,138.4033,8.153571428571428,10.816129032258065,9.484850230414747,JMA daily observed
Matsue,True,2010,2010-03-22 00:00:00,2010-04-03 00:00:00,Not stated,2010-03-22,2010-04-03,81.0,93.0,12.0,True,False,False,True,True,35.4567,133.065,6.235714285714286,7.961290322580646,7.098502304147466,JMA daily observed
Kyoto,True,2010,2010-03-19 00:00:00,2010-04-01 00:00:00,Not stated,2010-03-19,2010-04-01,78.0,91.0,13.0,True,False,False,True,True,35.0117,135.735,6.767857142857143,8.541935483870969,7.6548963133640555,JMA daily observed
Kobe,True,2010,2010-03-20 00:00:00,2010-04-04 00:00:00,Not stated,2010-03-20,2010-04-04,79.0,94.0,15.0,True,False,False,True,True,34.6967,135.2117,8.092857142857143,9.783870967741937,8.938364055299541,JMA daily observed
Osaka,True,2010,2010-03-21 00:00:00,2010-04-04 00:00:00,Not stated,2010-03-21,2010-04-04,80.0,94.0,14.0,True,False,False,True,True,34.6817,135.5183,7.825,9.616129032258065,8.720564516129032,JMA daily observed
Nara,True,2010,2010-03-20 00:00:00,2010-04-02 00:00:00,Not stated,2010-03-20,2010-04-02,79.0,92.0,13.0,True,False,False,True,True,34.6733,135.8317,5.939285714285715,7.961290322580646,6.950288018433181,JMA daily observed
Kochi,True,2010,2010-03-10 00:00:00,2010-03-21 00:00:00,Not stated,2010-03-10,2010-03-21,69.0,80.0,11.0,True,False,False,True,True,33.5667,133.5483,9.821428571428571,11.44516129032258,10.633294930875575,JMA daily observed
Fukuoka,True,2010,2010-03-14 00:00:00,2010-03-25 00:00:00,Not stated,2010-03-14,2010-03-25,73.0,84.0,11.0,True,False,False,True,True,33.5817,130.3767,9.362962962962964,10.851612903225806,10.107287933094385,JMA daily observed
Oita,True,2010,2010-03-17 00:00:00,2010-03-29 00:00:00,Not stated,2010-03-17,2010-03-29,76.0,88.0,12.0,True,False,False,True,True,33.235,131.6183,8.95,10.616129032258065,9.783064516129032,JMA daily observed
Kagoshima,True,2010,2010-03-23 00:00:00,2010-04-06 00:00:00,Not stated,2010-03-23,2010-04-06,82.0,96.0,14.0,True,False,False,True,True,31.555,130.5467,11.921428571428573,13.345161290322581,12.633294930875577,JMA daily observed
Miyazaki,True,2010,2010-03-17 00:00:00,2010-04-02 00:00:00,Not stated,2010-03-17,2010-04-02,76.0,92.0,16.0,True,False,False,True,True,31.9383,131.4133,10.957142857142857,12.37741935483871,11.667281105990783,JMA daily observed
Wakkanai,True,2011,2011-05-19 00:00:00,2011-05-25 00:00:00,Sargent cherry (Prunus sargentii),2011-05-19,2011-05-25,139.0,145.0,6.0,False,False,False,True,True,45.415,141.6783,-2.242857142857143,-0.6096774193548387,-1.4262672811059907,JMA daily observed
Asahikawa,True,2011,2011-05-09 00:00:00,2011-05-12 00:00:00,Sargent cherry (Prunus sargentii),2011-05-09,2011-05-12,129.0,132.0,3.0,False,False,False,True,True,43.7567,142.3717,-4.635714285714286,-2.0677419354838706,-3.3517281105990784,JMA daily observed
Aomori,True,2011,2011-04-25 00:00:00,2011-04-28 00:00:00,Not stated,2011-04-25,2011-04-28,115.0,118.0,3.0,True,False,False,True,True,40.8217,140.7683,0.32142857142857145,1.3806451612903226,0.851036866359447,JMA daily observed
Akita,True,2011,2011-04-23 00:00:00,2011-04-27 00:00:00,Not stated,2011-04-23,2011-04-27,113.0,117.0,4.0,True,False,False,True,True,39.7167,140.0983,1.1357142857142857,2.148387096774193,1.6420506912442394,JMA daily observed
Yamagata,True,2011,2011-04-18 00:00:00,2011-04-25 00:00:00,Not stated,2011-04-18,2011-04-25,108.0,115.0,7.0,True,False,False,True,True,38.255,140.345,0.3464285714285714,1.7225806451612902,1.0345046082949307,JMA daily observed
Nagano,True,2011,2011-04-15 00:00:00,2011-04-21 00:00:00,Not stated,2011-04-15,2011-04-21,105.0,111.0,6.0,True,False,False,True,True,36.6617,138.1917,0.9785714285714285,2.1933333333333334,1.585952380952381,JMA daily observed
Fukui,True,2011,2011-04-07 00:00:00,2011-04-13 00:00:00,Not stated,2011-04-07,2011-04-13,97.0,103.0,6.0,True,False,False,True,True,36.055,136.2217,3.632142857142857,5.04516129032258,4.338652073732719,JMA daily observed
Shizuoka,True,2011,2011-03-20 00:00:00,2011-04-04 00:00:00,Not stated,2011-03-20,2011-04-04,79.0,94.0,15.0,True,False,False,True,True,34.975,138.4033,8.807142857142857,8.91,8.858571428571429,JMA daily observed
Matsue,True,2011,2011-04-06 00:00:00,2011-04-12 00:00:00,Not stated,2011-04-06,2011-04-12,96.0,102.0,6.0,True,False,False,True,True,35.4567,133.065,5.25,6.016129032258065,5.633064516129032,JMA daily observed
Kyoto,True,2011,2011-03-28 00:00:00,2011-04-07 00:00:00,Not stated,2011-03-28,2011-04-07,87.0,97.0,10.0,True,False,False,True,True,35.0117,135.735,6.339285714285714,6.767741935483872,6.553513824884793,JMA daily observed
Kobe,True,2011,2011-03-31 00:00:00,2011-04-10 00:00:00,Not stated,2011-03-31,2011-04-10,90.0,100.0,10.0,True,False,False,True,True,34.6967,135.2117,7.528571428571429,8.019354838709678,7.773963133640553,JMA daily observed
Osaka,True,2011,2011-03-31 00:00:00,2011-04-07 00:00:00,Not stated,2011-03-31,2011-04-07,90.0,97.0,7.0,True,False,False,True,True,34.6817,135.5183,7.371428571428572,8.186666666666666,7.779047619047619,JMA daily observed
Nara,True,2011,2011-03-31 00:00:00,2011-04-08 00:00:00,Not stated,2011-03-31,2011-04-08,90.0,98.0,8.0,True,False,False,True,True,34.6733,135.8317,5.271428571428571,6.174193548387097,5.722811059907834,JMA daily observed
Kochi,True,2011,2011-03-22 00:00:00,2011-03-31 00:00:00,Not stated,2011-03-22,2011-03-31,81.0,90.0,9.0,True,False,False,True,True,33.5667,133.5483,8.910714285714286,9.27741935483871,9.094066820276499,JMA daily observed
Fukuoka,True,2011,2011-03-22 00:00:00,2011-04-02 00:00:00,Not stated,2011-03-22,2011-04-02,81.0,92.0,11.0,True,False,False,True,True,33.5817,130.3767,8.178571428571429,8.82,8.499285714285715,JMA daily observed
Oita,True,2011,2011-03-23 00:00:00,2011-04-05 00:00:00,Not stated,2011-03-23,2011-04-05,82.0,95.0,13.0,True,False,False,True,True,33.235,131.6183,7.446428571428571,8.516129032258064,7.981278801843318,JMA daily observed
Kagoshima,True,2011,2011-03-23 00:00:00,2011-04-05 00:00:00,Not stated,2011-03-23,2011-04-05,82.0,95.0,13.0,True,False,False,True,True,31.555,130.5467,10.789285714285715,10.551612903225807,10.67044930875576,JMA daily observed
Miyazaki,True,2011,2011-03-23 00:00:00,2011-04-04 00:00:00,Not stated,2011-03-23,2011-04-04,82.0,94.0,12.0,True,False,False,True,True,31.9383,131.4133,9.260714285714286,10.009677419354839,9.635195852534562,JMA daily observed
Wakkanai,True,2012,2012-05-14 00:00:00,2012-05-18 00:00:00,Sargent cherry (Prunus sargentii),2012-05-14,2012-05-18,134.0,138.0,4.0,False,False,False,True,True,45.415,141.6783,-6.3517241379310345,-2.3741935483870966,-4.362958843159065,JMA daily observed
Asahikawa,True,2012,2012-05-02 00:00:00,2012-05-02 00:00:00,Sargent cherry (Prunus sargentii),2012-05-02,2012-05-02,122.0,122.0,0.0,False,False,True,True,True,43.7567,142.3717,-8.13103448275862,-2.8,-5.46551724137931,JMA daily observed
Aomori,True,2012,2012-04-29 00:00:00,2012-05-01 00:00:00,Not stated,2012-04-29,2012-05-01,119.0,121.0,2.0,True,False,False,True,True,40.8217,140.7683,-2.5714285714285716,1.8483870967741935,-0.36152073732718903,JMA daily observed
Akita,True,2012,2012-04-24 00:00:00,2012-04-26 00:00:00,Not stated,2012-04-24,2012-04-26,114.0,116.0,2.0,True,False,False,True,True,39.7167,140.0983,-1.0344827586206897,3.306451612903226,1.1359844271412682,JMA daily observed
Yamagata,True,2012,2012-04-23 00:00:00,2012-04-26 00:00:00,Not stated,2012-04-23,2012-04-26,113.0,116.0,3.0,True,False,False,True,True,38.255,140.345,-1.986206896551724,2.774193548387097,0.39399332591768643,JMA daily observed
Nagano,True,2012,2012-04-18 00:00:00,2012-04-21 00:00:00,Not stated,2012-04-18,2012-04-21,108.0,111.0,3.0,True,False,False,True,True,36.6617,138.1917,-0.7551724137931034,3.693548387096774,1.4691879866518354,JMA daily observed
Fukui,True,2012,2012-04-10 00:00:00,2012-04-13 00:00:00,Not stated,2012-04-10,2012-04-13,100.0,103.0,3.0,True,False,False,True,True,36.055,136.2217,1.8586206896551725,6.603225806451612,4.230923248053393,JMA daily observed
Shizuoka,True,2012,2012-03-24 00:00:00,2012-04-01 00:00:00,Not stated,2012-03-24,2012-04-01,83.0,91.0,8.0,True,False,False,True,True,34.975,138.4033,6.789655172413793,10.422580645161291,8.606117908787542,JMA daily observed
Matsue,True,2012,2012-04-06 00:00:00,2012-04-10 00:00:00,Not stated,2012-04-06,2012-04-10,96.0,100.0,4.0,True,False,False,True,True,35.4567,133.065,3.134482758620689,7.55483870967742,5.344660734149055,JMA daily observed
Kyoto,True,2012,2012-04-03 00:00:00,2012-04-09 00:00:00,Not stated,2012-04-03,2012-04-09,93.0,99.0,6.0,True,False,False,True,True,35.0117,135.735,4.103448275862069,8.296666666666667,6.200057471264368,JMA daily observed
Kobe,True,2012,2012-04-02 00:00:00,2012-04-09 00:00:00,Not stated,2012-04-02,2012-04-09,92.0,99.0,7.0,True,False,False,True,True,34.6967,135.2117,5.175862068965517,9.100000000000001,7.13793103448276,JMA daily observed
Osaka,True,2012,2012-04-02 00:00:00,2012-04-09 00:00:00,Not stated,2012-04-02,2012-04-09,92.0,99.0,7.0,True,False,False,True,True,34.6817,135.5183,5.068965517241379,9.087096774193547,7.078031145717463,JMA daily observed
Nara,True,2012,2012-04-03 00:00:00,2012-04-09 00:00:00,Not stated,2012-04-03,2012-04-09,93.0,99.0,6.0,True,False,False,True,True,34.6733,135.8317,3.3344827586206898,7.370967741935484,5.352725250278087,JMA daily observed
Kochi,True,2012,2012-03-21 00:00:00,2012-03-27 00:00:00,Not stated,2012-03-21,2012-03-27,80.0,86.0,6.0,True,False,False,True,True,33.5667,133.5483,6.558620689655172,11.051612903225807,8.80511679644049,JMA daily observed
Fukuoka,True,2012,2012-03-27 00:00:00,2012-04-01 00:00:00,Not stated,2012-03-27,2012-04-01,86.0,91.0,5.0,True,False,False,True,True,33.5817,130.3767,5.710344827586207,10.654838709677419,8.182591768631813,JMA daily observed
Oita,True,2012,2012-03-27 00:00:00,2012-04-03 00:00:00,Not stated,2012-03-27,2012-04-03,86.0,93.0,7.0,True,False,False,True,True,33.235,131.6183,5.448275862068965,10.074193548387097,7.761234705228031,JMA daily observed
Kagoshima,True,2012,2012-03-26 00:00:00,2012-04-05 00:00:00,Not stated,2012-03-26,2012-04-05,85.0,95.0,10.0,True,False,False,True,True,31.555,130.5467,9.117241379310345,12.845161290322581,10.981201334816463,JMA daily observed
Miyazaki,True,2012,2012-03-24 00:00:00,2012-04-03 00:00:00,Not stated,2012-03-24,2012-04-03,83.0,93.0,10.0,True,False,False,True,True,31.9383,131.4133,7.651724137931034,11.887096774193548,9.76941045606229,JMA daily observed
Wakkanai,True,2013,2013-05-26 00:00:00,2013-05-28 00:00:00,Sargent cherry (Prunus sargentii),2013-05-26,2013-05-28,146.0,148.0,2.0,False,False,False,True,True,45.415,141.6783,-5.067857142857143,-1.3129032258064517,-3.190380184331797,JMA daily observed
Asahikawa,True,2013,2013-05-18 00:00:00,2013-05-20 00:00:00,Sargent cherry (Prunus sargentii),2013-05-18,2013-05-20,138.0,140.0,2.0,False,False,False,True,True,43.7567,142.3717,-7.196428571428571,-2.103225806451613,-4.649827188940092,JMA daily observed
Aomori,True,2013,2013-04-29 00:00:00,2013-05-06 00:00:00,Not stated,2013-04-29,2013-05-06,119.0,126.0,7.0,True,False,False,True,True,40.8217,140.7683,-1.7428571428571427,2.0161290322580645,0.13663594470046092,JMA daily observed
Akita,True,2013,2013-04-23 00:00:00,2013-04-29 00:00:00,Not stated,2013-04-23,2013-04-29,113.0,119.0,6.0,True,False,False,True,True,39.7167,140.0983,-0.49642857142857144,3.519354838709677,1.5114631336405528,JMA daily observed
Yamagata,True,2013,2013-04-15 00:00:00,2013-04-19 00:00:00,Not stated,2013-04-15,2013-04-19,105.0,109.0,4.0,True,False,False,True,True,38.255,140.345,-1.2428571428571427,3.738709677419355,1.2479262672811062,JMA daily observed
Nagano,True,2013,2013-04-06 00:00:00,2013-04-15 00:00:00,Not stated,2013-04-06,2013-04-15,96.0,105.0,9.0,True,False,False,True,True,36.6617,138.1917,-0.6571428571428571,5.564516129032258,2.4536866359447003,JMA daily observed
Fukui,True,2013,2013-03-28 00:00:00,2013-04-02 00:00:00,Not stated,2013-03-28,2013-04-02,87.0,92.0,5.0,True,False,False,True,True,36.055,136.2217,2.7821428571428575,8.561290322580644,5.6717165898617505,JMA daily observed
Shizuoka,True,2013,2013-03-17 00:00:00,2013-03-23 00:00:00,Not stated,2013-03-17,2013-03-23,76.0,82.0,6.0,True,False,False,True,True,34.975,138.4033,7.328571428571428,13.254838709677419,10.291705069124424,JMA daily observed
Matsue,True,2013,2013-03-23 00:00:00,2013-03-31 00:00:00,Not stated,2013-03-23,2013-03-31,82.0,90.0,8.0,True,False,False,True,True,35.4567,133.065,4.8500000000000005,9.396774193548387,7.123387096774193,JMA daily observed
Kyoto,True,2013,2013-03-22 00:00:00,2013-03-30 00:00:00,Not stated,2013-03-22,2013-03-30,81.0,89.0,8.0,True,False,False,True,True,35.0117,135.735,4.5,9.687096774193549,7.093548387096774,JMA daily observed
Kobe,True,2013,2013-03-21 00:00:00,2013-03-31 00:00:00,Not stated,2013-03-21,2013-03-31,80.0,90.0,10.0,True,False,False,True,True,34.6967,135.2117,5.910714285714286,10.848387096774195,8.37955069124424,JMA daily observed
Osaka,True,2013,2013-03-21 00:00:00,2013-03-29 00:00:00,Not stated,2013-03-21,2013-03-29,80.0,88.0,8.0,True,False,False,True,True,34.6817,135.5183,5.632142857142857,10.729032258064517,8.180587557603687,JMA daily observed
Nara,True,2013,2013-03-22 00:00:00,2013-03-29 00:00:00,Not stated,2013-03-22,2013-03-29,81.0,88.0,7.0,True,False,False,True,True,34.6733,135.8317,3.8285714285714287,9.09032258064516,6.459447004608295,JMA daily observed
Kochi,True,2013,2013-03-15 00:00:00,2013-03-22 00:00:00,Not stated,2013-03-15,2013-03-22,74.0,81.0,7.0,True,False,False,True,True,33.5667,133.5483,7.8,12.716129032258063,10.258064516129032,JMA daily observed
Fukuoka,True,2013,2013-03-13 00:00:00,2013-03-22 00:00:00,Not stated,2013-03-13,2013-03-22,72.0,81.0,9.0,True,False,False,True,True,33.5817,130.3767,7.7749999999999995,12.296774193548387,10.035887096774193,JMA daily observed
Oita,True,2013,2013-03-14 00:00:00,2013-03-25 00:00:00,Not stated,2013-03-14,2013-03-25,73.0,84.0,11.0,True,False,False,True,True,33.235,131.6183,7.125,11.358064516129033,9.241532258064517,JMA daily observed
Kagoshima,True,2013,2013-03-15 00:00:00,2013-03-26 00:00:00,Not stated,2013-03-15,2013-03-26,74.0,85.0,11.0,True,False,False,True,True,31.555,130.5467,10.303571428571429,14.119354838709677,12.211463133640553,JMA daily observed
Miyazaki,True,2013,2013-03-13 00:00:00,2013-03-22 00:00:00,Not stated,2013-03-13,2013-03-22,72.0,81.0,9.0,True,False,False,True,True,31.9383,131.4133,9.407142857142857,13.783870967741937,11.595506912442396,JMA daily observed
Wakkanai,True,2014,2014-05-11 00:00:00,2014-05-13 00:00:00,Sargent cherry (Prunus sargentii),2014-05-11,2014-05-13,131.0,133.0,2.0,False,False,False,True,True,45.415,141.6783,-4.2,-1.1666666666666667,-2.6833333333333336,JMA daily observed
Asahikawa,True,2014,2014-05-02 00:00:00,2014-05-04 00:00:00,Sargent cherry (Prunus sargentii),2014-05-02,2014-05-04,122.0,124.0,2.0,False,False,False,True,True,43.7567,142.3717,-6.871428571428572,-2.232258064516129,-4.5518433179723505,JMA daily observed
Aomori,True,2014,2014-04-22 00:00:00,2014-04-25 00:00:00,Not stated,2014-04-22,2014-04-25,112.0,115.0,3.0,True,False,False,True,True,40.8217,140.7683,-1.3071428571428572,2.458064516129032,0.5754608294930875,JMA daily observed
Akita,True,2014,2014-04-20 00:00:00,2014-04-24 00:00:00,Not stated,2014-04-20,2014-04-24,110.0,114.0,4.0,True,False,False,True,True,39.7167,140.0983,-0.13214285714285712,3.867741935483871,1.867799539170507,JMA daily observed
Yamagata,True,2014,2014-04-14 00:00:00,2014-04-17 00:00:00,Not stated,2014-04-14,2014-04-17,104.0,107.0,3.0,True,False,False,True,True,38.255,140.345,-0.5107142857142858,3.729032258064516,1.6091589861751152,JMA daily observed
Nagano,True,2014,2014-04-11 00:00:00,2014-04-17 00:00:00,Not stated,2014-04-11,2014-04-17,101.0,107.0,6.0,True,False,False,True,True,36.6617,138.1917,-0.6178571428571428,4.058064516129032,1.7201036866359445,JMA daily observed
Fukui,True,2014,2014-03-31 00:00:00,2014-04-03 00:00:00,Not stated,2014-03-31,2014-04-03,90.0,93.0,3.0,True,False,False,True,True,36.055,136.2217,3.5749999999999997,7.351612903225806,5.463306451612903,JMA daily observed
Shizuoka,True,2014,2014-03-24 00:00:00,2014-03-31 00:00:00,Not stated,2014-03-24,2014-03-31,83.0,90.0,7.0,True,False,False,True,True,34.975,138.4033,7.557142857142857,10.519354838709678,9.038248847926267,JMA daily observed
Matsue,True,2014,2014-03-27 00:00:00,2014-04-02 00:00:00,Not stated,2014-03-27,2014-04-02,86.0,92.0,6.0,True,False,False,True,True,35.4567,133.065,4.728571428571429,8.461290322580645,6.594930875576036,JMA daily observed
Kyoto,True,2014,2014-03-27 00:00:00,2014-04-02 00:00:00,Not stated,2014-03-27,2014-04-02,86.0,92.0,6.0,True,False,False,True,True,35.0117,135.735,5.057142857142857,9.009677419354839,7.033410138248848,JMA daily observed
Kobe,True,2014,2014-03-27 00:00:00,2014-04-01 00:00:00,Not stated,2014-03-27,2014-04-01,86.0,91.0,5.0,True,False,False,True,True,34.6967,135.2117,6.060714285714285,9.996774193548386,8.028744239631337,JMA daily observed
Osaka,True,2014,2014-03-27 00:00:00,2014-04-02 00:00:00,Not stated,2014-03-27,2014-04-02,86.0,92.0,6.0,True,False,False,True,True,34.6817,135.5183,5.75,9.864516129032259,7.807258064516129,JMA daily observed
Nara,True,2014,2014-03-27 00:00:00,2014-04-01 00:00:00,Not stated,2014-03-27,2014-04-01,86.0,91.0,5.0,True,False,False,True,True,34.6733,135.8317,4.007142857142857,8.216129032258063,6.11163594470046,JMA daily observed
Kochi,True,2014,2014-03-18 00:00:00,2014-03-25 00:00:00,Not stated,2014-03-18,2014-03-25,77.0,84.0,7.0,True,False,False,True,True,33.5667,133.5483,8.14642857142857,11.425806451612903,9.786117511520736,JMA daily observed
Fukuoka,True,2014,2014-03-19 00:00:00,2014-03-27 00:00:00,Not stated,2014-03-19,2014-03-27,78.0,86.0,8.0,True,False,False,True,True,33.5817,130.3767,7.589285714285714,11.519354838709678,9.554320276497696,JMA daily observed
Oita,True,2014,2014-03-25 00:00:00,2014-03-30 00:00:00,Not stated,2014-03-25,2014-03-30,84.0,89.0,5.0,True,False,False,True,True,33.235,131.6183,6.460714285714286,10.55483870967742,8.507776497695852,JMA daily observed
Kagoshima,True,2014,2014-03-20 00:00:00,2014-03-31 00:00:00,Not stated,2014-03-20,2014-03-31,79.0,90.0,11.0,True,False,False,True,True,31.555,130.5467,10.453571428571427,13.083870967741936,11.768721198156681,JMA daily observed
Miyazaki,True,2014,2014-03-19 00:00:00,2014-03-28 00:00:00,Not stated,2014-03-19,2014-03-28,78.0,87.0,9.0,True,False,False,True,True,31.9383,131.4133,8.392592592592592,12.3,10.346296296296297,JMA daily observed
Wakkanai,True,2015,2015-05-03 00:00:00,2015-05-06 00:00:00,Sargent cherry (Prunus sargentii),2015-05-03,2015-05-06,123.0,126.0,3.0,False,False,False,True,True,45.415,141.6783,-1.7321428571428572,2.306451612903226,0.2871543778801844,JMA daily observed
Asahikawa,True,2015,2015-04-27 00:00:00,2015-04-28 00:00:00,Sargent cherry (Prunus sargentii),2015-04-27,2015-04-28,117.0,118.0,1.0,False,False,False,True,True,43.7567,142.3717,-4.089285714285714,1.6548387096774193,-1.2172235023041476,JMA daily observed
Aomori,True,2015,2015-04-14 00:00:00,2015-04-19 00:00:00,Not stated,2015-04-14,2015-04-19,104.0,109.0,5.0,True,False,False,True,True,40.8217,140.7683,1.1928571428571428,4.629032258064516,2.9109447004608295,JMA daily observed
Akita,True,2015,2015-04-11 00:00:00,2015-04-15 00:00:00,Not stated,2015-04-11,2015-04-15,101.0,105.0,4.0,True,False,False,True,True,39.7167,140.0983,2.2642857142857142,5.748387096774193,4.006336405529954,JMA daily observed
Yamagata,True,2015,2015-04-10 00:00:00,2015-04-15 00:00:00,Not stated,2015-04-10,2015-04-15,100.0,105.0,5.0,True,False,False,True,True,38.255,140.345,0.9,5.04516129032258,2.9725806451612904,JMA daily observed
Nagano,True,2015,2015-04-04 00:00:00,2015-04-10 00:00:00,Not stated,2015-04-04,2015-04-10,94.0,100.0,6.0,True,False,False,True,True,36.6617,138.1917,1.125,5.396774193548388,3.260887096774194,JMA daily observed
Fukui,True,2015,2015-03-31 00:00:00,2015-04-03 00:00:00,Not stated,2015-03-31,2015-04-03,90.0,93.0,3.0,True,False,False,True,True,36.055,136.2217,3.935714285714286,7.609677419354839,5.772695852534563,JMA daily observed
Shizuoka,True,2015,2015-03-22 00:00:00,2015-04-01 00:00:00,Not stated,2015-03-22,2015-04-01,81.0,91.0,10.0,True,False,False,True,True,34.975,138.4033,7.5928571428571425,10.919354838709678,9.25610599078341,JMA daily observed
Matsue,True,2015,2015-03-29 00:00:00,2015-04-02 00:00:00,Not stated,2015-03-29,2015-04-02,88.0,92.0,4.0,True,False,False,True,True,35.4567,133.065,5.357142857142857,8.33548387096774,6.846313364055298,JMA daily observed
Kyoto,True,2015,2015-03-27 00:00:00,2015-04-01 00:00:00,Not stated,2015-03-27,2015-04-01,86.0,91.0,5.0,True,False,False,True,True,35.0117,135.735,5.625,9.416129032258064,7.520564516129032,JMA daily observed
Kobe,True,2015,2015-03-27 00:00:00,2015-04-02 00:00:00,Not stated,2015-03-27,2015-04-02,86.0,92.0,6.0,True,False,False,True,True,34.6967,135.2117,6.821428571428571,10.219354838709679,8.520391705069125,JMA daily observed
Osaka,True,2015,2015-03-26 00:00:00,2015-04-01 00:00:00,Not stated,2015-03-26,2015-04-01,85.0,91.0,6.0,True,False,False,True,True,34.6817,135.5183,6.853571428571429,10.167741935483871,8.51065668202765,JMA daily observed
Nara,True,2015,2015-03-27 00:00:00,2015-03-31 00:00:00,Not stated,2015-03-27,2015-03-31,86.0,90.0,4.0,True,False,False,True,True,34.6733,135.8317,5.1000000000000005,8.441935483870967,6.770967741935484,JMA daily observed
Kochi,True,2015,2015-03-22 00:00:00,2015-03-30 00:00:00,Not stated,2015-03-22,2015-03-30,81.0,89.0,8.0,True,False,False,True,True,33.5667,133.5483,7.253571428571428,11.16451612903226,9.209043778801844,JMA daily observed
Fukuoka,True,2015,2015-03-22 00:00:00,2015-03-29 00:00:00,Not stated,2015-03-22,2015-03-29,81.0,88.0,7.0,True,False,False,True,True,33.5817,130.3767,7.5928571428571425,11.05483870967742,9.32384792626728,JMA daily observed
Oita,True,2015,2015-03-26 00:00:00,2015-04-03 00:00:00,Not stated,2015-03-26,2015-04-03,85.0,93.0,8.0,True,False,False,True,True,33.235,131.6183,7.0928571428571425,10.035483870967743,8.564170506912443,JMA daily observed
Kagoshima,True,2015,2015-03-21 00:00:00,2015-03-31 00:00:00,Not stated,2015-03-21,2015-03-31,80.0,90.0,10.0,True,False,False,True,True,31.555,130.5467,9.082142857142857,12.903225806451612,10.992684331797236,JMA daily observed
Miyazaki,True,2015,2015-03-22 00:00:00,2015-04-01 00:00:00,Not stated,2015-03-22,2015-04-01,81.0,91.0,10.0,True,False,False,True,True,31.9383,131.4133,8.025,12.087096774193547,10.056048387096773,JMA daily observed
Wakkanai,True,2016,2016-05-13 00:00:00,2016-05-15 00:00:00,Sargent cherry (Prunus sargentii),2016-05-13,2016-05-15,133.0,135.0,2.0,False,False,False,True,True,45.415,141.6783,-4.713793103448276,0.529032258064516,-2.0923804226918796,JMA daily observed
Asahikawa,True,2016,2016-05-03 00:00:00,2016-05-04 00:00:00,Sargent cherry (Prunus sargentii),2016-05-03,2016-05-04,123.0,124.0,1.0,False,False,False,True,True,43.7567,142.3717,-5.293103448275862,-0.5766666666666667,-2.9348850574712646,JMA daily observed
Aomori,True,2016,2016-04-17 00:00:00,2016-04-21 00:00:00,Not stated,2016-04-17,2016-04-21,107.0,111.0,4.0,True,False,False,True,True,40.8217,140.7683,-0.062068965517241434,3.9967741935483874,1.967352614015573,JMA daily observed
Akita,True,2016,2016-04-14 00:00:00,2016-04-19 00:00:00,Not stated,2016-04-14,2016-04-19,104.0,109.0,5.0,True,False,False,True,True,39.7167,140.0983,0.9379310344827587,5.103225806451612,3.0205784204671855,JMA daily observed
Yamagata,True,2016,2016-04-06 00:00:00,2016-04-10 00:00:00,Not stated,2016-04-06,2016-04-10,96.0,100.0,4.0,True,False,False,True,True,38.255,140.345,1.3655172413793104,5.54516129032258,3.455339265850945,JMA daily observed
Nagano,True,2016,2016-04-03 00:00:00,2016-04-08 00:00:00,Not stated,2016-04-03,2016-04-08,93.0,98.0,5.0,True,False,False,True,True,36.6617,138.1917,1.6379310344827587,5.580645161290323,3.609288097886541,JMA daily observed
Fukui,True,2016,2016-03-27 00:00:00,2016-03-31 00:00:00,Not stated,2016-03-27,2016-03-31,86.0,90.0,4.0,True,False,False,True,True,36.055,136.2217,4.631034482758621,8.429032258064517,6.530033370411569,JMA daily observed
Shizuoka,True,2016,2016-03-27 00:00:00,2016-04-05 00:00:00,Not stated,2016-03-27,2016-04-05,86.0,95.0,9.0,True,False,False,True,True,34.975,138.4033,8.524137931034483,11.387096774193548,9.955617352614016,JMA daily observed
Matsue,True,2016,2016-03-23 00:00:00,2016-03-30 00:00:00,Not stated,2016-03-23,2016-03-30,82.0,89.0,7.0,True,False,False,True,True,35.4567,133.065,5.475862068965518,9.019354838709678,7.247608453837598,JMA daily observed
Kyoto,True,2016,2016-03-23 00:00:00,2016-04-02 00:00:00,Not stated,2016-03-23,2016-04-02,82.0,92.0,10.0,True,False,False,True,True,35.0117,135.735,6.43448275862069,9.896774193548387,8.165628476084539,JMA daily observed
Kobe,True,2016,2016-03-26 00:00:00,2016-04-03 00:00:00,Not stated,2016-03-26,2016-04-03,85.0,93.0,8.0,True,False,False,True,True,34.6967,135.2117,7.627586206896551,10.819354838709677,9.223470522803114,JMA daily observed
Osaka,True,2016,2016-03-23 00:00:00,2016-04-01 00:00:00,Not stated,2016-03-23,2016-04-01,82.0,91.0,9.0,True,False,False,True,True,34.6817,135.5183,7.424137931034482,10.761290322580646,9.092714126807564,JMA daily observed
Nara,True,2016,2016-03-23 00:00:00,2016-04-02 00:00:00,Not stated,2016-03-23,2016-04-02,82.0,92.0,10.0,True,False,False,True,True,34.6733,135.8317,5.513793103448276,8.922580645161291,7.218186874304784,JMA daily observed
Kochi,True,2016,2016-03-24 00:00:00,2016-04-02 00:00:00,Not stated,2016-03-24,2016-04-02,83.0,92.0,9.0,True,False,False,True,True,33.5667,133.5483,8.320689655172414,11.98709677419355,10.15389321468298,JMA daily observed
Fukuoka,True,2016,2016-03-19 00:00:00,2016-03-30 00:00:00,Not stated,2016-03-19,2016-03-30,78.0,89.0,11.0,True,False,False,True,True,33.5817,130.3767,7.893103448275863,11.506451612903225,9.699777530589543,JMA daily observed
Oita,True,2016,2016-03-28 00:00:00,2016-04-08 00:00:00,Not stated,2016-03-28,2016-04-08,87.0,98.0,11.0,True,False,False,True,True,33.235,131.6183,7.403448275862068,10.980645161290322,9.192046718576195,JMA daily observed
Kagoshima,True,2016,2016-03-27 00:00:00,2016-04-06 00:00:00,Not stated,2016-03-27,2016-04-06,86.0,96.0,10.0,True,False,False,True,True,31.555,130.5467,9.582758620689654,13.32258064516129,11.452669632925472,JMA daily observed
Miyazaki,True,2016,2016-03-24 00:00:00,2016-04-05 00:00:00,Not stated,2016-03-24,2016-04-05,83.0,95.0,12.0,True,False,False,True,True,31.9383,131.4133,9.12758620689655,12.235483870967743,10.681535038932147,JMA daily observed
Wakkanai,True,2017,2017-05-09 00:00:00,2017-05-11 00:00:00,Sargent cherry (Prunus sargentii),2017-05-09,2017-05-11,129.0,131.0,2.0,False,False,False,True,True,45.415,141.6783,-3.0142857142857147,-0.37741935483870964,-1.6958525345622122,JMA daily observed
Asahikawa,True,2017,2017-05-03 00:00:00,2017-05-05 00:00:00,Sargent cherry (Prunus sargentii),2017-05-03,2017-05-05,123.0,125.0,2.0,False,False,False,True,True,43.7567,142.3717,-5.125,-1.2322580645161292,-3.1786290322580646,JMA daily observed
Aomori,True,2017,2017-04-17 00:00:00,2017-04-21 00:00:00,Not stated,2017-04-17,2017-04-21,107.0,111.0,4.0,True,False,False,True,True,40.8217,140.7683,0.18214285714285716,2.5870967741935487,1.384619815668203,JMA daily observed
Akita,True,2017,2017-04-16 00:00:00,2017-04-19 00:00:00,Not stated,2017-04-16,2017-04-19,106.0,109.0,3.0,True,False,False,True,True,39.7167,140.0983,1.2678571428571428,3.9225806451612906,2.595218894009217,JMA daily observed
Yamagata,True,2017,2017-04-14 00:00:00,2017-04-17 00:00:00,Not stated,2017-04-14,2017-04-17,104.0,107.0,3.0,True,False,False,True,True,38.255,140.345,1.0607142857142857,3.609677419354839,2.335195852534562,JMA daily observed
Nagano,True,2017,2017-04-14 00:00:00,2017-04-17 00:00:00,Not stated,2017-04-14,2017-04-17,104.0,107.0,3.0,True,False,False,True,True,36.6617,138.1917,0.19642857142857145,3.6806451612903226,1.938536866359447,JMA daily observed
Fukui,True,2017,2017-04-05 00:00:00,2017-04-07 00:00:00,Not stated,2017-04-05,2017-04-07,95.0,97.0,2.0,True,False,False,True,True,36.055,136.2217,3.642857142857143,6.661290322580645,5.152073732718894,JMA daily observed
Shizuoka,True,2017,2017-04-02 00:00:00,2017-04-12 00:00:00,Not stated,2017-04-02,2017-04-12,92.0,102.0,10.0,True,False,False,True,True,34.975,138.4033,7.796428571428572,9.312903225806451,8.554665898617511,JMA daily observed
Matsue,True,2017,2017-04-01 00:00:00,2017-04-07 00:00:00,Not stated,2017-04-01,2017-04-07,91.0,97.0,6.0,True,False,False,True,True,35.4567,133.065,5.142857142857143,7.509677419354839,6.3262672811059915,JMA daily observed
Kyoto,True,2017,2017-03-31 00:00:00,2017-04-07 00:00:00,Not stated,2017-03-31,2017-04-07,90.0,97.0,7.0,True,False,False,True,True,35.0117,135.735,5.085714285714286,8.154838709677419,6.620276497695853,JMA daily observed
Kobe,True,2017,2017-04-03 00:00:00,2017-04-10 00:00:00,Not stated,2017-04-03,2017-04-10,93.0,100.0,7.0,True,False,False,True,True,34.6967,135.2117,6.421428571428572,9.174193548387096,7.7978110599078345,JMA daily observed
Osaka,True,2017,2017-03-30 00:00:00,2017-04-06 00:00:00,Not stated,2017-03-30,2017-04-06,89.0,96.0,7.0,True,False,False,True,True,34.6817,135.5183,6.253571428571428,9.2,7.726785714285714,JMA daily observed
Nara,True,2017,2017-04-03 00:00:00,2017-04-08 00:00:00,Not stated,2017-04-03,2017-04-08,93.0,98.0,5.0,True,False,False,True,True,34.6733,135.8317,4.378571428571428,7.63448275862069,6.006527093596059,JMA daily observed
Kochi,True,2017,2017-03-29 00:00:00,2017-04-06 00:00:00,Not stated,2017-03-29,2017-04-06,88.0,96.0,8.0,True,False,False,True,True,33.5667,133.5483,7.482142857142857,10.23225806451613,8.857200460829493,JMA daily observed
Fukuoka,True,2017,2017-03-25 00:00:00,2017-04-05 00:00:00,Not stated,2017-03-25,2017-04-05,84.0,95.0,11.0,True,False,False,True,True,33.5817,130.3767,8.275,10.480645161290322,9.377822580645162,JMA daily observed
Oita,True,2017,2017-04-04 00:00:00,2017-04-13 00:00:00,Not stated,2017-04-04,2017-04-13,94.0,103.0,9.0,True,False,False,True,True,33.235,131.6183,7.4750000000000005,9.422580645161291,8.448790322580646,JMA daily observed
Kagoshima,True,2017,2017-04-05 00:00:00,2017-04-15 00:00:00,Not stated,2017-04-05,2017-04-15,95.0,105.0,10.0,True,False,False,True,True,31.555,130.5467,9.228571428571428,11.567741935483872,10.39815668202765,JMA daily observed
Miyazaki,True,2017,2017-04-02 00:00:00,2017-04-09 00:00:00,Not stated,2017-04-02,2017-04-09,92.0,99.0,7.0,True,False,False,True,True,31.9383,131.4133,8.667857142857143,10.619354838709677,9.64360599078341,JMA daily observed
Wakkanai,True,2018,2018-05-12 00:00:00,2018-05-15 00:00:00,Sargent cherry (Prunus sargentii),2018-05-12,2018-05-15,132.0,135.0,3.0,False,False,False,True,True,45.415,141.6783,-5.257142857142857,0.12258064516129032,-2.567281105990783,JMA daily observed
Asahikawa,True,2018,2018-04-30 00:00:00,2018-05-01 00:00:00,Sargent cherry (Prunus sargentii),2018-04-30,2018-05-01,120.0,121.0,1.0,False,False,False,True,True,43.7567,142.3717,-7.667857142857143,-0.11935483870967749,-3.89360599078341,JMA daily observed
Aomori,True,2018,2018-04-19 00:00:00,2018-04-22 00:00:00,Not stated,2018-04-19,2018-04-22,109.0,112.0,3.0,True,False,False,True,True,40.8217,140.7683,-1.9321428571428572,4.593548387096774,1.3307027649769587,JMA daily observed
Akita,True,2018,2018-04-17 00:00:00,2018-04-20 00:00:00,Not stated,2018-04-17,2018-04-20,107.0,110.0,3.0,True,False,False,True,True,39.7167,140.0983,-0.8607142857142858,5.241935483870968,2.190610599078341,JMA daily observed
Yamagata,True,2018,2018-04-04 00:00:00,2018-04-11 00:00:00,Not stated,2018-04-04,2018-04-11,94.0,101.0,7.0,True,False,False,True,True,38.255,140.345,-1.032142857142857,5.783870967741936,2.375864055299539,JMA daily observed
Nagano,True,2018,2018-04-02 00:00:00,2018-04-06 00:00:00,Not stated,2018-04-02,2018-04-06,92.0,96.0,4.0,True,False,False,True,True,36.6617,138.1917,-0.22499999999999995,6.245161290322581,3.0100806451612905,JMA daily observed
Fukui,True,2018,2018-03-29 00:00:00,2018-04-02 00:00:00,Not stated,2018-03-29,2018-04-02,88.0,92.0,4.0,True,False,False,True,True,36.055,136.2217,1.6821428571428572,8.570967741935483,5.12655529953917,JMA daily observed
Shizuoka,True,2018,2018-03-18 00:00:00,2018-03-27 00:00:00,Not stated,2018-03-18,2018-03-27,77.0,86.0,9.0,True,False,False,True,True,34.975,138.4033,6.692857142857143,12.574193548387097,9.63352534562212,JMA daily observed
Matsue,True,2018,2018-03-26 00:00:00,2018-03-29 00:00:00,Not stated,2018-03-26,2018-03-29,85.0,88.0,3.0,True,False,False,True,True,35.4567,133.065,3.257142857142857,9.183870967741935,6.220506912442396,JMA daily observed
Kyoto,True,2018,2018-03-22 00:00:00,2018-03-28 00:00:00,Not stated,2018-03-22,2018-03-28,81.0,87.0,6.0,True,False,False,True,True,35.0117,135.735,4.446428571428571,10.94516129032258,7.695794930875576,JMA daily observed
Kobe,True,2018,2018-03-23 00:00:00,2018-03-29 00:00:00,Not stated,2018-03-23,2018-03-29,82.0,88.0,6.0,True,False,False,True,True,34.6967,135.2117,5.310714285714285,11.425806451612903,8.368260368663595,JMA daily observed
Osaka,True,2018,2018-03-20 00:00:00,2018-03-26 00:00:00,Not stated,2018-03-20,2018-03-26,79.0,85.0,6.0,True,False,False,True,True,34.6817,135.5183,5.346428571428571,11.506451612903225,8.426440092165898,JMA daily observed
Nara,True,2018,2018-03-24 00:00:00,2018-03-29 00:00:00,Not stated,2018-03-24,2018-03-29,83.0,88.0,5.0,True,False,False,True,True,34.6733,135.8317,4.014285714285714,10.306451612903226,7.16036866359447,JMA daily observed
Kochi,True,2018,2018-03-15 00:00:00,2018-03-19 00:00:00,Not stated,2018-03-15,2018-03-19,74.0,78.0,4.0,True,False,False,True,True,33.5667,133.5483,5.803571428571429,12.86774193548387,9.33565668202765,JMA daily observed
Fukuoka,True,2018,2018-03-19 00:00:00,2018-03-27 00:00:00,Not stated,2018-03-19,2018-03-27,78.0,86.0,8.0,True,False,False,True,True,33.5817,130.3767,6.207142857142857,11.896774193548387,9.051958525345622,JMA daily observed
Oita,True,2018,2018-03-23 00:00:00,2018-03-30 00:00:00,Not stated,2018-03-23,2018-03-30,82.0,89.0,7.0,True,False,False,True,True,33.235,131.6183,5.564285714285715,10.916129032258064,8.24020737327189,JMA daily observed
Kagoshima,True,2018,2018-03-17 00:00:00,2018-03-29 00:00:00,Not stated,2018-03-17,2018-03-29,76.0,88.0,12.0,True,False,False,True,True,31.555,130.5467,8.157142857142857,14.52258064516129,11.339861751152073,JMA daily observed
Miyazaki,True,2018,2018-03-16 00:00:00,2018-03-26 00:00:00,Not stated,2018-03-16,2018-03-26,75.0,85.0,10.0,True,False,False,True,True,31.9383,131.4133,7.25,13.399999999999999,10.325,JMA daily observed
Wakkanai,True,2019,2019-05-07 00:00:00,2019-05-09 00:00:00,Sargent cherry (Prunus sargentii),2019-05-07,2019-05-09,127.0,129.0,2.0,False,False,False,True,True,45.415,141.6783,-4.485714285714286,0.07741935483870964,-2.204147465437788,JMA daily observed
Asahikawa,True,2019,2019-05-01 00:00:00,2019-05-04 00:00:00,Sargent cherry (Prunus sargentii),2019-05-01,2019-05-04,121.0,124.0,3.0,False,False,False,True,True,43.7567,142.3717,-5.785714285714286,-0.45806451612903226,-3.121889400921659,JMA daily observed
Aomori,True,2019,2019-04-18 00:00:00,2019-04-22 00:00:00,Not stated,2019-04-18,2019-04-22,108.0,112.0,4.0,True,False,False,True,True,40.8217,140.7683,0.024999999999999998,3.7903225806451615,1.9076612903225807,JMA daily observed
Akita,True,2019,2019-04-16 00:00:00,2019-04-20 00:00:00,Not stated,2019-04-16,2019-04-20,106.0,110.0,4.0,True,False,False,True,True,39.7167,140.0983,1.414814814814815,5.370967741935484,3.3928912783751493,JMA daily observed
Yamagata,True,2019,2019-04-12 00:00:00,2019-04-17 00:00:00,Not stated,2019-04-12,2019-04-17,102.0,107.0,5.0,True,False,False,True,True,38.255,140.345,1.6285714285714286,5.480645161290322,3.5546082949308753,JMA daily observed
Nagano,True,2019,2019-04-13 00:00:00,2019-04-18 00:00:00,Not stated,2019-04-13,2019-04-18,103.0,108.0,5.0,True,False,False,True,True,36.6617,138.1917,1.217857142857143,5.264516129032257,3.2411866359447004,JMA daily observed
Fukui,True,2019,2019-03-28 00:00:00,2019-04-05 00:00:00,Not stated,2019-03-28,2019-04-05,87.0,95.0,8.0,True,False,False,True,True,36.055,136.2217,5.292857142857143,8.40967741935484,6.851267281105991,JMA daily observed
Shizuoka,True,2019,2019-03-28 00:00:00,2019-04-06 00:00:00,Not stated,2019-03-28,2019-04-06,87.0,96.0,9.0,True,False,False,True,True,34.975,138.4033,9.592857142857143,11.82258064516129,10.707718894009217,JMA daily observed
Matsue,True,2019,2019-03-26 00:00:00,2019-04-01 00:00:00,Not stated,2019-03-26,2019-04-01,85.0,91.0,6.0,True,False,False,True,True,35.4567,133.065,6.442857142857143,8.951612903225806,7.6972350230414746,JMA daily observed
Kyoto,True,2019,2019-03-27 00:00:00,2019-04-06 00:00:00,Not stated,2019-03-27,2019-04-06,86.0,96.0,10.0,True,False,False,True,True,35.0117,135.735,6.903571428571429,9.616129032258065,8.259850230414747,JMA daily observed
Kobe,True,2019,2019-03-27 00:00:00,2019-04-06 00:00:00,Not stated,2019-03-27,2019-04-06,86.0,96.0,10.0,True,False,False,True,True,34.6967,135.2117,7.992857142857143,10.761290322580646,9.377073732718895,JMA daily observed
Osaka,True,2019,2019-03-27 00:00:00,2019-04-04 00:00:00,Not stated,2019-03-27,2019-04-04,86.0,94.0,8.0,True,False,False,True,True,34.6817,135.5183,7.757142857142857,10.619354838709677,9.188248847926268,JMA daily observed
Nara,True,2019,2019-03-29 00:00:00,2019-04-05 00:00:00,Not stated,2019-03-29,2019-04-05,88.0,95.0,7.0,True,False,False,True,True,34.6733,135.8317,6.260714285714286,9.151612903225805,7.706163594470046,JMA daily observed
Kochi,True,2019,2019-03-22 00:00:00,2019-03-29 00:00:00,Not stated,2019-03-22,2019-03-29,81.0,88.0,7.0,True,False,False,True,True,33.5667,133.5483,9.339285714285714,11.719354838709679,10.529320276497696,JMA daily observed
Fukuoka,True,2019,2019-03-21 00:00:00,2019-03-29 00:00:00,Not stated,2019-03-21,2019-03-29,80.0,88.0,8.0,True,False,False,True,True,33.5817,130.3767,9.435714285714285,11.896774193548387,10.666244239631336,JMA daily observed
Oita,True,2019,2019-03-24 00:00:00,2019-04-06 00:00:00,Not stated,2019-03-24,2019-04-06,83.0,96.0,13.0,True,False,False,True,True,33.235,131.6183,8.721428571428572,11.45483870967742,10.088133640552996,JMA daily observed
Kagoshima,True,2019,2019-03-25 00:00:00,2019-04-09 00:00:00,Not stated,2019-03-25,2019-04-09,84.0,99.0,15.0,True,False,False,True,True,31.555,130.5467,11.310714285714285,13.64516129032258,12.477937788018433,JMA daily observed
Miyazaki,True,2019,2019-03-22 00:00:00,2019-04-05 00:00:00,Not stated,2019-03-22,2019-04-05,81.0,95.0,14.0,True,False,False,True,True,31.9383,131.4133,10.49642857142857,12.938709677419356,11.717569124423964,JMA daily observed
Wakkanai,True,2020,2020-05-10 00:00:00,2020-05-12 00:00:00,Sargent cherry (Prunus sargentii),2020-05-10,2020-05-12,130.0,132.0,2.0,False,False,False,True,True,45.415,141.6783,-4.175862068965517,1.1322580645161289,-1.5218020022246943,JMA daily observed
Asahikawa,True,2020,2020-05-03 00:00:00,2020-05-04 00:00:00,Sargent cherry (Prunus sargentii),2020-05-03,2020-05-04,123.0,124.0,1.0,False,False,False,True,True,43.7567,142.3717,-5.837931034482759,0.6290322580645161,-2.6044493882091215,JMA daily observed
Aomori,True,2020,2020-04-17 00:00:00,2020-04-21 00:00:00,Not stated,2020-04-17,2020-04-21,107.0,111.0,4.0,True,False,False,True,True,40.8217,140.7683,1.1620689655172414,5.090322580645162,3.126195773081202,JMA daily observed
Akita,True,2020,2020-04-08 00:00:00,2020-04-15 00:00:00,Not stated,2020-04-08,2020-04-15,98.0,105.0,7.0,True,False,False,True,True,39.7167,140.0983,2.4655172413793105,6.377419354838709,4.42146829810901,JMA daily observed
Yamagata,True,2020,2020-04-03 00:00:00,2020-04-09 00:00:00,Not stated,2020-04-03,2020-04-09,93.0,99.0,6.0,True,False,False,True,True,38.255,140.345,2.4586206896551723,6.116129032258065,4.287374860956619,JMA daily observed
Nagano,True,2020,2020-04-02 00:00:00,2020-04-13 00:00:00,Not stated,2020-04-02,2020-04-13,92.0,103.0,11.0,True,False,False,True,True,36.6617,138.1917,2.372413793103448,6.180645161290323,4.276529477196886,JMA daily observed
Fukui,True,2020,2020-03-25 00:00:00,2020-03-31 00:00:00,Not stated,2020-03-25,2020-03-31,84.0,90.0,6.0,True,False,False,True,True,36.055,136.2217,5.868965517241379,8.793548387096775,7.331256952169078,JMA daily observed
Shizuoka,True,2020,2020-03-27 00:00:00,2020-04-07 00:00:00,Not stated,2020-03-27,2020-04-07,86.0,97.0,11.0,True,False,False,True,True,34.975,138.4033,9.417241379310346,12.167741935483871,10.792491657397107,JMA daily observed
Matsue,True,2020,2020-03-23 00:00:00,2020-03-30 00:00:00,Not stated,2020-03-23,2020-03-30,82.0,89.0,7.0,True,False,False,True,True,35.4567,133.065,6.358620689655172,9.774193548387096,8.066407119021134,JMA daily observed
Kyoto,True,2020,2020-03-22 00:00:00,2020-03-30 00:00:00,Not stated,2020-03-22,2020-03-30,81.0,89.0,8.0,True,False,False,True,True,35.0117,135.735,6.868965517241379,10.612903225806452,8.740934371523915,JMA daily observed
Kobe,True,2020,2020-03-26 00:00:00,2020-04-03 00:00:00,Not stated,2020-03-26,2020-04-03,85.0,93.0,8.0,True,False,False,True,True,34.6967,135.2117,8.210344827586207,11.432258064516128,9.821301446051168,JMA daily observed
Osaka,True,2020,2020-03-23 00:00:00,2020-04-03 00:00:00,Not stated,2020-03-23,2020-04-03,82.0,93.0,11.0,True,False,False,True,True,34.6817,135.5183,7.955172413793103,11.364516129032259,9.65984427141268,JMA daily observed
Nara,True,2020,2020-03-26 00:00:00,2020-04-03 00:00:00,Not stated,2020-03-26,2020-04-03,85.0,93.0,8.0,True,False,False,True,True,34.6733,135.8317,6.306896551724138,10.016129032258064,8.1615127919911,JMA daily observed
Kochi,True,2020,2020-03-24 00:00:00,2020-04-02 00:00:00,Not stated,2020-03-24,2020-04-02,83.0,92.0,9.0,True,False,False,True,True,33.5667,133.5483,9.03793103448276,12.3,10.66896551724138,JMA daily observed
Fukuoka,True,2020,2020-03-21 00:00:00,2020-04-02 00:00:00,Not stated,2020-03-21,2020-04-02,80.0,92.0,12.0,True,False,False,True,True,33.5817,130.3767,9.679310344827586,12.374193548387098,11.026751946607341,JMA daily observed
Oita,True,2020,2020-03-25 00:00:00,2020-04-08 00:00:00,Not stated,2020-03-25,2020-04-08,84.0,98.0,14.0,True,False,False,True,True,33.235,131.6183,8.741379310344827,11.519354838709678,10.130367074527253,JMA daily observed
Kagoshima,True,2020,2020-04-01 00:00:00,2020-04-19 00:00:00,Not stated,2020-04-01,2020-04-19,91.0,109.0,18.0,True,False,False,True,True,31.555,130.5467,11.424137931034483,14.038709677419355,12.73142380422692,JMA daily observed
Miyazaki,True,2020,2020-03-25 00:00:00,2020-04-08 00:00:00,Not stated,2020-03-25,2020-04-08,84.0,98.0,14.0,True,False,False,True,True,31.9383,131.4133,10.441379310344828,13.406451612903227,11.923915461624027,JMA daily observed
Wakkanai,True,2021,2021-05-08 00:00:00,2021-05-11 00:00:00,Sargent cherry (Prunus sargentii),2021-05-08,2021-05-11,128.0,131.0,3.0,False,False,False,True,True,45.415,141.6783,-3.542857142857143,1.3838709677419354,-1.0794930875576039,JMA daily observed
Asahikawa,True,2021,2021-04-29 00:00:00,2021-05-03 00:00:00,Sargent cherry (Prunus sargentii),2021-04-29,2021-05-03,119.0,123.0,4.0,False,False,False,True,True,43.7567,142.3717,-5.139285714285714,1.1741935483870969,-1.9825460829493087,JMA daily observed
Aomori,True,2021,2021-04-13 00:00:00,2021-04-17 00:00:00,Not stated,2021-04-13,2021-04-17,103.0,107.0,4.0,True,False,False,True,True,40.8217,140.7683,-0.6821428571428572,5.422580645161291,2.370218894009217,JMA daily observed
Akita,True,2021,2021-04-04 00:00:00,2021-04-07 00:00:00,Not stated,2021-04-04,2021-04-07,94.0,97.0,3.0,True,False,False,True,True,39.7167,140.0983,1.6535714285714287,6.463333333333334,4.058452380952382,JMA daily observed
Yamagata,True,2021,2021-04-02 00:00:00,2021-04-05 00:00:00,Not stated,2021-04-02,2021-04-05,92.0,95.0,3.0,True,False,False,True,True,38.255,140.345,1.2142857142857142,6.47741935483871,3.845852534562212,JMA daily observed
Nagano,True,2021,2021-03-29 00:00:00,2021-04-01 00:00:00,Not stated,2021-03-29,2021-04-01,88.0,91.0,3.0,True,False,False,True,True,36.6617,138.1917,2.064285714285714,7.370967741935484,4.717626728110599,JMA daily observed
Fukui,True,2021,2021-03-22 00:00:00,2021-03-27 00:00:00,Not stated,2021-03-22,2021-03-27,81.0,86.0,5.0,True,False,False,True,True,36.055,136.2217,5.367857142857143,9.832258064516129,7.600057603686636,JMA daily observed
Shizuoka,True,2021,2021-03-20 00:00:00,2021-03-28 00:00:00,Not stated,2021-03-20,2021-03-28,79.0,87.0,8.0,True,False,False,True,True,34.975,138.4033,9.982142857142858,13.66,11.821071428571429,JMA daily observed
Matsue,True,2021,2021-03-14 00:00:00,2021-03-27 00:00:00,Not stated,2021-03-14,2021-03-27,73.0,86.0,13.0,True,False,False,True,True,35.4567,133.065,7.464285714285714,10.390322580645162,8.927304147465438,JMA daily observed
Kyoto,True,2021,2021-03-16 00:00:00,2021-03-26 00:00:00,Not stated,2021-03-16,2021-03-26,75.0,85.0,10.0,True,False,False,True,True,35.0117,135.735,7.7250000000000005,11.561290322580644,9.643145161290322,JMA daily observed
Kobe,True,2021,2021-03-24 00:00:00,2021-03-30 00:00:00,Not stated,2021-03-24,2021-03-30,83.0,89.0,6.0,True,False,False,True,True,34.6967,135.2117,8.810714285714285,12.306451612903226,10.558582949308756,JMA daily observed
Osaka,True,2021,2021-03-19 00:00:00,2021-03-28 00:00:00,Not stated,2021-03-19,2021-03-28,78.0,87.0,9.0,True,False,False,True,True,34.6817,135.5183,8.72857142857143,12.241935483870968,10.485253456221198,JMA daily observed
Nara,True,2021,2021-03-21 00:00:00,2021-03-30 00:00:00,Not stated,2021-03-21,2021-03-30,80.0,89.0,9.0,True,False,False,True,True,34.6733,135.8317,7.382142857142857,11.01290322580645,9.197523041474653,JMA daily observed
Kochi,True,2021,2021-03-15 00:00:00,2021-03-23 00:00:00,Not stated,2021-03-15,2021-03-23,74.0,82.0,8.0,True,False,False,True,True,33.5667,133.5483,9.557142857142859,13.906451612903227,11.731797235023043,JMA daily observed
Fukuoka,True,2021,2021-03-12 00:00:00,2021-03-22 00:00:00,Not stated,2021-03-12,2021-03-22,71.0,81.0,10.0,True,False,False,True,True,33.5817,130.3767,10.171428571428573,13.48709677419355,11.829262672811062,JMA daily observed
Oita,True,2021,2021-03-18 00:00:00,2021-03-30 00:00:00,Not stated,2021-03-18,2021-03-30,77.0,89.0,12.0,True,False,False,True,True,33.235,131.6183,9.317857142857141,12.570967741935483,10.944412442396313,JMA daily observed
Kagoshima,True,2021,2021-03-17 00:00:00,2021-03-30 00:00:00,Not stated,2021-03-17,2021-03-30,76.0,89.0,13.0,True,False,False,True,True,31.555,130.5467,12.096428571428572,15.616129032258064,13.856278801843317,JMA daily observed
Miyazaki,True,2021,2021-03-16 00:00:00,2021-03-29 00:00:00,Not stated,2021-03-16,2021-03-29,75.0,88.0,13.0,True,False,False,True,True,31.9383,131.4133,11.328571428571427,14.735483870967743,13.032027649769585,JMA daily observed
Wakkanai,True,2022,2022-05-06 00:00:00,2022-05-09 00:00:00,Sargent cherry (Prunus sargentii),2022-05-06,2022-05-09,126.0,129.0,3.0,False,False,False,True,True,45.415,141.6783,-3.4285714285714284,1.1774193548387097,-1.1255760368663594,JMA daily observed
Asahikawa,True,2022,2022-04-26 00:00:00,2022-04-28 00:00:00,Sargent cherry (Prunus sargentii),2022-04-26,2022-04-28,116.0,118.0,2.0,False,False,False,True,True,43.7567,142.3717,-5.560714285714285,0.5548387096774193,-2.502937788018433,JMA daily observed
Aomori,True,2022,2022-04-16 00:00:00,2022-04-20 00:00:00,Not stated,2022-04-16,2022-04-20,106.0,110.0,4.0,True,False,False,True,True,40.8217,140.7683,-0.8178571428571428,3.6700000000000004,1.4260714285714289,JMA daily observed
Akita,True,2022,2022-04-12 00:00:00,2022-04-16 00:00:00,Not stated,2022-04-12,2022-04-16,102.0,106.0,4.0,True,False,False,True,True,39.7167,140.0983,0.5642857142857143,4.8933333333333335,2.728809523809524,JMA daily observed
Yamagata,True,2022,2022-04-11 00:00:00,2022-04-13 00:00:00,Not stated,2022-04-11,2022-04-13,101.0,103.0,2.0,True,False,False,True,True,38.255,140.345,-0.14285714285714285,4.406451612903226,2.131797235023041,JMA daily observed
Nagano,True,2022,2022-04-09 00:00:00,2022-04-11 00:00:00,Not stated,2022-04-09,2022-04-11,99.0,101.0,2.0,True,False,False,True,True,36.6617,138.1917,-0.7035714285714285,5.616129032258065,2.456278801843318,JMA daily observed
Fukui,True,2022,2022-03-31 00:00:00,2022-04-06 00:00:00,Not stated,2022-03-31,2022-04-06,90.0,96.0,6.0,True,False,False,True,True,36.055,136.2217,2.6107142857142853,8.609677419354838,5.610195852534562,JMA daily observed
Shizuoka,True,2022,2022-03-21 00:00:00,2022-03-30 00:00:00,Not stated,2022-03-21,2022-03-30,80.0,89.0,9.0,True,False,False,True,True,34.975,138.4033,6.735714285714286,12.625806451612902,9.680760368663595,JMA daily observed
Matsue,True,2022,2022-03-26 00:00:00,2022-03-31 00:00:00,Not stated,2022-03-26,2022-03-31,85.0,90.0,5.0,True,False,False,True,True,35.4567,133.065,3.992857142857143,9.838709677419354,6.915783410138248,JMA daily observed
Kyoto,True,2022,2022-03-24 00:00:00,2022-03-30 00:00:00,Not stated,2022-03-24,2022-03-30,83.0,89.0,6.0,True,False,False,True,True,35.0117,135.735,4.475,10.490322580645161,7.48266129032258,JMA daily observed
Kobe,True,2022,2022-03-25 00:00:00,2022-04-01 00:00:00,Not stated,2022-03-25,2022-04-01,84.0,91.0,7.0,True,False,False,True,True,34.6967,135.2117,5.5928571428571425,11.480645161290322,8.536751152073732,JMA daily observed
Osaka,True,2022,2022-03-23 00:00:00,2022-03-30 00:00:00,Not stated,2022-03-23,2022-03-30,82.0,89.0,7.0,True,False,False,True,True,34.6817,135.5183,5.5321428571428575,11.380645161290323,8.45639400921659,JMA daily observed
Nara,True,2022,2022-03-25 00:00:00,2022-03-31 00:00:00,Not stated,2022-03-25,2022-03-31,84.0,90.0,6.0,True,False,False,True,True,34.6733,135.8317,3.9714285714285715,10.077419354838709,7.02442396313364,JMA daily observed
Kochi,True,2022,2022-03-19 00:00:00,2022-03-27 00:00:00,Not stated,2022-03-19,2022-03-27,78.0,86.0,8.0,True,False,False,True,True,33.5667,133.5483,6.364285714285714,12.783870967741937,9.574078341013825,JMA daily observed
Fukuoka,True,2022,2022-03-17 00:00:00,2022-03-27 00:00:00,Not stated,2022-03-17,2022-03-27,76.0,86.0,10.0,True,False,False,True,True,33.5817,130.3767,6.321428571428571,12.703225806451613,9.512327188940091,JMA daily observed
Oita,True,2022,2022-03-23 00:00:00,2022-04-01 00:00:00,Not stated,2022-03-23,2022-04-01,82.0,91.0,9.0,True,False,False,True,True,33.235,131.6183,5.864285714285714,11.961290322580645,8.91278801843318,JMA daily observed
Kagoshima,True,2022,2022-03-20 00:00:00,2022-04-01 00:00:00,Not stated,2022-03-20,2022-04-01,79.0,91.0,12.0,True,False,False,True,True,31.555,130.5467,8.314285714285715,14.361290322580645,11.33778801843318,JMA daily observed
Miyazaki,True,2022,2022-03-18 00:00:00,2022-03-28 00:00:00,Not stated,2022-03-18,2022-03-28,77.0,87.0,10.0,True,False,False,True,True,31.9383,131.4133,7.685714285714285,13.551612903225807,10.618663594470046,JMA daily observed
Wakkanai,True,2023,2023-05-03 00:00:00,2023-05-05 00:00:00,Sargent cherry (Prunus sargentii),2023-05-03,2023-05-05,123.0,125.0,2.0,False,False,False,True,True,45.415,141.6783,-4.692592592592593,3.148387096774193,-0.7721027479092,JMA daily observed
Asahikawa,True,2023,2023-04-25 00:00:00,2023-04-28 00:00:00,Sargent cherry (Prunus sargentii),2023-04-25,2023-04-28,115.0,118.0,3.0,False,False,False,True,True,43.7567,142.3717,-6.339285714285714,2.4645161290322584,-1.937384792626728,JMA daily observed
Aomori,True,2023,2023-04-07 00:00:00,2023-04-11 00:00:00,Not stated,2023-04-07,2023-04-11,97.0,101.0,4.0,True,False,False,True,True,40.8217,140.7683,-0.0142857142857143,5.8999999999999995,2.9428571428571426,JMA daily observed
Akita,True,2023,2023-04-04 00:00:00,2023-04-07 00:00:00,Not stated,2023-04-04,2023-04-07,94.0,97.0,3.0,True,False,False,True,True,39.7167,140.0983,0.925,7.509677419354839,4.21733870967742,JMA daily observed
Yamagata,True,2023,2023-03-31 00:00:00,2023-04-05 00:00:00,Not stated,2023-03-31,2023-04-05,90.0,95.0,5.0,True,False,False,True,True,38.255,140.345,0.6821428571428572,7.361290322580645,4.021716589861751,JMA daily observed
Nagano,True,2023,2023-03-28 00:00:00,2023-04-03 00:00:00,Not stated,2023-03-28,2023-04-03,87.0,93.0,6.0,True,False,False,True,True,36.6617,138.1917,1.0214285714285716,8.258064516129032,4.639746543778802,JMA daily observed
Fukui,True,2023,2023-03-22 00:00:00,2023-03-27 00:00:00,Not stated,2023-03-22,2023-03-27,81.0,86.0,5.0,True,False,False,True,True,36.055,136.2217,3.9214285714285713,10.696774193548388,7.309101382488479,JMA daily observed
Shizuoka,True,2023,2023-03-19 00:00:00,2023-03-29 00:00:00,Not stated,2023-03-19,2023-03-29,78.0,88.0,10.0,True,False,False,True,True,34.975,138.4033,9.164285714285715,13.838709677419354,11.501497695852535,JMA daily observed
Matsue,True,2023,2023-03-20 00:00:00,2023-03-27 00:00:00,Not stated,2023-03-20,2023-03-27,79.0,86.0,7.0,True,False,False,True,True,35.4567,133.065,5.735714285714286,10.948387096774193,8.34205069124424,JMA daily observed
Kyoto,True,2023,2023-03-17 00:00:00,2023-03-24 00:00:00,Not stated,2023-03-17,2023-03-24,76.0,83.0,7.0,True,False,False,True,True,35.0117,135.735,6.039285714285714,12.26774193548387,9.153513824884792,JMA daily observed
Kobe,True,2023,2023-03-24 00:00:00,2023-03-31 00:00:00,Not stated,2023-03-24,2023-03-31,83.0,90.0,7.0,True,False,False,True,True,34.6967,135.2117,7.2178571428571425,12.951612903225806,10.084735023041475,JMA daily observed
Osaka,True,2023,2023-03-19 00:00:00,2023-03-27 00:00:00,Not stated,2023-03-19,2023-03-27,78.0,86.0,8.0,True,False,False,True,True,34.6817,135.5183,7.042857142857143,13.025806451612903,10.034331797235023,JMA daily observed
Nara,True,2023,2023-03-20 00:00:00,2023-03-27 00:00:00,Not stated,2023-03-20,2023-03-27,79.0,86.0,7.0,True,False,False,True,True,34.6733,135.8317,5.392857142857143,11.567741935483872,8.480299539170508,JMA daily observed
Kochi,True,2023,2023-03-17 00:00:00,2023-03-24 00:00:00,Not stated,2023-03-17,2023-03-24,76.0,83.0,7.0,True,False,False,True,True,33.5667,133.5483,8.471428571428572,13.751612903225807,11.11152073732719,JMA daily observed
Fukuoka,True,2023,2023-03-18 00:00:00,2023-03-26 00:00:00,Not stated,2023-03-18,2023-03-26,77.0,85.0,8.0,True,False,False,True,True,33.5817,130.3767,8.960714285714285,13.596774193548388,11.278744239631337,JMA daily observed
Oita,True,2023,2023-03-24 00:00:00,2023-04-03 00:00:00,Not stated,2023-03-24,2023-04-03,83.0,93.0,10.0,True,False,False,True,True,33.235,131.6183,8.089285714285714,12.351612903225806,10.22044930875576,JMA daily observed
Kagoshima,True,2023,2023-03-24 00:00:00,2023-04-05 00:00:00,Not stated,2023-03-24,2023-04-05,83.0,95.0,12.0,True,False,False,True,True,31.555,130.5467,11.546428571428573,15.12258064516129,13.334504608294932,JMA daily observed
Miyazaki,True,2023,2023-03-19 00:00:00,2023-03-30 00:00:00,Not stated,2023-03-19,2023-03-30,78.0,89.0,11.0,True,False,False,True,True,31.9383,131.4133,10.057142857142859,14.13225806451613,12.094700460829493,JMA daily observed
Wakkanai,True,2024,2024-05-01 00:00:00,2024-05-04 00:00:00,Sargent cherry (Prunus sargentii),2024-05-01,2024-05-04,121.0,124.0,3.0,False,False,False,True,True,45.415,141.6783,-3.875,-0.164516129032258,-2.019758064516129,JMA daily observed
Asahikawa,True,2024,2024-04-24 00:00:00,2024-04-26 00:00:00,Sargent cherry (Prunus sargentii),2024-04-24,2024-04-26,114.0,116.0,2.0,False,False,False,True,True,43.7567,142.3717,-5.5344827586206895,-1.9225806451612903,-3.72853170189099,JMA daily observed
Aomori,True,2024,2024-04-15 00:00:00,2024-04-18 00:00:00,Not stated,2024-04-15,2024-04-18,105.0,108.0,3.0,True,False,False,True,True,40.8217,140.7683,1.2724137931034483,3.148387096774193,2.210400444938821,JMA daily observed
Akita,True,2024,2024-04-10 00:00:00,2024-04-14 00:00:00,Not stated,2024-04-10,2024-04-14,100.0,104.0,4.0,True,False,False,True,True,39.7167,140.0983,2.9827586206896552,4.038709677419355,3.510734149054505,JMA daily observed
Yamagata,True,2024,2024-04-07 00:00:00,2024-04-10 00:00:00,Not stated,2024-04-07,2024-04-10,97.0,100.0,3.0,True,False,False,True,True,38.255,140.345,3.013793103448276,3.966666666666667,3.490229885057471,JMA daily observed
Nagano,True,2024,2024-04-08 00:00:00,2024-04-13 00:00:00,Not stated,2024-04-08,2024-04-13,98.0,103.0,5.0,True,False,False,True,True,36.6617,138.1917,2.503448275862069,4.041935483870968,3.2726918798665183,JMA daily observed
Fukui,True,2024,2024-04-01 00:00:00,2024-04-06 00:00:00,Not stated,2024-04-01,2024-04-06,91.0,96.0,5.0,True,False,False,True,True,36.055,136.2217,6.075862068965517,7.148387096774194,6.612124582869855,JMA daily observed
Shizuoka,True,2024,2024-03-30 00:00:00,2024-04-08 00:00:00,Not stated,2024-03-30,2024-04-08,89.0,98.0,9.0,True,False,False,True,True,34.975,138.4033,10.117241379310345,11.067741935483872,10.592491657397108,JMA daily observed
Matsue,True,2024,2024-03-28 00:00:00,2024-04-03 00:00:00,Not stated,2024-03-28,2024-04-03,87.0,93.0,6.0,True,False,False,True,True,35.4567,133.065,7.020689655172413,8.670967741935485,7.845828698553949,JMA daily observed
Kyoto,True,2024,2024-03-29 00:00:00,2024-04-05 00:00:00,Not stated,2024-03-29,2024-04-05,88.0,95.0,7.0,True,False,False,True,True,35.0117,135.735,7.596551724137932,8.703225806451613,8.149888765294772,JMA daily observed
Kobe,True,2024,2024-04-01 00:00:00,2024-04-07 00:00:00,Not stated,2024-04-01,2024-04-07,91.0,97.0,6.0,True,False,False,True,True,34.6967,135.2117,8.713793103448275,9.72258064516129,9.218186874304783,JMA daily observed
Osaka,True,2024,2024-03-30 00:00:00,2024-04-06 00:00:00,Not stated,2024-03-30,2024-04-06,89.0,96.0,7.0,True,False,False,True,True,34.6817,135.5183,8.389655172413793,9.519354838709678,8.954505005561735,JMA daily observed
Nara,True,2024,2024-03-31 00:00:00,2024-04-08 00:00:00,Not stated,2024-03-31,2024-04-08,90.0,98.0,8.0,True,False,False,True,True,34.6733,135.8317,6.927586206896552,8.274193548387096,7.6008898776418246,JMA daily observed
Kochi,True,2024,2024-03-23 00:00:00,2024-03-31 00:00:00,Not stated,2024-03-23,2024-03-31,82.0,90.0,8.0,True,False,False,True,True,33.5667,133.5483,10.5,11.341935483870968,10.920967741935485,JMA daily observed
Fukuoka,True,2024,2024-03-27 00:00:00,2024-04-02 00:00:00,Not stated,2024-03-27,2024-04-02,86.0,92.0,6.0,True,False,False,True,True,33.5817,130.3767,9.944827586206896,11.53225806451613,10.738542825361513,JMA daily observed
Oita,True,2024,2024-03-30 00:00:00,2024-04-05 00:00:00,Not stated,2024-03-30,2024-04-05,89.0,95.0,6.0,True,False,False,True,True,33.235,131.6183,9.299999999999999,10.96774193548387,10.133870967741935,JMA daily observed
Kagoshima,True,2024,2024-03-29 00:00:00,2024-04-12 00:00:00,Not stated,2024-03-29,2024-04-12,88.0,102.0,14.0,True,False,False,True,True,31.555,130.5467,13.53103448275862,13.589655172413794,13.560344827586206,JMA daily observed
Miyazaki,True,2024,2024-03-25 00:00:00,2024-04-03 00:00:00,Not stated,2024-03-25,2024-04-03,84.0,93.0,9.0,True,False,False,True,True,31.9383,131.4133,12.182758620689656,13.096774193548388,12.639766407119023,JMA daily observed
