Site Name,Currently Being Observed,Year,First_Bloom_Date,Full_Bloom_Date,Species,First_DT,Full_DT,First_DOY,Full_DOY,Duration_Days,Species_Assumption,Species_Change_Flag,Zero_Duration_Flag,Main_Analysis_Eligible,Trend_Analysis_Eligible,Latitude,Longitude,Feb_Temp,Mar_Temp,Feb_Mar_Temp,Temperature_Source
Wakkanai,True,1953,1953-05-21 00:00:00,1953-05-30 00:00:00,Sargent cherry (Prunus sargentii),1953-05-21,1953-05-30,141.0,150.0,9.0,False,False,False,True,True,45.415,141.6783,-7.353571428571429,-1.4806451612903226,-4.417108294930876,Open-Meteo archive
Asahikawa,True,1953,1953-05-11 00:00:00,1953-05-16 00:00:00,Sargent cherry (Prunus sargentii),1953-05-11,1953-05-16,131.0,136.0,5.0,False,False,False,True,True,43.7567,142.3717,-11.125,-3.206451612903226,-7.165725806451613,Open-Meteo archive
Iwamizawa,False,1953,1953-05-09 00:00:00,1953-05-11 00:00:00,Sargent cherry (Prunus sargentii),1953-05-09,1953-05-11,129.0,131.0,2.0,False,False,False,True,True,43.2117,141.785,-9.332142857142856,-2.109677419354839,-5.720910138248847,Open-Meteo archive
Urakawa,False,1953,1953-05-09 00:00:00,1953-05-14 00:00:00,Sargent cherry (Prunus sargentii),1953-05-09,1953-05-14,129.0,134.0,5.0,False,False,False,True,True,42.1617,142.7767,-6.421428571428572,-0.4419354838709677,-3.43168202764977,Open-Meteo archive
Akita,True,1953,1953-04-22 00:00:00,1953-04-29 00:00:00,Not stated,1953-04-22,1953-04-29,112.0,119.0,7.0,True,False,False,True,True,39.7167,140.0983,-1.8857142857142857,3.0290322580645164,0.5716589861751153,Open-Meteo archive
Yamagata,True,1953,1953-04-19 00:00:00,1953-04-27 00:00:00,Not stated,1953-04-19,1953-04-27,109.0,117.0,8.0,True,False,False,True,True,38.255,140.345,-3.025,1.7935483870967743,-0.6157258064516128,Open-Meteo archive
Nagano,True,1953,1953-04-17 00:00:00,1953-04-24 00:00:00,Not stated,1953-04-17,1953-04-24,107.0,114.0,7.0,True,False,False,True,True,36.6617,138.1917,-2.3642857142857143,2.261290322580645,-0.05149769585253461,Open-Meteo archive
Fukui,True,1953,1953-04-07 00:00:00,1953-04-12 00:00:00,Not stated,1953-04-07,1953-04-12,97.0,102.0,5.0,True,False,False,True,True,36.055,136.2217,2.0892857142857144,6.732258064516128,4.410771889400921,Open-Meteo archive
Shizuoka,True,1953,1953-03-25 00:00:00,1953-04-02 00:00:00,Not stated,1953-03-25,1953-04-02,84.0,92.0,8.0,True,False,False,True,True,34.975,138.4033,5.132142857142857,9.638709677419357,7.385426267281106,Open-Meteo archive
Matsue,True,1953,1953-04-02 00:00:00,1953-04-09 00:00:00,Not stated,1953-04-02,1953-04-09,92.0,99.0,7.0,True,False,False,True,True,35.4567,133.065,5.460714285714286,8.761290322580646,7.1110023041474655,Open-Meteo archive
Kyoto,True,1953,1953-04-05 00:00:00,1953-04-11 00:00:00,Not stated,1953-04-05,1953-04-11,95.0,101.0,6.0,True,False,False,True,True,35.0117,135.735,3.2785714285714285,7.803225806451613,5.540898617511521,Open-Meteo archive
Kobe,True,1953,1953-04-04 00:00:00,1953-04-09 00:00:00,Not stated,1953-04-04,1953-04-09,94.0,99.0,5.0,True,False,False,True,True,34.6967,135.2117,4.639285714285714,9.029032258064516,6.834158986175115,Open-Meteo archive
Fukuoka,True,1953,1953-03-28 00:00:00,1953-04-05 00:00:00,Not stated,1953-03-28,1953-04-05,87.0,95.0,8.0,True,False,False,True,True,33.5817,130.3767,5.503571428571428,9.319354838709677,7.411463133640552,Open-Meteo archive
Oita,True,1953,1953-03-26 00:00:00,1953-04-06 00:00:00,Not stated,1953-03-26,1953-04-06,85.0,96.0,11.0,True,False,False,True,True,33.235,131.6183,5.560714285714285,9.248387096774191,7.404550691244238,Open-Meteo archive
Kagoshima,True,1953,1953-03-29 00:00:00,1953-04-08 00:00:00,Not stated,1953-03-29,1953-04-08,88.0,98.0,10.0,True,False,False,True,True,31.555,130.5467,8.296428571428573,11.403225806451612,9.849827188940093,Open-Meteo archive
Wakkanai,True,1954,1954-05-17 00:00:00,1954-05-27 00:00:00,Sargent cherry (Prunus sargentii),1954-05-17,1954-05-27,137.0,147.0,10.0,False,False,False,True,True,45.415,141.6783,-4.639285714285714,-3.0064516129032257,-3.8228686635944698,Open-Meteo archive
Asahikawa,True,1954,1954-05-13 00:00:00,1954-05-18 00:00:00,Sargent cherry (Prunus sargentii),1954-05-13,1954-05-18,133.0,138.0,5.0,False,False,False,True,True,43.7567,142.3717,-6.917857142857143,-4.964516129032258,-5.9411866359447005,Open-Meteo archive
Iwamizawa,False,1954,1954-05-06 00:00:00,1954-05-09 00:00:00,Sargent cherry (Prunus sargentii),1954-05-06,1954-05-09,126.0,129.0,3.0,False,False,False,True,True,43.2117,141.785,-5.735714285714286,-3.658064516129032,-4.696889400921659,Open-Meteo archive
Urakawa,False,1954,1954-05-07 00:00:00,1954-05-13 00:00:00,Sargent cherry (Prunus sargentii),1954-05-07,1954-05-13,127.0,133.0,6.0,False,False,False,True,True,42.1617,142.7767,-3.6607142857142856,-1.9806451612903224,-2.820679723502304,Open-Meteo archive
Akita,True,1954,1954-04-17 00:00:00,1954-04-22 00:00:00,Not stated,1954-04-17,1954-04-22,107.0,112.0,5.0,True,False,False,True,True,39.7167,140.0983,0.3607142857142857,2.009677419354839,1.1851958525345623,Open-Meteo archive
Yamagata,True,1954,1954-04-13 00:00:00,1954-04-18 00:00:00,Not stated,1954-04-13,1954-04-18,103.0,108.0,5.0,True,False,False,True,True,38.255,140.345,-1.5214285714285716,0.5645161290322581,-0.47845622119815673,Open-Meteo archive
Nagano,True,1954,1954-04-07 00:00:00,1954-04-13 00:00:00,Not stated,1954-04-07,1954-04-13,97.0,103.0,6.0,True,False,False,True,True,36.6617,138.1917,-1.4464285714285714,1.0193548387096774,-0.21353686635944702,Open-Meteo archive
Fukui,True,1954,1954-04-02 00:00:00,1954-04-06 00:00:00,Not stated,1954-04-02,1954-04-06,92.0,96.0,4.0,True,False,False,True,True,36.055,136.2217,3.392857142857143,6.096774193548387,4.744815668202765,Open-Meteo archive
Shizuoka,True,1954,1954-03-27 00:00:00,1954-04-03 00:00:00,Not stated,1954-03-27,1954-04-03,86.0,93.0,7.0,True,False,False,True,True,34.975,138.4033,6.403571428571429,8.629032258064516,7.516301843317972,Open-Meteo archive
Matsue,True,1954,1954-03-31 00:00:00,1954-04-03 00:00:00,Not stated,1954-03-31,1954-04-03,90.0,93.0,3.0,True,False,False,True,True,35.4567,133.065,6.682142857142857,8.05483870967742,7.368490783410138,Open-Meteo archive
Kyoto,True,1954,1954-03-29 00:00:00,1954-04-05 00:00:00,Not stated,1954-03-29,1954-04-05,88.0,95.0,7.0,True,False,False,True,True,35.0117,135.735,4.482142857142857,6.845161290322581,5.6636520737327185,Open-Meteo archive
Kobe,True,1954,1954-03-28 00:00:00,1954-04-04 00:00:00,Not stated,1954-03-28,1954-04-04,87.0,94.0,7.0,True,False,False,True,True,34.6967,135.2117,6.007142857142857,7.925806451612903,6.96647465437788,Open-Meteo archive
Nara,True,1954,1954-03-27 00:00:00,1954-04-04 00:00:00,Not stated,1954-03-27,1954-04-04,86.0,94.0,8.0,True,False,False,True,True,34.6733,135.8317,4.307142857142857,6.651612903225806,5.479377880184332,Open-Meteo archive
Fukuoka,True,1954,1954-03-28 00:00:00,1954-04-08 00:00:00,Not stated,1954-03-28,1954-04-08,87.0,98.0,11.0,True,False,False,True,True,33.5817,130.3767,6.753571428571428,8.483870967741936,7.618721198156682,Open-Meteo archive
Oita,True,1954,1954-03-27 00:00:00,1954-04-03 00:00:00,Not stated,1954-03-27,1954-04-03,86.0,93.0,7.0,True,False,False,True,True,33.235,131.6183,6.589285714285714,8.483870967741936,7.536578341013826,Open-Meteo archive
Kagoshima,True,1954,1954-03-31 00:00:00,1954-04-08 00:00:00,Not stated,1954-03-31,1954-04-08,90.0,98.0,8.0,True,False,False,True,True,31.555,130.5467,9.507142857142856,10.86451612903226,10.185829493087558,Open-Meteo archive
Wakkanai,True,1955,1955-05-17 00:00:00,1955-05-23 00:00:00,Sargent cherry (Prunus sargentii),1955-05-17,1955-05-23,137.0,143.0,6.0,False,False,False,True,True,45.415,141.6783,-5.796428571428572,-2.764516129032258,-4.280472350230415,Open-Meteo archive
Asahikawa,True,1955,1955-05-09 00:00:00,1955-05-14 00:00:00,Sargent cherry (Prunus sargentii),1955-05-09,1955-05-14,129.0,134.0,5.0,False,False,False,True,True,43.7567,142.3717,-7.835714285714286,-4.567741935483871,-6.2017281105990785,Open-Meteo archive
Iwamizawa,False,1955,1955-05-10 00:00:00,1955-05-13 00:00:00,Sargent cherry (Prunus sargentii),1955-05-10,1955-05-13,130.0,133.0,3.0,False,False,False,True,True,43.2117,141.785,-6.796428571428572,-3.583870967741935,-5.190149769585253,Open-Meteo archive
Urakawa,False,1955,1955-05-11 00:00:00,1955-05-15 00:00:00,Sargent cherry (Prunus sargentii),1955-05-11,1955-05-15,131.0,135.0,4.0,False,False,False,True,True,42.1617,142.7767,-4.660714285714286,-2.261290322580645,-3.461002304147465,Open-Meteo archive
Akita,True,1955,1955-04-16 00:00:00,1955-04-23 00:00:00,Not stated,1955-04-16,1955-04-23,106.0,113.0,7.0,True,False,False,True,True,39.7167,140.0983,-0.3964285714285714,1.303225806451613,0.4533986175115208,Open-Meteo archive
Yamagata,True,1955,1955-04-12 00:00:00,1955-04-15 00:00:00,Not stated,1955-04-12,1955-04-15,102.0,105.0,3.0,True,False,False,True,True,38.255,140.345,-1.5714285714285714,0.7129032258064517,-0.42926267281105984,Open-Meteo archive
Nagano,True,1955,1955-04-10 00:00:00,1955-04-13 00:00:00,Not stated,1955-04-10,1955-04-13,100.0,103.0,3.0,True,False,False,True,True,36.6617,138.1917,-1.582142857142857,1.7000000000000002,0.05892857142857155,Open-Meteo archive
Fukui,True,1955,1955-04-01 00:00:00,1955-04-09 00:00:00,Not stated,1955-04-01,1955-04-09,91.0,99.0,8.0,True,False,False,True,True,36.055,136.2217,3.3214285714285716,6.416129032258064,4.868778801843318,Open-Meteo archive
Shizuoka,True,1955,1955-03-26 00:00:00,1955-03-30 00:00:00,Not stated,1955-03-26,1955-03-30,85.0,89.0,4.0,True,False,False,True,True,34.975,138.4033,6.3999999999999995,9.25483870967742,7.82741935483871,Open-Meteo archive
Matsue,True,1955,1955-03-29 00:00:00,1955-04-07 00:00:00,Not stated,1955-03-29,1955-04-07,88.0,97.0,9.0,True,False,False,True,True,35.4567,133.065,6.721428571428571,8.229032258064516,7.475230414746543,Open-Meteo archive
Kyoto,True,1955,1955-03-28 00:00:00,1955-04-07 00:00:00,Not stated,1955-03-28,1955-04-07,87.0,97.0,10.0,True,False,False,True,True,35.0117,135.735,4.553571428571429,7.487096774193549,6.020334101382488,Open-Meteo archive
Kobe,True,1955,1955-03-30 00:00:00,1955-04-07 00:00:00,Not stated,1955-03-30,1955-04-07,89.0,97.0,8.0,True,False,False,True,True,34.6967,135.2117,5.785714285714286,8.76774193548387,7.276728110599079,Open-Meteo archive
Nara,True,1955,1955-03-27 00:00:00,1955-04-06 00:00:00,Not stated,1955-03-27,1955-04-06,86.0,96.0,10.0,True,False,False,True,True,34.6733,135.8317,4.325,7.661290322580645,5.993145161290323,Open-Meteo archive
Kochi,True,1955,1955-03-21 00:00:00,1955-03-28 00:00:00,Not stated,1955-03-21,1955-03-28,80.0,87.0,7.0,True,False,False,True,True,33.5667,133.5483,5.978571428571429,10.196774193548388,8.087672811059909,Open-Meteo archive
Fukuoka,True,1955,1955-03-24 00:00:00,1955-04-05 00:00:00,Not stated,1955-03-24,1955-04-05,83.0,95.0,12.0,True,False,False,True,True,33.5817,130.3767,6.664285714285714,9.651612903225804,8.157949308755759,Open-Meteo archive
Oita,True,1955,1955-03-25 00:00:00,1955-04-02 00:00:00,Not stated,1955-03-25,1955-04-02,84.0,92.0,8.0,True,False,False,True,True,33.235,131.6183,6.435714285714285,9.47741935483871,7.956566820276498,Open-Meteo archive
Kagoshima,True,1955,1955-03-29 00:00:00,1955-04-03 00:00:00,Not stated,1955-03-29,1955-04-03,88.0,93.0,5.0,True,False,False,True,True,31.555,130.5467,9.50357142857143,13.080645161290322,11.292108294930877,Open-Meteo archive
Wakkanai,True,1956,1956-05-12 00:00:00,1956-05-14 00:00:00,Sargent cherry (Prunus sargentii),1956-05-12,1956-05-14,132.0,134.0,2.0,False,False,False,True,True,45.415,141.6783,-5.568965517241379,-2.332258064516129,-3.950611790878754,Open-Meteo archive
Asahikawa,True,1956,1956-05-07 00:00:00,1956-05-13 00:00:00,Sargent cherry (Prunus sargentii),1956-05-07,1956-05-13,127.0,133.0,6.0,False,False,False,True,True,43.7567,142.3717,-8.689655172413794,-3.7451612903225806,-6.2174082313681875,Open-Meteo archive
Iwamizawa,False,1956,1956-05-05 00:00:00,1956-05-09 00:00:00,Sargent cherry (Prunus sargentii),1956-05-05,1956-05-09,125.0,129.0,4.0,False,False,False,True,True,43.2117,141.785,-7.36551724137931,-2.5903225806451613,-4.977919911012235,Open-Meteo archive
Urakawa,False,1956,1956-05-07 00:00:00,1956-05-11 00:00:00,Sargent cherry (Prunus sargentii),1956-05-07,1956-05-11,127.0,131.0,4.0,False,False,False,True,True,42.1617,142.7767,-4.586206896551724,-0.9064516129032258,-2.746329254727475,Open-Meteo archive
Aomori,True,1956,1956-04-26 00:00:00,1956-05-02 00:00:00,Not stated,1956-04-26,1956-05-02,116.0,122.0,6.0,True,False,False,True,True,40.8217,140.7683,-3.6310344827586207,0.9806451612903224,-1.3251946607341492,Open-Meteo archive
Akita,True,1956,1956-04-21 00:00:00,1956-04-26 00:00:00,Not stated,1956-04-21,1956-04-26,111.0,116.0,5.0,True,False,False,True,True,39.7167,140.0983,-1.3275862068965518,2.1774193548387095,0.42491657397107885,Open-Meteo archive
Yamagata,True,1956,1956-04-18 00:00:00,1956-04-21 00:00:00,Not stated,1956-04-18,1956-04-21,108.0,111.0,3.0,True,False,False,True,True,38.255,140.345,-2.6689655172413795,1.0806451612903225,-0.7941601779755285,Open-Meteo archive
Nagano,True,1956,1956-04-14 00:00:00,1956-04-17 00:00:00,Not stated,1956-04-14,1956-04-17,104.0,107.0,3.0,True,False,False,True,True,36.6617,138.1917,-3.4000000000000004,1.1612903225806452,-1.1193548387096777,Open-Meteo archive
Fukui,True,1956,1956-04-09 00:00:00,1956-04-14 00:00:00,Not stated,1956-04-09,1956-04-14,99.0,104.0,5.0,True,False,False,True,True,36.055,136.2217,1.1586206896551725,5.577419354838709,3.3680200222469407,Open-Meteo archive
Shizuoka,True,1956,1956-03-28 00:00:00,1956-04-03 00:00:00,Not stated,1956-03-28,1956-04-03,87.0,93.0,6.0,True,False,False,True,True,34.975,138.4033,4.162068965517242,9.038709677419355,6.600389321468299,Open-Meteo archive
Matsue,True,1956,1956-04-05 00:00:00,1956-04-09 00:00:00,Not stated,1956-04-05,1956-04-09,95.0,99.0,4.0,True,False,False,True,True,35.4567,133.065,3.8344827586206898,7.935483870967742,5.884983314794216,Open-Meteo archive
Kyoto,True,1956,1956-04-01 00:00:00,1956-04-10 00:00:00,Not stated,1956-04-01,1956-04-10,91.0,100.0,9.0,True,False,False,True,True,35.0117,135.735,2.3517241379310345,7.035483870967742,4.693604004449388,Open-Meteo archive
Kobe,True,1956,1956-03-30 00:00:00,1956-04-07 00:00:00,Not stated,1956-03-30,1956-04-07,89.0,97.0,8.0,True,False,False,True,True,34.6967,135.2117,3.772413793103449,8.425806451612903,6.0991101223581765,Open-Meteo archive
Nara,True,1956,1956-04-02 00:00:00,1956-04-07 00:00:00,Not stated,1956-04-02,1956-04-07,92.0,97.0,5.0,True,False,False,True,True,34.6733,135.8317,2.220689655172414,7.290322580645161,4.755506117908787,Open-Meteo archive
Kochi,True,1956,1956-03-24 00:00:00,1956-03-31 00:00:00,Not stated,1956-03-24,1956-03-31,83.0,90.0,7.0,True,False,False,True,True,33.5667,133.5483,4.1000000000000005,9.061290322580644,6.580645161290322,Open-Meteo archive
Fukuoka,True,1956,1956-04-02 00:00:00,1956-04-09 00:00:00,Not stated,1956-04-02,1956-04-09,92.0,99.0,7.0,True,False,False,True,True,33.5817,130.3767,3.8,8.548387096774194,6.174193548387096,Open-Meteo archive
Oita,True,1956,1956-03-31 00:00:00,1956-04-09 00:00:00,Not stated,1956-03-31,1956-04-09,90.0,99.0,9.0,True,False,False,True,True,33.235,131.6183,4.0793103448275865,8.754838709677419,6.4170745272525025,Open-Meteo archive
Kagoshima,True,1956,1956-03-27 00:00:00,1956-04-02 00:00:00,Not stated,1956-03-27,1956-04-02,86.0,92.0,6.0,True,False,False,True,True,31.555,130.5467,6.758620689655173,11.564516129032258,9.161568409343715,Open-Meteo archive
Wakkanai,True,1957,1957-05-18 00:00:00,1957-05-22 00:00:00,Sargent cherry (Prunus sargentii),1957-05-18,1957-05-22,138.0,142.0,4.0,False,False,False,True,True,45.415,141.6783,-6.292857142857143,-3.225806451612903,-4.759331797235022,Open-Meteo archive
Asahikawa,True,1957,1957-05-09 00:00:00,1957-05-14 00:00:00,Sargent cherry (Prunus sargentii),1957-05-09,1957-05-14,129.0,134.0,5.0,False,False,False,True,True,43.7567,142.3717,-9.714285714285714,-5.348387096774194,-7.531336405529954,Open-Meteo archive
Urakawa,False,1957,1957-05-14 00:00:00,1957-05-18 00:00:00,Sargent cherry (Prunus sargentii),1957-05-14,1957-05-18,134.0,138.0,4.0,False,False,False,True,True,42.1617,142.7767,-5.728571428571429,-2.3741935483870966,-4.051382488479263,Open-Meteo archive
Aomori,True,1957,1957-05-01 00:00:00,1957-05-07 00:00:00,Not stated,1957-05-01,1957-05-07,121.0,127.0,6.0,True,False,False,True,True,40.8217,140.7683,-3.9071428571428575,-0.8838709677419354,-2.3955069124423964,Open-Meteo archive
Akita,True,1957,1957-04-24 00:00:00,1957-04-29 00:00:00,Not stated,1957-04-24,1957-04-29,114.0,119.0,5.0,True,False,False,True,True,39.7167,140.0983,-1.425,1.0483870967741935,-0.18830645161290327,Open-Meteo archive
Yamagata,True,1957,1957-04-20 00:00:00,1957-04-27 00:00:00,Not stated,1957-04-20,1957-04-27,110.0,117.0,7.0,True,False,False,True,True,38.255,140.345,-2.2392857142857143,-0.2774193548387096,-1.258352534562212,Open-Meteo archive
Nagano,True,1957,1957-04-17 00:00:00,1957-04-23 00:00:00,Not stated,1957-04-17,1957-04-23,107.0,113.0,6.0,True,False,False,True,True,36.6617,138.1917,-2.257142857142857,-0.6483870967741936,-1.4527649769585254,Open-Meteo archive
Fukui,True,1957,1957-04-11 00:00:00,1957-04-17 00:00:00,Not stated,1957-04-11,1957-04-17,101.0,107.0,6.0,True,False,False,True,True,36.055,136.2217,2.3642857142857143,3.5258064516129033,2.945046082949309,Open-Meteo archive
Shizuoka,True,1957,1957-04-01 00:00:00,1957-04-07 00:00:00,Not stated,1957-04-01,1957-04-07,91.0,97.0,6.0,True,False,False,True,True,34.975,138.4033,4.928571428571429,6.780645161290322,5.854608294930875,Open-Meteo archive
Matsue,True,1957,1957-04-10 00:00:00,1957-04-15 00:00:00,Not stated,1957-04-10,1957-04-15,100.0,105.0,5.0,True,False,False,True,True,35.4567,133.065,4.332142857142857,6.074193548387097,5.203168202764977,Open-Meteo archive
Kyoto,True,1957,1957-04-07 00:00:00,1957-04-12 00:00:00,Not stated,1957-04-07,1957-04-12,97.0,102.0,5.0,True,False,False,True,True,35.0117,135.735,2.9071428571428575,4.767741935483872,3.8374423963133646,Open-Meteo archive
Kobe,True,1957,1957-04-08 00:00:00,1957-04-11 00:00:00,Not stated,1957-04-08,1957-04-11,98.0,101.0,3.0,True,False,False,True,True,34.6967,135.2117,4.178571428571429,6.151612903225806,5.165092165898617,Open-Meteo archive
Osaka,True,1957,1957-04-07 00:00:00,1957-04-10 00:00:00,Not stated,1957-04-07,1957-04-10,97.0,100.0,3.0,True,False,False,True,True,34.6817,135.5183,3.460714285714286,5.306451612903226,4.383582949308756,Open-Meteo archive
Nara,True,1957,1957-04-07 00:00:00,1957-04-13 00:00:00,Not stated,1957-04-07,1957-04-13,97.0,103.0,6.0,True,False,False,True,True,34.6733,135.8317,2.8285714285714287,4.632258064516129,3.7304147465437785,Open-Meteo archive
Kochi,True,1957,1957-04-02 00:00:00,1957-04-07 00:00:00,Not stated,1957-04-02,1957-04-07,92.0,97.0,5.0,True,False,False,True,True,33.5667,133.5483,4.735714285714286,7.170967741935484,5.953341013824884,Open-Meteo archive
Fukuoka,True,1957,1957-04-01 00:00:00,1957-04-08 00:00:00,Not stated,1957-04-01,1957-04-08,91.0,98.0,7.0,True,False,False,True,True,33.5817,130.3767,4.2821428571428575,6.935483870967742,5.608813364055299,Open-Meteo archive
Oita,True,1957,1957-04-06 00:00:00,1957-04-09 00:00:00,Not stated,1957-04-06,1957-04-09,96.0,99.0,3.0,True,False,False,True,True,33.235,131.6183,4.071428571428571,7.109677419354839,5.590552995391706,Open-Meteo archive
Kagoshima,True,1957,1957-04-01 00:00:00,1957-04-07 00:00:00,Not stated,1957-04-01,1957-04-07,91.0,97.0,6.0,True,False,False,True,True,31.555,130.5467,6.982142857142857,9.14516129032258,8.063652073732719,Open-Meteo archive
Wakkanai,True,1958,1958-05-23 00:00:00,1958-05-25 00:00:00,Sargent cherry (Prunus sargentii),1958-05-23,1958-05-25,143.0,145.0,2.0,False,False,False,True,True,45.415,141.6783,-4.3428571428571425,-2.8161290322580643,-3.579493087557603,Open-Meteo archive
Asahikawa,True,1958,1958-05-10 00:00:00,1958-05-15 00:00:00,Sargent cherry (Prunus sargentii),1958-05-10,1958-05-15,130.0,135.0,5.0,False,False,False,True,True,43.7567,142.3717,-7.185714285714285,-4.229032258064516,-5.7073732718894,Open-Meteo archive
Iwamizawa,False,1958,1958-05-10 00:00:00,1958-05-14 00:00:00,Sargent cherry (Prunus sargentii),1958-05-10,1958-05-14,130.0,134.0,4.0,False,False,False,True,True,43.2117,141.785,-5.3999999999999995,-3.0870967741935487,-4.243548387096774,Open-Meteo archive
Urakawa,False,1958,1958-05-12 00:00:00,1958-05-16 00:00:00,Sargent cherry (Prunus sargentii),1958-05-12,1958-05-16,132.0,136.0,4.0,False,False,False,True,True,42.1617,142.7767,-3.210714285714286,-1.467741935483871,-2.3392281105990786,Open-Meteo archive
Aomori,True,1958,1958-04-29 00:00:00,1958-05-04 00:00:00,Not stated,1958-04-29,1958-05-04,119.0,124.0,5.0,True,False,False,True,True,40.8217,140.7683,-0.8642857142857144,0.2612903225806452,-0.3014976958525346,Open-Meteo archive
Akita,True,1958,1958-04-22 00:00:00,1958-04-29 00:00:00,Not stated,1958-04-22,1958-04-29,112.0,119.0,7.0,True,False,False,True,True,39.7167,140.0983,0.9285714285714286,2.135483870967742,1.5320276497695855,Open-Meteo archive
Yamagata,True,1958,1958-04-17 00:00:00,1958-04-23 00:00:00,Not stated,1958-04-17,1958-04-23,107.0,113.0,6.0,True,False,False,True,True,38.255,140.345,-0.6714285714285715,0.6000000000000001,-0.0357142857142857,Open-Meteo archive
Nagano,True,1958,1958-04-09 00:00:00,1958-04-19 00:00:00,Not stated,1958-04-09,1958-04-19,99.0,109.0,10.0,True,False,False,True,True,36.6617,138.1917,-1.225,1.4903225806451612,0.13266129032258056,Open-Meteo archive
Fukui,True,1958,1958-04-03 00:00:00,1958-04-07 00:00:00,Not stated,1958-04-03,1958-04-07,93.0,97.0,4.0,True,False,False,True,True,36.055,136.2217,3.825,6.229032258064516,5.027016129032258,Open-Meteo archive
Shizuoka,True,1958,1958-03-25 00:00:00,1958-04-04 00:00:00,Not stated,1958-03-25,1958-04-04,84.0,94.0,10.0,True,False,False,True,True,34.975,138.4033,6.464285714285714,8.883870967741935,7.674078341013825,Open-Meteo archive
Matsue,True,1958,1958-04-05 00:00:00,1958-04-08 00:00:00,Not stated,1958-04-05,1958-04-08,95.0,98.0,3.0,True,False,False,True,True,35.4567,133.065,7.021428571428571,8.370967741935484,7.696198156682028,Open-Meteo archive
Kyoto,True,1958,1958-04-02 00:00:00,1958-04-08 00:00:00,Not stated,1958-04-02,1958-04-08,92.0,98.0,6.0,True,False,False,True,True,35.0117,135.735,4.942857142857143,7.193548387096774,6.0682027649769585,Open-Meteo archive
Kobe,True,1958,1958-04-02 00:00:00,1958-04-07 00:00:00,Not stated,1958-04-02,1958-04-07,92.0,97.0,5.0,True,False,False,True,True,34.6967,135.2117,6.232142857142857,8.364516129032259,7.298329493087557,Open-Meteo archive
Nara,True,1958,1958-04-02 00:00:00,1958-04-08 00:00:00,Not stated,1958-04-02,1958-04-08,92.0,98.0,6.0,True,False,False,True,True,34.6733,135.8317,4.728571428571429,7.083870967741936,5.906221198156683,Open-Meteo archive
Fukuoka,True,1958,1958-03-25 00:00:00,1958-04-05 00:00:00,Not stated,1958-03-25,1958-04-05,84.0,95.0,11.0,True,False,False,True,True,33.5817,130.3767,6.6499999999999995,9.058064516129033,7.854032258064516,Open-Meteo archive
Oita,True,1958,1958-03-27 00:00:00,1958-04-07 00:00:00,Not stated,1958-03-27,1958-04-07,86.0,97.0,11.0,True,False,False,True,True,33.235,131.6183,6.9071428571428575,9.1,8.003571428571428,Open-Meteo archive
Kagoshima,True,1958,1958-03-26 00:00:00,1958-04-03 00:00:00,Not stated,1958-03-26,1958-04-03,85.0,93.0,8.0,True,False,False,True,True,31.555,130.5467,9.235714285714286,11.564516129032258,10.400115207373272,Open-Meteo archive
Wakkanai,True,1959,1959-05-03 00:00:00,1959-05-12 00:00:00,Sargent cherry (Prunus sargentii),1959-05-03,1959-05-12,123.0,132.0,9.0,False,False,False,True,True,45.415,141.6783,-3.7357142857142858,-0.2967741935483871,-2.0162442396313365,Open-Meteo archive
Asahikawa,True,1959,1959-05-08 00:00:00,1959-05-13 00:00:00,Sargent cherry (Prunus sargentii),1959-05-08,1959-05-13,128.0,133.0,5.0,False,False,False,True,True,43.7567,142.3717,-6.7250000000000005,-1.6903225806451612,-4.207661290322581,Open-Meteo archive
Urakawa,False,1959,1959-05-02 00:00:00,1959-05-05 00:00:00,Sargent cherry (Prunus sargentii),1959-05-02,1959-05-05,122.0,125.0,3.0,False,False,False,True,True,42.1617,142.7767,-3.1357142857142857,-0.0483870967741935,-1.5920506912442396,Open-Meteo archive
Aomori,True,1959,1959-04-19 00:00:00,1959-04-25 00:00:00,Not stated,1959-04-19,1959-04-25,109.0,115.0,6.0,True,False,False,True,True,40.8217,140.7683,-0.9071428571428573,2.070967741935484,0.5819124423963135,Open-Meteo archive
Akita,True,1959,1959-04-09 00:00:00,1959-04-17 00:00:00,Not stated,1959-04-09,1959-04-17,99.0,107.0,8.0,True,False,False,True,True,39.7167,140.0983,1.3535714285714284,4.125806451612903,2.739688940092166,Open-Meteo archive
Yamagata,True,1959,1959-04-09 00:00:00,1959-04-16 00:00:00,Not stated,1959-04-09,1959-04-16,99.0,106.0,7.0,True,False,False,True,True,38.255,140.345,-0.4928571428571429,2.9064516129032256,1.2067972350230414,Open-Meteo archive
Nagano,True,1959,1959-04-05 00:00:00,1959-04-12 00:00:00,Not stated,1959-04-05,1959-04-12,95.0,102.0,7.0,True,False,False,True,True,36.6617,138.1917,0.6642857142857144,2.648387096774193,1.6563364055299536,Open-Meteo archive
Fukui,True,1959,1959-03-30 00:00:00,1959-04-04 00:00:00,Not stated,1959-03-30,1959-04-04,89.0,94.0,5.0,True,False,False,True,True,36.055,136.2217,5.792857142857143,7.093548387096774,6.4432027649769585,Open-Meteo archive
Shizuoka,True,1959,1959-03-20 00:00:00,1959-03-29 00:00:00,Not stated,1959-03-20,1959-03-29,79.0,88.0,9.0,True,False,False,True,True,34.975,138.4033,8.403571428571428,9.293548387096775,8.848559907834101,Open-Meteo archive
Kyoto,True,1959,1959-03-23 00:00:00,1959-04-02 00:00:00,Not stated,1959-03-23,1959-04-02,82.0,92.0,10.0,True,False,False,True,True,35.0117,135.735,6.553571428571429,8.087096774193547,7.320334101382488,Open-Meteo archive
Kobe,True,1959,1959-03-27 00:00:00,1959-03-31 00:00:00,Not stated,1959-03-27,1959-03-31,86.0,90.0,4.0,True,False,False,True,True,34.6967,135.2117,8.096428571428572,9.441935483870967,8.76918202764977,Open-Meteo archive
Osaka,True,1959,1959-03-25 00:00:00,1959-04-03 00:00:00,Not stated,1959-03-25,1959-04-03,84.0,93.0,9.0,True,False,False,True,True,34.6817,135.5183,6.925,8.583870967741936,7.754435483870967,Open-Meteo archive
Nara,True,1959,1959-03-24 00:00:00,1959-03-29 00:00:00,Not stated,1959-03-24,1959-03-29,83.0,88.0,5.0,True,False,False,True,True,34.6733,135.8317,6.682142857142857,8.22258064516129,7.452361751152074,Open-Meteo archive
Kochi,True,1959,1959-03-21 00:00:00,1959-04-01 00:00:00,Not stated,1959-03-21,1959-04-01,80.0,91.0,11.0,True,False,False,True,True,33.5667,133.5483,9.267857142857142,9.819354838709677,9.543605990783409,Open-Meteo archive
Fukuoka,True,1959,1959-03-25 00:00:00,1959-04-01 00:00:00,Not stated,1959-03-25,1959-04-01,84.0,91.0,7.0,True,False,False,True,True,33.5817,130.3767,8.710714285714285,9.812903225806451,9.261808755760368,Open-Meteo archive
Oita,True,1959,1959-03-28 00:00:00,1959-04-02 00:00:00,Not stated,1959-03-28,1959-04-02,87.0,92.0,5.0,True,False,False,True,True,33.235,131.6183,8.864285714285716,9.735483870967744,9.299884792626731,Open-Meteo archive
Kagoshima,True,1959,1959-03-23 00:00:00,1959-03-30 00:00:00,Not stated,1959-03-23,1959-03-30,82.0,89.0,7.0,True,False,False,True,True,31.555,130.5467,11.6,12.283870967741937,11.941935483870967,Open-Meteo archive
Wakkanai,True,1960,1960-05-19 00:00:00,1960-05-24 00:00:00,Sargent cherry (Prunus sargentii),1960-05-19,1960-05-24,139.0,144.0,5.0,False,False,False,True,True,45.415,141.6783,-5.372413793103449,-2.3225806451612905,-3.8474972191323698,Open-Meteo archive
Asahikawa,True,1960,1960-05-13 00:00:00,1960-05-16 00:00:00,Sargent cherry (Prunus sargentii),1960-05-13,1960-05-16,133.0,136.0,3.0,False,False,False,True,True,43.7567,142.3717,-7.306896551724138,-4.038709677419355,-5.672803114571747,Open-Meteo archive
Iwamizawa,False,1960,1960-05-11 00:00:00,1960-05-15 00:00:00,Sargent cherry (Prunus sargentii),1960-05-11,1960-05-15,131.0,135.0,4.0,False,False,False,True,True,43.2117,141.785,-5.996551724137931,-2.825806451612903,-4.411179087875417,Open-Meteo archive
Urakawa,False,1960,1960-05-13 00:00:00,1960-05-18 00:00:00,Sargent cherry (Prunus sargentii),1960-05-13,1960-05-18,133.0,138.0,5.0,False,False,False,True,True,42.1617,142.7767,-3.393103448275862,-1.4516129032258065,-2.4223581757508343,Open-Meteo archive
Aomori,True,1960,1960-04-27 00:00:00,1960-05-01 00:00:00,Not stated,1960-04-27,1960-05-01,117.0,121.0,4.0,True,False,False,True,True,40.8217,140.7683,-1.3551724137931036,0.5612903225806452,-0.3969410456062292,Open-Meteo archive
Akita,True,1960,1960-04-21 00:00:00,1960-04-27 00:00:00,Not stated,1960-04-21,1960-04-27,111.0,117.0,6.0,True,False,False,True,True,39.7167,140.0983,0.8586206896551724,2.2838709677419353,1.5712458286985538,Open-Meteo archive
Yamagata,True,1960,1960-04-17 00:00:00,1960-04-24 00:00:00,Not stated,1960-04-17,1960-04-24,107.0,114.0,7.0,True,False,False,True,True,38.255,140.345,-0.996551724137931,1.103225806451613,0.05333704115684096,Open-Meteo archive
Nagano,True,1960,1960-04-13 00:00:00,1960-04-23 00:00:00,Not stated,1960-04-13,1960-04-23,103.0,113.0,10.0,True,False,False,True,True,36.6617,138.1917,-0.6827586206896552,1.903225806451613,0.6102335928809789,Open-Meteo archive
Fukui,True,1960,1960-04-01 00:00:00,1960-04-05 00:00:00,Not stated,1960-04-01,1960-04-05,91.0,95.0,4.0,True,False,False,True,True,36.055,136.2217,3.9655172413793105,7.287096774193548,5.62630700778643,Open-Meteo archive
Shizuoka,True,1960,1960-03-24 00:00:00,1960-04-05 00:00:00,Not stated,1960-03-24,1960-04-05,83.0,95.0,12.0,True,False,False,True,True,34.975,138.4033,7.255172413793104,9.796774193548387,8.525973303670746,Open-Meteo archive
Kyoto,True,1960,1960-03-29 00:00:00,1960-04-05 00:00:00,Not stated,1960-03-29,1960-04-05,88.0,95.0,7.0,True,False,False,True,True,35.0117,135.735,5.189655172413793,8.016129032258064,6.602892102335929,Open-Meteo archive
Kobe,True,1960,1960-03-28 00:00:00,1960-04-07 00:00:00,Not stated,1960-03-28,1960-04-07,87.0,97.0,10.0,True,False,False,True,True,34.6967,135.2117,6.496551724137931,9.158064516129032,7.827308120133482,Open-Meteo archive
Osaka,True,1960,1960-03-28 00:00:00,1960-04-09 00:00:00,Not stated,1960-03-28,1960-04-09,87.0,99.0,12.0,True,False,False,True,True,34.6817,135.5183,5.4896551724137925,8.32258064516129,6.906117908787541,Open-Meteo archive
Nara,True,1960,1960-03-29 00:00:00,1960-04-04 00:00:00,Not stated,1960-03-29,1960-04-04,88.0,94.0,6.0,True,False,False,True,True,34.6733,135.8317,4.617241379310345,7.987096774193549,6.302169076751946,Open-Meteo archive
Kochi,True,1960,1960-03-23 00:00:00,1960-04-03 00:00:00,Not stated,1960-03-23,1960-04-03,82.0,93.0,11.0,True,False,False,True,True,33.5667,133.5483,6.824137931034483,9.938709677419356,8.38142380422692,Open-Meteo archive
Fukuoka,True,1960,1960-03-24 00:00:00,1960-03-31 00:00:00,Not stated,1960-03-24,1960-03-31,83.0,90.0,7.0,True,False,False,True,True,33.5817,130.3767,7.075862068965517,10.080645161290322,8.57825361512792,Open-Meteo archive
Oita,True,1960,1960-03-29 00:00:00,1960-04-05 00:00:00,Not stated,1960-03-29,1960-04-05,88.0,95.0,7.0,True,False,False,True,True,33.235,131.6183,6.931034482758621,9.970967741935484,8.451001112347052,Open-Meteo archive
Kagoshima,True,1960,1960-03-26 00:00:00,1960-04-03 00:00:00,Not stated,1960-03-26,1960-04-03,85.0,93.0,8.0,True,False,False,True,True,31.555,130.5467,9.313793103448276,12.919354838709678,11.116573971078978,Open-Meteo archive
Wakkanai,True,1961,1961-05-11 00:00:00,1961-05-18 00:00:00,Sargent cherry (Prunus sargentii),1961-05-11,1961-05-18,131.0,138.0,7.0,False,False,False,True,True,45.415,141.6783,-5.285714285714286,-2.0935483870967744,-3.68963133640553,Open-Meteo archive
Asahikawa,True,1961,1961-05-08 00:00:00,1961-05-12 00:00:00,Sargent cherry (Prunus sargentii),1961-05-08,1961-05-12,128.0,132.0,4.0,False,False,False,True,True,43.7567,142.3717,-8.221428571428572,-3.8774193548387097,-6.04942396313364,Open-Meteo archive
Iwamizawa,False,1961,1961-05-04 00:00:00,1961-05-07 00:00:00,Sargent cherry (Prunus sargentii),1961-05-04,1961-05-07,124.0,127.0,3.0,False,False,False,True,True,43.2117,141.785,-6.989285714285714,-2.6129032258064515,-4.801094470046083,Open-Meteo archive
Urakawa,False,1961,1961-05-04 00:00:00,1961-05-09 00:00:00,Sargent cherry (Prunus sargentii),1961-05-04,1961-05-09,124.0,129.0,5.0,False,False,False,True,True,42.1617,142.7767,-4.632142857142857,-1.2741935483870968,-2.953168202764977,Open-Meteo archive
Aomori,True,1961,1961-04-24 00:00:00,1961-04-29 00:00:00,Not stated,1961-04-24,1961-04-29,114.0,119.0,5.0,True,False,False,True,True,40.8217,140.7683,-2.792857142857143,0.5580645161290322,-1.1173963133640554,Open-Meteo archive
Akita,True,1961,1961-04-19 00:00:00,1961-04-23 00:00:00,Not stated,1961-04-19,1961-04-23,109.0,113.0,4.0,True,False,False,True,True,39.7167,140.0983,-0.7214285714285714,2.225806451612903,0.7521889400921657,Open-Meteo archive
Yamagata,True,1961,1961-04-17 00:00:00,1961-04-21 00:00:00,Not stated,1961-04-17,1961-04-21,107.0,111.0,4.0,True,False,False,True,True,38.255,140.345,-2.2142857142857144,0.732258064516129,-0.7410138248847927,Open-Meteo archive
Nagano,True,1961,1961-04-14 00:00:00,1961-04-20 00:00:00,Not stated,1961-04-14,1961-04-20,104.0,110.0,6.0,True,False,False,True,True,36.6617,138.1917,-3.435714285714286,1.4161290322580644,-1.0097926267281108,Open-Meteo archive
Fukui,True,1961,1961-04-05 00:00:00,1961-04-10 00:00:00,Not stated,1961-04-05,1961-04-10,95.0,100.0,5.0,True,False,False,True,True,36.055,136.2217,1.2214285714285715,5.112903225806452,3.1671658986175117,Open-Meteo archive
Shizuoka,True,1961,1961-03-31 00:00:00,1961-04-06 00:00:00,Not stated,1961-03-31,1961-04-06,90.0,96.0,6.0,True,False,False,True,True,34.975,138.4033,4.646428571428571,8.52258064516129,6.58450460829493,Open-Meteo archive
Kyoto,True,1961,1961-03-31 00:00:00,1961-04-06 00:00:00,Not stated,1961-03-31,1961-04-06,90.0,96.0,6.0,True,False,False,True,True,35.0117,135.735,2.457142857142857,7.241935483870968,4.849539170506913,Open-Meteo archive
Kobe,True,1961,1961-04-01 00:00:00,1961-04-05 00:00:00,Not stated,1961-04-01,1961-04-05,91.0,95.0,4.0,True,False,False,True,True,34.6967,135.2117,3.867857142857143,8.390322580645162,6.129089861751153,Open-Meteo archive
Nara,True,1961,1961-04-02 00:00:00,1961-04-07 00:00:00,Not stated,1961-04-02,1961-04-07,92.0,97.0,5.0,True,False,False,True,True,34.6733,135.8317,2.4071428571428575,7.070967741935483,4.739055299539171,Open-Meteo archive
Kochi,True,1961,1961-03-25 00:00:00,1961-04-02 00:00:00,Not stated,1961-03-25,1961-04-02,84.0,92.0,8.0,True,False,False,True,True,33.5667,133.5483,4.310714285714286,9.54516129032258,6.927937788018433,Open-Meteo archive
Oita,True,1961,1961-03-31 00:00:00,1961-04-06 00:00:00,Not stated,1961-03-31,1961-04-06,90.0,96.0,6.0,True,False,False,True,True,33.235,131.6183,4.632142857142857,9.37741935483871,7.004781105990784,Open-Meteo archive
Kagoshima,True,1961,1961-03-28 00:00:00,1961-04-03 00:00:00,Not stated,1961-03-28,1961-04-03,87.0,93.0,6.0,True,False,False,True,True,31.555,130.5467,7.321428571428571,12.025806451612905,9.673617511520739,Open-Meteo archive
Wakkanai,True,1962,1962-05-10 00:00:00,1962-05-17 00:00:00,Sargent cherry (Prunus sargentii),1962-05-10,1962-05-17,130.0,137.0,7.0,False,False,False,True,True,45.415,141.6783,-6.067857142857143,-3.358064516129032,-4.712960829493087,Open-Meteo archive
Asahikawa,True,1962,1962-05-08 00:00:00,1962-05-11 00:00:00,Sargent cherry (Prunus sargentii),1962-05-08,1962-05-11,128.0,131.0,3.0,False,False,False,True,True,43.7567,142.3717,-9.225,-5.077419354838709,-7.151209677419354,Open-Meteo archive
Iwamizawa,False,1962,1962-05-03 00:00:00,1962-05-05 00:00:00,Sargent cherry (Prunus sargentii),1962-05-03,1962-05-05,123.0,125.0,2.0,False,False,False,True,True,43.2117,141.785,-7.621428571428572,-3.806451612903226,-5.713940092165899,Open-Meteo archive
Urakawa,False,1962,1962-05-03 00:00:00,1962-05-08 00:00:00,Sargent cherry (Prunus sargentii),1962-05-03,1962-05-08,123.0,128.0,5.0,False,False,False,True,True,42.1617,142.7767,-5.096428571428571,-2.064516129032258,-3.5804723502304143,Open-Meteo archive
Aomori,True,1962,1962-04-25 00:00:00,1962-04-30 00:00:00,Not stated,1962-04-25,1962-04-30,115.0,120.0,5.0,True,False,False,True,True,40.8217,140.7683,-2.9464285714285716,-0.5161290322580645,-1.731278801843318,Open-Meteo archive
Akita,True,1962,1962-04-20 00:00:00,1962-04-24 00:00:00,Not stated,1962-04-20,1962-04-24,110.0,114.0,4.0,True,False,False,True,True,39.7167,140.0983,-0.4785714285714285,1.432258064516129,0.47684331797235024,Open-Meteo archive
Yamagata,True,1962,1962-04-16 00:00:00,1962-04-22 00:00:00,Not stated,1962-04-16,1962-04-22,106.0,112.0,6.0,True,False,False,True,True,38.255,140.345,-1.7392857142857143,0.6645161290322581,-0.5373847926267281,Open-Meteo archive
Nagano,True,1962,1962-04-15 00:00:00,1962-04-22 00:00:00,Not stated,1962-04-15,1962-04-22,105.0,112.0,7.0,True,False,False,True,True,36.6617,138.1917,-2.157142857142857,1.2096774193548387,-0.47373271889400914,Open-Meteo archive
Fukui,True,1962,1962-04-08 00:00:00,1962-04-12 00:00:00,Not stated,1962-04-08,1962-04-12,98.0,102.0,4.0,True,False,False,True,True,36.055,136.2217,2.7285714285714286,5.987096774193549,4.357834101382489,Open-Meteo archive
Shizuoka,True,1962,1962-04-02 00:00:00,1962-04-09 00:00:00,Not stated,1962-04-02,1962-04-09,92.0,99.0,7.0,True,False,False,True,True,34.975,138.4033,5.853571428571429,8.241935483870968,7.047753456221198,Open-Meteo archive
Kyoto,True,1962,1962-04-02 00:00:00,1962-04-07 00:00:00,Not stated,1962-04-02,1962-04-07,92.0,97.0,5.0,True,False,False,True,True,35.0117,135.735,3.871428571428571,6.825806451612903,5.348617511520737,Open-Meteo archive
Kobe,True,1962,1962-04-02 00:00:00,1962-04-10 00:00:00,Not stated,1962-04-02,1962-04-10,92.0,100.0,8.0,True,False,False,True,True,34.6967,135.2117,5.489285714285714,8.129032258064516,6.809158986175115,Open-Meteo archive
Osaka,True,1962,1962-04-04 00:00:00,1962-04-09 00:00:00,Not stated,1962-04-04,1962-04-09,94.0,99.0,5.0,True,False,False,True,True,34.6817,135.5183,4.703571428571428,7.287096774193548,5.995334101382488,Open-Meteo archive
Nara,True,1962,1962-04-02 00:00:00,1962-04-09 00:00:00,Not stated,1962-04-02,1962-04-09,92.0,99.0,7.0,True,False,False,True,True,34.6733,135.8317,3.917857142857143,6.470967741935484,5.194412442396313,Open-Meteo archive
Kochi,True,1962,1962-03-30 00:00:00,1962-04-07 00:00:00,Not stated,1962-03-30,1962-04-07,89.0,97.0,8.0,True,False,False,True,True,33.5667,133.5483,6.0321428571428575,8.629032258064516,7.330587557603687,Open-Meteo archive
Fukuoka,True,1962,1962-04-06 00:00:00,1962-04-08 00:00:00,Not stated,1962-04-06,1962-04-08,96.0,98.0,2.0,True,False,False,True,True,33.5817,130.3767,6.221428571428571,8.33548387096774,7.278456221198155,Open-Meteo archive
Oita,True,1962,1962-04-01 00:00:00,1962-04-11 00:00:00,Not stated,1962-04-01,1962-04-11,91.0,101.0,10.0,True,False,False,True,True,33.235,131.6183,6.35,8.52258064516129,7.4362903225806445,Open-Meteo archive
Kagoshima,True,1962,1962-04-02 00:00:00,1962-04-08 00:00:00,Not stated,1962-04-02,1962-04-08,92.0,98.0,6.0,True,False,False,True,True,31.555,130.5467,8.753571428571428,10.464516129032257,9.609043778801842,Open-Meteo archive
Wakkanai,True,1963,1963-05-12 00:00:00,1963-05-15 00:00:00,Sargent cherry (Prunus sargentii),1963-05-12,1963-05-15,132.0,135.0,3.0,False,False,False,True,True,45.415,141.6783,-3.9785714285714286,-1.2935483870967743,-2.6360599078341016,Open-Meteo archive
Asahikawa,True,1963,1963-05-10 00:00:00,1963-05-13 00:00:00,Sargent cherry (Prunus sargentii),1963-05-10,1963-05-13,130.0,133.0,3.0,False,False,False,True,True,43.7567,142.3717,-6.735714285714286,-2.6774193548387095,-4.706566820276498,Open-Meteo archive
Iwamizawa,False,1963,1963-05-08 00:00:00,1963-05-12 00:00:00,Sargent cherry (Prunus sargentii),1963-05-08,1963-05-12,128.0,132.0,4.0,False,False,False,True,True,43.2117,141.785,-5.492857142857143,-1.6935483870967742,-3.5932027649769585,Open-Meteo archive
Urakawa,False,1963,1963-05-10 00:00:00,1963-05-15 00:00:00,Sargent cherry (Prunus sargentii),1963-05-10,1963-05-15,130.0,135.0,5.0,False,False,False,True,True,42.1617,142.7767,-3.5535714285714284,-0.6516129032258065,-2.1025921658986175,Open-Meteo archive
Aomori,True,1963,1963-04-21 00:00:00,1963-04-26 00:00:00,Not stated,1963-04-21,1963-04-26,111.0,116.0,5.0,True,False,False,True,True,40.8217,140.7683,-2.3035714285714284,0.6225806451612903,-0.840495391705069,Open-Meteo archive
Akita,True,1963,1963-04-17 00:00:00,1963-04-21 00:00:00,Not stated,1963-04-17,1963-04-21,107.0,111.0,4.0,True,False,False,True,True,39.7167,140.0983,-0.3321428571428572,1.9064516129032256,0.7871543778801842,Open-Meteo archive
Yamagata,True,1963,1963-04-15 00:00:00,1963-04-17 00:00:00,Not stated,1963-04-15,1963-04-17,105.0,107.0,2.0,True,False,False,True,True,38.255,140.345,-2.257142857142857,0.2580645161290323,-0.9995391705069124,Open-Meteo archive
Nagano,True,1963,1963-04-15 00:00:00,1963-04-18 00:00:00,Not stated,1963-04-15,1963-04-18,105.0,108.0,3.0,True,False,False,True,True,36.6617,138.1917,-3.653571428571429,0.7709677419354838,-1.4413018433179725,Open-Meteo archive
Fukui,True,1963,1963-04-09 00:00:00,1963-04-12 00:00:00,Not stated,1963-04-09,1963-04-12,99.0,102.0,3.0,True,False,False,True,True,36.055,136.2217,1.2035714285714287,4.309677419354839,2.7566244239631335,Open-Meteo archive
Shizuoka,True,1963,1963-03-30 00:00:00,1963-04-06 00:00:00,Not stated,1963-03-30,1963-04-06,89.0,96.0,7.0,True,False,False,True,True,34.975,138.4033,3.9107142857142856,7.464516129032258,5.6876152073732715,Open-Meteo archive
Kyoto,True,1963,1963-04-04 00:00:00,1963-04-09 00:00:00,Not stated,1963-04-04,1963-04-09,94.0,99.0,5.0,True,False,False,True,True,35.0117,135.735,1.907142857142857,6.47741935483871,4.192281105990784,Open-Meteo archive
Kobe,True,1963,1963-04-04 00:00:00,1963-04-14 00:00:00,Not stated,1963-04-04,1963-04-14,94.0,104.0,10.0,True,False,False,True,True,34.6967,135.2117,3.15,7.622580645161291,5.3862903225806456,Open-Meteo archive
Nara,True,1963,1963-04-04 00:00:00,1963-04-07 00:00:00,Not stated,1963-04-04,1963-04-07,94.0,97.0,3.0,True,False,False,True,True,34.6733,135.8317,1.7142857142857142,6.296774193548386,4.00552995391705,Open-Meteo archive
Kochi,True,1963,1963-03-27 00:00:00,1963-04-03 00:00:00,Not stated,1963-03-27,1963-04-03,86.0,93.0,7.0,True,False,False,True,True,33.5667,133.5483,2.685714285714286,8.019354838709678,5.352534562211982,Open-Meteo archive
Fukuoka,True,1963,1963-04-03 00:00:00,1963-04-07 00:00:00,Not stated,1963-04-03,1963-04-07,93.0,97.0,4.0,True,False,False,True,True,33.5817,130.3767,2.5107142857142857,8.399999999999999,5.455357142857142,Open-Meteo archive
Oita,True,1963,1963-04-02 00:00:00,1963-04-09 00:00:00,Not stated,1963-04-02,1963-04-09,92.0,99.0,7.0,True,False,False,True,True,33.235,131.6183,2.935714285714286,8.422580645161291,5.679147465437788,Open-Meteo archive
Kagoshima,True,1963,1963-04-01 00:00:00,1963-04-06 00:00:00,Not stated,1963-04-01,1963-04-06,91.0,96.0,5.0,True,False,False,True,True,31.555,130.5467,5.767857142857143,10.793548387096775,8.28070276497696,Open-Meteo archive
Asahikawa,True,1964,1964-05-12 00:00:00,1964-05-16 00:00:00,Sargent cherry (Prunus sargentii),1964-05-12,1964-05-16,132.0,136.0,4.0,False,False,False,True,True,43.7567,142.3717,-11.210344827586209,-3.890322580645161,-7.550333704115685,Open-Meteo archive
Iwamizawa,False,1964,1964-05-07 00:00:00,1964-05-10 00:00:00,Sargent cherry (Prunus sargentii),1964-05-07,1964-05-10,127.0,130.0,3.0,False,False,False,True,True,43.2117,141.785,-9.282758620689656,-2.6548387096774193,-5.968798665183537,Open-Meteo archive
Urakawa,False,1964,1964-05-11 00:00:00,1964-05-16 00:00:00,Sargent cherry (Prunus sargentii),1964-05-11,1964-05-16,131.0,136.0,5.0,False,False,False,True,True,42.1617,142.7767,-6.682758620689656,-1.3225806451612905,-4.002669632925473,Open-Meteo archive
Aomori,True,1964,1964-04-29 00:00:00,1964-05-02 00:00:00,Not stated,1964-04-29,1964-05-02,119.0,122.0,3.0,True,False,False,True,True,40.8217,140.7683,-3.9793103448275864,0.4419354838709677,-1.7686874304783093,Open-Meteo archive
Akita,True,1964,1964-04-18 00:00:00,1964-04-23 00:00:00,Not stated,1964-04-18,1964-04-23,108.0,113.0,5.0,True,False,False,True,True,39.7167,140.0983,-1.7241379310344829,1.7000000000000002,-0.012068965517241348,Open-Meteo archive
Yamagata,True,1964,1964-04-14 00:00:00,1964-04-17 00:00:00,Not stated,1964-04-14,1964-04-17,104.0,107.0,3.0,True,False,False,True,True,38.255,140.345,-2.548275862068966,0.6870967741935484,-0.9305895439377088,Open-Meteo archive
Nagano,True,1964,1964-04-13 00:00:00,1964-04-17 00:00:00,Not stated,1964-04-13,1964-04-17,103.0,107.0,4.0,True,False,False,True,True,36.6617,138.1917,-2.920689655172414,0.5129032258064515,-1.2038932146829813,Open-Meteo archive
Fukui,True,1964,1964-04-06 00:00:00,1964-04-12 00:00:00,Not stated,1964-04-06,1964-04-12,96.0,102.0,6.0,True,False,False,True,True,36.055,136.2217,1.5,5.112903225806452,3.306451612903226,Open-Meteo archive
Shizuoka,True,1964,1964-04-01 00:00:00,1964-04-05 00:00:00,Not stated,1964-04-01,1964-04-05,91.0,95.0,4.0,True,False,False,True,True,34.975,138.4033,4.744827586206896,7.47741935483871,6.111123470522803,Open-Meteo archive
Matsue,True,1964,1964-04-05 00:00:00,1964-04-07 00:00:00,Not stated,1964-04-05,1964-04-07,95.0,97.0,2.0,True,False,False,True,True,35.4567,133.065,4.106896551724137,7.609677419354839,5.858286985539488,Open-Meteo archive
Kyoto,True,1964,1964-04-05 00:00:00,1964-04-06 00:00:00,Not stated,1964-04-05,1964-04-06,95.0,96.0,1.0,True,False,False,True,True,35.0117,135.735,2.5586206896551724,5.929032258064517,4.243826473859844,Open-Meteo archive
Kobe,True,1964,1964-04-04 00:00:00,1964-04-09 00:00:00,Not stated,1964-04-04,1964-04-09,94.0,99.0,5.0,True,False,False,True,True,34.6967,135.2117,3.786206896551724,7.32258064516129,5.554393770856507,Open-Meteo archive
Nara,True,1964,1964-04-04 00:00:00,1964-04-07 00:00:00,Not stated,1964-04-04,1964-04-07,94.0,97.0,3.0,True,False,False,True,True,34.6733,135.8317,2.451724137931034,5.793548387096774,4.122636262513904,Open-Meteo archive
Fukuoka,True,1964,1964-04-01 00:00:00,1964-04-04 00:00:00,Not stated,1964-04-01,1964-04-04,91.0,94.0,3.0,True,False,False,True,True,33.5817,130.3767,4.706896551724138,8.332258064516129,6.519577308120134,Open-Meteo archive
Oita,True,1964,1964-04-01 00:00:00,1964-04-06 00:00:00,Not stated,1964-04-01,1964-04-06,91.0,96.0,5.0,True,False,False,True,True,33.235,131.6183,4.80344827586207,8.387096774193548,6.595272525027809,Open-Meteo archive
Kagoshima,True,1964,1964-03-29 00:00:00,1964-04-03 00:00:00,Not stated,1964-03-29,1964-04-03,88.0,93.0,5.0,True,False,False,True,True,31.555,130.5467,7.913793103448276,11.183870967741935,9.548832035595105,Open-Meteo archive
Wakkanai,True,1965,1965-05-18 00:00:00,1965-05-22 00:00:00,Sargent cherry (Prunus sargentii),1965-05-18,1965-05-22,138.0,142.0,4.0,False,False,False,True,True,45.415,141.6783,-6.235714285714286,-2.832258064516129,-4.533986175115207,Open-Meteo archive
Asahikawa,True,1965,1965-05-15 00:00:00,1965-05-19 00:00:00,Sargent cherry (Prunus sargentii),1965-05-15,1965-05-19,135.0,139.0,4.0,False,False,False,True,True,43.7567,142.3717,-9.010714285714286,-4.867741935483871,-6.939228110599078,Open-Meteo archive
Iwamizawa,False,1965,1965-05-16 00:00:00,1965-05-20 00:00:00,Sargent cherry (Prunus sargentii),1965-05-16,1965-05-20,136.0,140.0,4.0,False,False,False,True,True,43.2117,141.785,-7.442857142857143,-3.5,-5.4714285714285715,Open-Meteo archive
Urakawa,False,1965,1965-05-18 00:00:00,1965-05-23 00:00:00,Sargent cherry (Prunus sargentii),1965-05-18,1965-05-23,138.0,143.0,5.0,False,False,False,True,True,42.1617,142.7767,-5.053571428571429,-2.0451612903225804,-3.5493663594470046,Open-Meteo archive
Aomori,True,1965,1965-05-03 00:00:00,1965-05-10 00:00:00,Not stated,1965-05-03,1965-05-10,123.0,130.0,7.0,True,False,False,True,True,40.8217,140.7683,-4.3428571428571425,-1.229032258064516,-2.7859447004608295,Open-Meteo archive
Akita,True,1965,1965-04-30 00:00:00,1965-05-08 00:00:00,Not stated,1965-04-30,1965-05-08,120.0,128.0,8.0,True,False,False,True,True,39.7167,140.0983,-1.6535714285714285,0.6064516129032258,-0.5235599078341013,Open-Meteo archive
Yamagata,True,1965,1965-04-26 00:00:00,1965-05-02 00:00:00,Not stated,1965-04-26,1965-05-02,116.0,122.0,6.0,True,False,False,True,True,38.255,140.345,-2.375,-0.332258064516129,-1.3536290322580644,Open-Meteo archive
Nagano,True,1965,1965-04-24 00:00:00,1965-05-03 00:00:00,Not stated,1965-04-24,1965-05-03,114.0,123.0,9.0,True,False,False,True,True,36.6617,138.1917,-2.607142857142857,-0.7612903225806452,-1.6842165898617512,Open-Meteo archive
Fukui,True,1965,1965-04-16 00:00:00,1965-04-19 00:00:00,Not stated,1965-04-16,1965-04-19,106.0,109.0,3.0,True,False,False,True,True,36.055,136.2217,2.225,3.454838709677419,2.8399193548387096,Open-Meteo archive
Shizuoka,True,1965,1965-04-01 00:00:00,1965-04-10 00:00:00,Not stated,1965-04-01,1965-04-10,91.0,100.0,9.0,True,False,False,True,True,34.975,138.4033,5.142857142857143,6.764516129032257,5.953686635944701,Open-Meteo archive
Matsue,True,1965,1965-04-12 00:00:00,1965-04-18 00:00:00,Not stated,1965-04-12,1965-04-18,102.0,108.0,6.0,True,False,False,True,True,35.4567,133.065,5.082142857142857,6.580645161290323,5.83139400921659,Open-Meteo archive
Kyoto,True,1965,1965-04-09 00:00:00,1965-04-17 00:00:00,Not stated,1965-04-09,1965-04-17,99.0,107.0,8.0,True,False,False,True,True,35.0117,135.735,3.025,4.974193548387096,3.999596774193548,Open-Meteo archive
Kobe,True,1965,1965-04-08 00:00:00,1965-04-14 00:00:00,Not stated,1965-04-08,1965-04-14,98.0,104.0,6.0,True,False,False,True,True,34.6967,135.2117,4.6571428571428575,6.309677419354839,5.483410138248848,Open-Meteo archive
Osaka,True,1965,1965-04-10 00:00:00,1965-04-15 00:00:00,Not stated,1965-04-10,1965-04-15,100.0,105.0,5.0,True,False,False,True,True,34.6817,135.5183,3.710714285714286,5.535483870967742,4.6230990783410135,Open-Meteo archive
Nara,True,1965,1965-04-12 00:00:00,1965-04-17 00:00:00,Not stated,1965-04-12,1965-04-17,102.0,107.0,5.0,True,False,False,True,True,34.6733,135.8317,3.064285714285714,4.800000000000001,3.9321428571428574,Open-Meteo archive
Kochi,True,1965,1965-03-30 00:00:00,1965-04-09 00:00:00,Not stated,1965-03-30,1965-04-09,89.0,99.0,10.0,True,False,False,True,True,33.5667,133.5483,5.346428571428571,6.990322580645161,6.1683755760368655,Open-Meteo archive
Fukuoka,True,1965,1965-03-30 00:00:00,1965-04-08 00:00:00,Not stated,1965-03-30,1965-04-08,89.0,98.0,9.0,True,False,False,True,True,33.5817,130.3767,5.457142857142857,7.141935483870968,6.299539170506913,Open-Meteo archive
Oita,True,1965,1965-03-30 00:00:00,1965-04-11 00:00:00,Not stated,1965-03-30,1965-04-11,89.0,101.0,12.0,True,False,False,True,True,33.235,131.6183,5.432142857142857,7.27741935483871,6.354781105990783,Open-Meteo archive
Kagoshima,True,1965,1965-03-25 00:00:00,1965-04-04 00:00:00,Not stated,1965-03-25,1965-04-04,84.0,94.0,10.0,True,False,False,True,True,31.555,130.5467,8.510714285714286,9.464516129032257,8.98761520737327,Open-Meteo archive
Asahikawa,True,1966,1966-05-14 00:00:00,1966-05-18 00:00:00,Sargent cherry (Prunus sargentii),1966-05-14,1966-05-18,134.0,138.0,4.0,False,False,False,True,True,43.7567,142.3717,-8.653571428571428,-2.954838709677419,-5.804205069124424,Open-Meteo archive
Iwamizawa,False,1966,1966-05-12 00:00:00,1966-05-17 00:00:00,Sargent cherry (Prunus sargentii),1966-05-12,1966-05-17,132.0,137.0,5.0,False,False,False,True,True,43.2117,141.785,-7.132142857142857,-1.7096774193548387,-4.420910138248848,Open-Meteo archive
Urakawa,False,1966,1966-05-11 00:00:00,1966-05-16 00:00:00,Sargent cherry (Prunus sargentii),1966-05-11,1966-05-16,131.0,136.0,5.0,False,False,False,True,True,42.1617,142.7767,-4.853571428571429,-0.2645161290322581,-2.5590437788018434,Open-Meteo archive
Aomori,True,1966,1966-04-28 00:00:00,1966-05-05 00:00:00,Not stated,1966-04-28,1966-05-05,118.0,125.0,7.0,True,False,False,True,True,40.8217,140.7683,-2.9714285714285715,1.464516129032258,-0.7534562211981568,Open-Meteo archive
Akita,True,1966,1966-04-21 00:00:00,1966-04-25 00:00:00,Not stated,1966-04-21,1966-04-25,111.0,115.0,4.0,True,False,False,True,True,39.7167,140.0983,-0.4035714285714286,3.167741935483871,1.3820852534562214,Open-Meteo archive
Yamagata,True,1966,1966-04-15 00:00:00,1966-04-22 00:00:00,Not stated,1966-04-15,1966-04-22,105.0,112.0,7.0,True,False,False,True,True,38.255,140.345,-1.1107142857142855,1.6419354838709677,0.26561059907834106,Open-Meteo archive
Nagano,True,1966,1966-04-14 00:00:00,1966-04-23 00:00:00,Not stated,1966-04-14,1966-04-23,104.0,113.0,9.0,True,False,False,True,True,36.6617,138.1917,-0.575,2.2161290322580647,0.8205645161290324,Open-Meteo archive
Fukui,True,1966,1966-04-03 00:00:00,1966-04-09 00:00:00,Not stated,1966-04-03,1966-04-09,93.0,99.0,6.0,True,False,False,True,True,36.055,136.2217,4.396428571428571,7.135483870967741,5.765956221198156,Open-Meteo archive
Shizuoka,True,1966,1966-03-19 00:00:00,1966-03-30 00:00:00,Not stated,1966-03-19,1966-03-30,78.0,89.0,11.0,True,False,False,True,True,34.975,138.4033,7.828571428571428,9.90967741935484,8.869124423963134,Open-Meteo archive
Kyoto,True,1966,1966-03-27 00:00:00,1966-04-06 00:00:00,Not stated,1966-03-27,1966-04-06,86.0,96.0,10.0,True,False,False,True,True,35.0117,135.735,5.3999999999999995,8.174193548387096,6.787096774193548,Open-Meteo archive
Kobe,True,1966,1966-03-25 00:00:00,1966-04-03 00:00:00,Not stated,1966-03-25,1966-04-03,84.0,93.0,9.0,True,False,False,True,True,34.6967,135.2117,6.739285714285714,9.441935483870967,8.09061059907834,Open-Meteo archive
Osaka,True,1966,1966-03-23 00:00:00,1966-04-05 00:00:00,Not stated,1966-03-23,1966-04-05,82.0,95.0,13.0,True,False,False,True,True,34.6817,135.5183,5.7749999999999995,8.638709677419355,7.206854838709678,Open-Meteo archive
Nara,True,1966,1966-03-26 00:00:00,1966-04-08 00:00:00,Not stated,1966-03-26,1966-04-08,85.0,98.0,13.0,True,False,False,True,True,34.6733,135.8317,5.246428571428572,8.212903225806452,6.729665898617512,Open-Meteo archive
Kochi,True,1966,1966-03-17 00:00:00,1966-03-27 00:00:00,Not stated,1966-03-17,1966-03-27,76.0,86.0,10.0,True,False,False,True,True,33.5667,133.5483,7.460714285714286,10.332258064516129,8.896486175115207,Open-Meteo archive
Fukuoka,True,1966,1966-03-20 00:00:00,1966-04-04 00:00:00,Not stated,1966-03-20,1966-04-04,79.0,94.0,15.0,True,False,False,True,True,33.5817,130.3767,7.510714285714286,10.306451612903226,8.908582949308755,Open-Meteo archive
Oita,True,1966,1966-03-24 00:00:00,1966-04-02 00:00:00,Not stated,1966-03-24,1966-04-02,83.0,92.0,9.0,True,False,False,True,True,33.235,131.6183,7.753571428571428,10.774193548387096,9.263882488479261,Open-Meteo archive
Kagoshima,True,1966,1966-03-22 00:00:00,1966-03-27 00:00:00,Not stated,1966-03-22,1966-03-27,81.0,86.0,5.0,True,False,False,True,True,31.555,130.5467,10.3,13.422580645161291,11.861290322580647,Open-Meteo archive
Asahikawa,True,1967,1967-05-05 00:00:00,1967-05-08 00:00:00,Sargent cherry (Prunus sargentii),1967-05-05,1967-05-08,125.0,128.0,3.0,False,False,False,True,True,43.7567,142.3717,-9.607142857142858,-3.738709677419355,-6.672926267281106,Open-Meteo archive
Iwamizawa,False,1967,1967-05-05 00:00:00,1967-05-10 00:00:00,Sargent cherry (Prunus sargentii),1967-05-05,1967-05-10,125.0,130.0,5.0,False,False,False,True,True,43.2117,141.785,-7.821428571428571,-2.296774193548387,-5.059101382488479,Open-Meteo archive
Urakawa,False,1967,1967-05-06 00:00:00,1967-05-10 00:00:00,Sargent cherry (Prunus sargentii),1967-05-06,1967-05-10,126.0,130.0,4.0,False,False,False,True,True,42.1617,142.7767,-5.239285714285714,-0.3193548387096773,-2.7793202764976956,Open-Meteo archive
Aomori,True,1967,1967-04-27 00:00:00,1967-05-03 00:00:00,Not stated,1967-04-27,1967-05-03,117.0,123.0,6.0,True,False,False,True,True,40.8217,140.7683,-3.5892857142857144,0.8516129032258065,-1.368836405529954,Open-Meteo archive
Akita,True,1967,1967-04-22 00:00:00,1967-04-28 00:00:00,Not stated,1967-04-22,1967-04-28,112.0,118.0,6.0,True,False,False,True,True,39.7167,140.0983,-0.95,2.4419354838709677,0.7459677419354839,Open-Meteo archive
Yamagata,True,1967,1967-04-18 00:00:00,1967-04-24 00:00:00,Not stated,1967-04-18,1967-04-24,108.0,114.0,6.0,True,False,False,True,True,38.255,140.345,-2.332142857142857,1.029032258064516,-0.6515552995391705,Open-Meteo archive
Nagano,True,1967,1967-04-13 00:00:00,1967-04-21 00:00:00,Not stated,1967-04-13,1967-04-21,103.0,111.0,8.0,True,False,False,True,True,36.6617,138.1917,-2.557142857142857,1.3935483870967742,-0.5817972350230414,Open-Meteo archive
Fukui,True,1967,1967-04-03 00:00:00,1967-04-07 00:00:00,Not stated,1967-04-03,1967-04-07,93.0,97.0,4.0,True,False,False,True,True,36.055,136.2217,2.003571428571429,6.251612903225807,4.127592165898617,Open-Meteo archive
Shizuoka,True,1967,1967-03-28 00:00:00,1967-04-02 00:00:00,Not stated,1967-03-28,1967-04-02,87.0,92.0,5.0,True,False,False,True,True,34.975,138.4033,4.628571428571428,8.845161290322581,6.736866359447005,Open-Meteo archive
Matsue,True,1967,1967-03-31 00:00:00,1967-04-05 00:00:00,Not stated,1967-03-31,1967-04-05,90.0,95.0,5.0,True,False,False,True,True,35.4567,133.065,4.989285714285714,8.761290322580646,6.87528801843318,Open-Meteo archive
Kyoto,True,1967,1967-04-01 00:00:00,1967-04-06 00:00:00,Not stated,1967-04-01,1967-04-06,91.0,96.0,5.0,True,False,False,True,True,35.0117,135.735,3.2892857142857146,7.070967741935483,5.180126728110599,Open-Meteo archive
Kobe,True,1967,1967-03-31 00:00:00,1967-04-03 00:00:00,Not stated,1967-03-31,1967-04-03,90.0,93.0,3.0,True,False,False,True,True,34.6967,135.2117,4.603571428571429,8.370967741935484,6.487269585253456,Open-Meteo archive
Osaka,True,1967,1967-03-30 00:00:00,1967-04-03 00:00:00,Not stated,1967-03-30,1967-04-03,89.0,93.0,4.0,True,False,False,True,True,34.6817,135.5183,3.8964285714285714,7.412903225806452,5.654665898617512,Open-Meteo archive
Nara,True,1967,1967-04-01 00:00:00,1967-04-08 00:00:00,Not stated,1967-04-01,1967-04-08,91.0,98.0,7.0,True,False,False,True,True,34.6733,135.8317,3.167857142857143,6.951612903225806,5.059735023041474,Open-Meteo archive
Kochi,True,1967,1967-03-20 00:00:00,1967-03-28 00:00:00,Not stated,1967-03-20,1967-03-28,79.0,87.0,8.0,True,False,False,True,True,33.5667,133.5483,5.096428571428571,9.370967741935484,7.233698156682028,Open-Meteo archive
Fukuoka,True,1967,1967-03-28 00:00:00,1967-04-04 00:00:00,Not stated,1967-03-28,1967-04-04,87.0,94.0,7.0,True,False,False,True,True,33.5817,130.3767,5.260714285714286,9.05483870967742,7.157776497695853,Open-Meteo archive
Oita,True,1967,1967-03-27 00:00:00,1967-04-03 00:00:00,Not stated,1967-03-27,1967-04-03,86.0,93.0,7.0,True,False,False,True,True,33.235,131.6183,5.310714285714285,9.25483870967742,7.282776497695853,Open-Meteo archive
Kagoshima,True,1967,1967-03-27 00:00:00,1967-04-02 00:00:00,Not stated,1967-03-27,1967-04-02,86.0,92.0,6.0,True,False,False,True,True,31.555,130.5467,7.664285714285714,11.693548387096774,9.678917050691243,Open-Meteo archive
Asahikawa,True,1968,1968-05-02 00:00:00,1968-05-05 00:00:00,Sargent cherry (Prunus sargentii),1968-05-02,1968-05-05,122.0,125.0,3.0,False,False,False,True,True,43.7567,142.3717,-9.717241379310344,-1.538709677419355,-5.62797552836485,Open-Meteo archive
Iwamizawa,False,1968,1968-05-03 00:00:00,1968-05-06 00:00:00,Sargent cherry (Prunus sargentii),1968-05-03,1968-05-06,123.0,126.0,3.0,False,False,False,True,True,43.2117,141.785,-8.162068965517241,-0.7774193548387097,-4.469744160177975,Open-Meteo archive
Urakawa,False,1968,1968-05-10 00:00:00,1968-05-14 00:00:00,Sargent cherry (Prunus sargentii),1968-05-10,1968-05-14,130.0,134.0,4.0,False,False,False,True,True,42.1617,142.7767,-5.582758620689655,0.4741935483870968,-2.554282536151279,Open-Meteo archive
Aomori,True,1968,1968-04-24 00:00:00,1968-05-03 00:00:00,Not stated,1968-04-24,1968-05-03,114.0,123.0,9.0,True,False,False,True,True,40.8217,140.7683,-3.693103448275862,2.206451612903226,-0.7433259176863181,Open-Meteo archive
Akita,True,1968,1968-04-17 00:00:00,1968-04-24 00:00:00,Not stated,1968-04-17,1968-04-24,107.0,114.0,7.0,True,False,False,True,True,39.7167,140.0983,-1.3655172413793104,3.2580645161290325,0.946273637374861,Open-Meteo archive
Yamagata,True,1968,1968-04-14 00:00:00,1968-04-21 00:00:00,Not stated,1968-04-14,1968-04-21,104.0,111.0,7.0,True,False,False,True,True,38.255,140.345,-3.5379310344827584,1.941935483870968,-0.7979977753058952,Open-Meteo archive
Nagano,True,1968,1968-04-14 00:00:00,1968-04-21 00:00:00,Not stated,1968-04-14,1968-04-21,104.0,111.0,7.0,True,False,False,True,True,36.6617,138.1917,-4.168965517241379,1.5806451612903225,-1.294160177975528,Open-Meteo archive
Fukui,True,1968,1968-04-06 00:00:00,1968-04-11 00:00:00,Not stated,1968-04-06,1968-04-11,96.0,101.0,5.0,True,False,False,True,True,36.055,136.2217,0.5896551724137932,4.958064516129033,2.773859844271413,Open-Meteo archive
Shizuoka,True,1968,1968-03-29 00:00:00,1968-04-04 00:00:00,Not stated,1968-03-29,1968-04-04,88.0,94.0,6.0,True,False,False,True,True,34.975,138.4033,2.3000000000000003,8.806451612903226,5.553225806451613,Open-Meteo archive
Matsue,True,1968,1968-04-05 00:00:00,1968-04-10 00:00:00,Not stated,1968-04-05,1968-04-10,95.0,100.0,5.0,True,False,False,True,True,35.4567,133.065,2.206896551724138,8.087096774193549,5.146996662958843,Open-Meteo archive
Kyoto,True,1968,1968-04-02 00:00:00,1968-04-05 00:00:00,Not stated,1968-04-02,1968-04-05,92.0,95.0,3.0,True,False,False,True,True,35.0117,135.735,0.2034482758620689,6.84516129032258,3.5243047830923246,Open-Meteo archive
Kobe,True,1968,1968-03-31 00:00:00,1968-04-04 00:00:00,Not stated,1968-03-31,1968-04-04,90.0,94.0,4.0,True,False,False,True,True,34.6967,135.2117,1.5379310344827586,8.296774193548387,4.917352614015573,Open-Meteo archive
Osaka,True,1968,1968-04-01 00:00:00,1968-04-04 00:00:00,Not stated,1968-04-01,1968-04-04,91.0,94.0,3.0,True,False,False,True,True,34.6817,135.5183,0.9034482758620692,7.374193548387097,4.138820912124583,Open-Meteo archive
Nara,True,1968,1968-04-04 00:00:00,1968-04-08 00:00:00,Not stated,1968-04-04,1968-04-08,94.0,98.0,4.0,True,False,False,True,True,34.6733,135.8317,-0.0655172413793103,6.883870967741935,3.4091768631813126,Open-Meteo archive
Kochi,True,1968,1968-03-29 00:00:00,1968-03-31 00:00:00,Not stated,1968-03-29,1968-03-31,88.0,90.0,2.0,True,False,False,True,True,33.5667,133.5483,1.7172413793103447,8.77741935483871,5.247330367074527,Open-Meteo archive
Fukuoka,True,1968,1968-03-31 00:00:00,1968-04-03 00:00:00,Not stated,1968-03-31,1968-04-03,90.0,93.0,3.0,True,False,False,True,True,33.5817,130.3767,1.9172413793103449,8.325806451612904,5.1215239154616246,Open-Meteo archive
Oita,True,1968,1968-04-02 00:00:00,1968-04-04 00:00:00,Not stated,1968-04-02,1968-04-04,92.0,94.0,2.0,True,False,False,True,True,33.235,131.6183,1.9724137931034484,8.461290322580645,5.216852057842047,Open-Meteo archive
Kagoshima,True,1968,1968-03-29 00:00:00,1968-04-04 00:00:00,Not stated,1968-03-29,1968-04-04,88.0,94.0,6.0,True,False,False,True,True,31.555,130.5467,5.175862068965517,11.09032258064516,8.13309232480534,Open-Meteo archive
Asahikawa,True,1969,1969-05-06 00:00:00,1969-05-09 00:00:00,Sargent cherry (Prunus sargentii),1969-05-06,1969-05-09,126.0,129.0,3.0,False,False,False,True,True,43.7567,142.3717,-10.19285714285714,-5.97741935483871,-8.085138248847924,Open-Meteo archive
Iwamizawa,False,1969,1969-05-10 00:00:00,1969-05-13 00:00:00,Sargent cherry (Prunus sargentii),1969-05-10,1969-05-13,130.0,133.0,3.0,False,False,False,True,True,43.2117,141.785,-8.485714285714286,-4.467741935483871,-6.476728110599078,Open-Meteo archive
Urakawa,False,1969,1969-05-09 00:00:00,1969-05-13 00:00:00,Sargent cherry (Prunus sargentii),1969-05-09,1969-05-13,129.0,133.0,4.0,False,False,False,True,True,42.1617,142.7767,-5.596428571428571,-2.4741935483870967,-4.0353110599078335,Open-Meteo archive
Aomori,True,1969,1969-04-29 00:00:00,1969-05-04 00:00:00,Not stated,1969-04-29,1969-05-04,119.0,124.0,5.0,True,False,False,True,True,40.8217,140.7683,-3.742857142857143,-1.0612903225806452,-2.402073732718894,Open-Meteo archive
Akita,True,1969,1969-04-25 00:00:00,1969-04-29 00:00:00,Not stated,1969-04-25,1969-04-29,115.0,119.0,4.0,True,False,False,True,True,39.7167,140.0983,-1.4107142857142858,0.867741935483871,-0.2714861751152074,Open-Meteo archive
Yamagata,True,1969,1969-04-20 00:00:00,1969-04-24 00:00:00,Not stated,1969-04-20,1969-04-24,110.0,114.0,4.0,True,False,False,True,True,38.255,140.345,-2.1678571428571427,-0.3064516129032258,-1.2371543778801843,Open-Meteo archive
Nagano,True,1969,1969-04-16 00:00:00,1969-04-22 00:00:00,Not stated,1969-04-16,1969-04-22,106.0,112.0,6.0,True,False,False,True,True,36.6617,138.1917,-1.842857142857143,0.2419354838709677,-0.8004608294930876,Open-Meteo archive
Fukui,True,1969,1969-04-09 00:00:00,1969-04-13 00:00:00,Not stated,1969-04-09,1969-04-13,99.0,103.0,4.0,True,False,False,True,True,36.055,136.2217,3.2392857142857143,4.887096774193548,4.063191244239631,Open-Meteo archive
Shizuoka,True,1969,1969-03-29 00:00:00,1969-04-07 00:00:00,Not stated,1969-03-29,1969-04-07,88.0,97.0,9.0,True,False,False,True,True,34.975,138.4033,6.710714285714286,7.877419354838709,7.294066820276498,Open-Meteo archive
Matsue,True,1969,1969-04-10 00:00:00,1969-04-14 00:00:00,Not stated,1969-04-10,1969-04-14,100.0,104.0,4.0,True,False,False,True,True,35.4567,133.065,5.7749999999999995,7.109677419354839,6.442338709677419,Open-Meteo archive
Kyoto,True,1969,1969-04-07 00:00:00,1969-04-13 00:00:00,Not stated,1969-04-07,1969-04-13,97.0,103.0,6.0,True,False,False,True,True,35.0117,135.735,4.0928571428571425,5.422580645161291,4.7577188940092165,Open-Meteo archive
Kobe,True,1969,1969-04-04 00:00:00,1969-04-12 00:00:00,Not stated,1969-04-04,1969-04-12,94.0,102.0,8.0,True,False,False,True,True,34.6967,135.2117,5.442857142857143,7.109677419354839,6.276267281105991,Open-Meteo archive
Osaka,True,1969,1969-04-07 00:00:00,1969-04-10 00:00:00,Not stated,1969-04-07,1969-04-10,97.0,100.0,3.0,True,False,False,True,True,34.6817,135.5183,4.4714285714285715,6.245161290322581,5.3582949308755765,Open-Meteo archive
Nara,True,1969,1969-04-05 00:00:00,1969-04-12 00:00:00,Not stated,1969-04-05,1969-04-12,95.0,102.0,7.0,True,False,False,True,True,34.6733,135.8317,4.039285714285714,5.819354838709677,4.9293202764976956,Open-Meteo archive
Kochi,True,1969,1969-03-27 00:00:00,1969-04-06 00:00:00,Not stated,1969-03-27,1969-04-06,86.0,96.0,10.0,True,False,False,True,True,33.5667,133.5483,6.446428571428571,7.877419354838709,7.16192396313364,Open-Meteo archive
Fukuoka,True,1969,1969-04-04 00:00:00,1969-04-07 00:00:00,Not stated,1969-04-04,1969-04-07,94.0,97.0,3.0,True,False,False,True,True,33.5817,130.3767,6.435714285714285,7.825806451612903,7.130760368663594,Open-Meteo archive
Oita,True,1969,1969-04-03 00:00:00,1969-04-10 00:00:00,Not stated,1969-04-03,1969-04-10,93.0,100.0,7.0,True,False,False,True,True,33.235,131.6183,6.392857142857143,7.806451612903226,7.099654377880185,Open-Meteo archive
Kagoshima,True,1969,1969-03-30 00:00:00,1969-04-07 00:00:00,Not stated,1969-03-30,1969-04-07,89.0,97.0,8.0,True,False,False,True,True,31.555,130.5467,9.685714285714283,10.383870967741936,10.034792626728109,Open-Meteo archive
Asahikawa,True,1970,1970-05-07 00:00:00,1970-05-10 00:00:00,Sargent cherry (Prunus sargentii),1970-05-07,1970-05-10,127.0,130.0,3.0,False,False,False,True,True,43.7567,142.3717,-7.164285714285714,-6.558064516129033,-6.861175115207374,Open-Meteo archive
Iwamizawa,False,1970,1970-05-09 00:00:00,1970-05-13 00:00:00,Sargent cherry (Prunus sargentii),1970-05-09,1970-05-13,129.0,133.0,4.0,False,False,False,True,True,43.2117,141.785,-5.671428571428572,-5.051612903225807,-5.361520737327189,Open-Meteo archive
Urakawa,False,1970,1970-05-12 00:00:00,1970-05-15 00:00:00,Sargent cherry (Prunus sargentii),1970-05-12,1970-05-15,132.0,135.0,3.0,False,False,False,True,True,42.1617,142.7767,-3.9785714285714286,-3.203225806451613,-3.5908986175115207,Open-Meteo archive
Aomori,True,1970,1970-05-04 00:00:00,1970-05-07 00:00:00,Not stated,1970-05-04,1970-05-07,124.0,127.0,3.0,True,False,False,True,True,40.8217,140.7683,-2.1928571428571426,-2.7516129032258063,-2.4722350230414745,Open-Meteo archive
Akita,True,1970,1970-04-27 00:00:00,1970-05-01 00:00:00,Not stated,1970-04-27,1970-05-01,117.0,121.0,4.0,True,False,False,True,True,39.7167,140.0983,-0.0678571428571428,-0.635483870967742,-0.3516705069124424,Open-Meteo archive
Yamagata,True,1970,1970-04-24 00:00:00,1970-04-28 00:00:00,Not stated,1970-04-24,1970-04-28,114.0,118.0,4.0,True,False,False,True,True,38.255,140.345,-1.657142857142857,-2.1774193548387095,-1.9172811059907833,Open-Meteo archive
Nagano,True,1970,1970-04-24 00:00:00,1970-04-28 00:00:00,Not stated,1970-04-24,1970-04-28,114.0,118.0,4.0,True,False,False,True,True,36.6617,138.1917,-1.7607142857142857,-2.2774193548387096,-2.019066820276498,Open-Meteo archive
Fukui,True,1970,1970-04-14 00:00:00,1970-04-19 00:00:00,Not stated,1970-04-14,1970-04-19,104.0,109.0,5.0,True,False,False,True,True,36.055,136.2217,3.317857142857143,1.864516129032258,2.5911866359447004,Open-Meteo archive
Shizuoka,True,1970,1970-04-02 00:00:00,1970-04-10 00:00:00,Not stated,1970-04-02,1970-04-10,92.0,100.0,8.0,True,False,False,True,True,34.975,138.4033,6.128571428571428,5.445161290322581,5.7868663594470044,Open-Meteo archive
Matsue,True,1970,1970-04-09 00:00:00,1970-04-16 00:00:00,Not stated,1970-04-09,1970-04-16,99.0,106.0,7.0,True,False,False,True,True,35.4567,133.065,6.6499999999999995,5.038709677419354,5.844354838709677,Open-Meteo archive
Kyoto,True,1970,1970-04-09 00:00:00,1970-04-15 00:00:00,Not stated,1970-04-09,1970-04-15,99.0,105.0,6.0,True,False,False,True,True,35.0117,135.735,3.9214285714285713,3.829032258064516,3.875230414746544,Open-Meteo archive
Kobe,True,1970,1970-04-06 00:00:00,1970-04-13 00:00:00,Not stated,1970-04-06,1970-04-13,96.0,103.0,7.0,True,False,False,True,True,34.6967,135.2117,5.7178571428571425,5.341935483870968,5.5298963133640555,Open-Meteo archive
Osaka,True,1970,1970-04-08 00:00:00,1970-04-14 00:00:00,Not stated,1970-04-08,1970-04-14,98.0,104.0,6.0,True,False,False,True,True,34.6817,135.5183,4.671428571428572,4.435483870967742,4.553456221198157,Open-Meteo archive
Nara,True,1970,1970-04-10 00:00:00,1970-04-17 00:00:00,Not stated,1970-04-10,1970-04-17,100.0,107.0,7.0,True,False,False,True,True,34.6733,135.8317,4.089285714285714,3.854838709677419,3.9720622119815667,Open-Meteo archive
Kochi,True,1970,1970-03-27 00:00:00,1970-04-05 00:00:00,Not stated,1970-03-27,1970-04-05,86.0,95.0,9.0,True,False,False,True,True,33.5667,133.5483,6.0,5.961290322580646,5.980645161290322,Open-Meteo archive
Fukuoka,True,1970,1970-04-03 00:00:00,1970-04-08 00:00:00,Not stated,1970-04-03,1970-04-08,93.0,98.0,5.0,True,False,False,True,True,33.5817,130.3767,6.703571428571428,5.780645161290322,6.242108294930875,Open-Meteo archive
Oita,True,1970,1970-04-02 00:00:00,1970-04-11 00:00:00,Not stated,1970-04-02,1970-04-11,92.0,101.0,9.0,True,False,False,True,True,33.235,131.6183,6.728571428571429,5.922580645161291,6.32557603686636,Open-Meteo archive
Kagoshima,True,1970,1970-03-31 00:00:00,1970-04-07 00:00:00,Not stated,1970-03-31,1970-04-07,90.0,97.0,7.0,True,False,False,True,True,31.555,130.5467,9.275,8.551612903225807,8.913306451612904,Open-Meteo archive
Asahikawa,True,1971,1971-05-12 00:00:00,1971-05-15 00:00:00,Sargent cherry (Prunus sargentii),1971-05-12,1971-05-15,132.0,135.0,3.0,False,False,False,True,True,43.7567,142.3717,-8.3,-3.6258064516129034,-5.962903225806452,Open-Meteo archive
Iwamizawa,False,1971,1971-05-14 00:00:00,1971-05-17 00:00:00,Sargent cherry (Prunus sargentii),1971-05-14,1971-05-17,134.0,137.0,3.0,False,False,False,True,True,43.2117,141.785,-6.596428571428571,-2.3806451612903223,-4.488536866359446,Open-Meteo archive
Urakawa,False,1971,1971-05-14 00:00:00,1971-05-18 00:00:00,Sargent cherry (Prunus sargentii),1971-05-14,1971-05-18,134.0,138.0,4.0,False,False,False,True,True,42.1617,142.7767,-4.457142857142857,-1.0903225806451613,-2.773732718894009,Open-Meteo archive
Aomori,True,1971,1971-04-28 00:00:00,1971-05-05 00:00:00,Not stated,1971-04-28,1971-05-05,118.0,125.0,7.0,True,False,False,True,True,40.8217,140.7683,-2.8249999999999997,0.0741935483870967,-1.3754032258064515,Open-Meteo archive
Akita,True,1971,1971-04-22 00:00:00,1971-04-29 00:00:00,Not stated,1971-04-22,1971-04-29,112.0,119.0,7.0,True,False,False,True,True,39.7167,140.0983,-0.6964285714285714,1.9903225806451617,0.6469470046082951,Open-Meteo archive
Yamagata,True,1971,1971-04-16 00:00:00,1971-04-23 00:00:00,Not stated,1971-04-16,1971-04-23,106.0,113.0,7.0,True,False,False,True,True,38.255,140.345,-2.457142857142857,0.2741935483870967,-1.0914746543778802,Open-Meteo archive
Nagano,True,1971,1971-04-14 00:00:00,1971-04-20 00:00:00,Not stated,1971-04-14,1971-04-20,104.0,110.0,6.0,True,False,False,True,True,36.6617,138.1917,-2.117857142857143,-0.0838709677419355,-1.1008640552995392,Open-Meteo archive
Fukui,True,1971,1971-04-08 00:00:00,1971-04-13 00:00:00,Not stated,1971-04-08,1971-04-13,98.0,103.0,5.0,True,False,False,True,True,36.055,136.2217,2.5285714285714285,4.290322580645161,3.4094470046082948,Open-Meteo archive
Shizuoka,True,1971,1971-03-29 00:00:00,1971-04-07 00:00:00,Not stated,1971-03-29,1971-04-07,88.0,97.0,9.0,True,False,False,True,True,34.975,138.4033,5.8500000000000005,8.038709677419355,6.944354838709678,Open-Meteo archive
Matsue,True,1971,1971-04-06 00:00:00,1971-04-12 00:00:00,Not stated,1971-04-06,1971-04-12,96.0,102.0,6.0,True,False,False,True,True,35.4567,133.065,4.9071428571428575,7.148387096774194,6.027764976958526,Open-Meteo archive
Kyoto,True,1971,1971-04-01 00:00:00,1971-04-07 00:00:00,Not stated,1971-04-01,1971-04-07,91.0,97.0,6.0,True,False,False,True,True,35.0117,135.735,3.6357142857142857,5.945161290322581,4.7904377880184335,Open-Meteo archive
Kobe,True,1971,1971-03-31 00:00:00,1971-04-03 00:00:00,Not stated,1971-03-31,1971-04-03,90.0,93.0,3.0,True,False,False,True,True,34.6967,135.2117,5.103571428571429,7.309677419354839,6.206624423963134,Open-Meteo archive
Osaka,True,1971,1971-04-02 00:00:00,1971-04-07 00:00:00,Not stated,1971-04-02,1971-04-07,92.0,97.0,5.0,True,False,False,True,True,34.6817,135.5183,4.178571428571429,6.374193548387097,5.276382488479262,Open-Meteo archive
Nara,True,1971,1971-04-02 00:00:00,1971-04-07 00:00:00,Not stated,1971-04-02,1971-04-07,92.0,97.0,5.0,True,False,False,True,True,34.6733,135.8317,3.6464285714285714,5.874193548387097,4.760311059907834,Open-Meteo archive
Kochi,True,1971,1971-03-22 00:00:00,1971-03-30 00:00:00,Not stated,1971-03-22,1971-03-30,81.0,89.0,8.0,True,False,False,True,True,33.5667,133.5483,5.332142857142857,7.82258064516129,6.577361751152074,Open-Meteo archive
Fukuoka,True,1971,1971-03-31 00:00:00,1971-04-04 00:00:00,Not stated,1971-03-31,1971-04-04,90.0,94.0,4.0,True,False,False,True,True,33.5817,130.3767,5.210714285714286,7.809677419354839,6.5101958525345625,Open-Meteo archive
Oita,True,1971,1971-03-30 00:00:00,1971-04-05 00:00:00,Not stated,1971-03-30,1971-04-05,89.0,95.0,6.0,True,False,False,True,True,33.235,131.6183,5.439285714285715,7.951612903225806,6.6954493087557605,Open-Meteo archive
Kagoshima,True,1971,1971-03-30 00:00:00,1971-04-03 00:00:00,Not stated,1971-03-30,1971-04-03,89.0,93.0,4.0,True,False,False,True,True,31.555,130.5467,8.325,10.52258064516129,9.423790322580643,Open-Meteo archive
Asahikawa,True,1972,1972-04-30 00:00:00,1972-05-04 00:00:00,Sargent cherry (Prunus sargentii),1972-04-30,1972-05-04,120.0,124.0,4.0,False,False,False,True,True,43.7567,142.3717,-8.055172413793104,-2.5999999999999996,-5.327586206896552,Open-Meteo archive
Iwamizawa,False,1972,1972-05-04 00:00:00,1972-05-06 00:00:00,Sargent cherry (Prunus sargentii),1972-05-04,1972-05-06,124.0,126.0,2.0,False,False,False,True,True,43.2117,141.785,-6.282758620689655,-1.2935483870967743,-3.7881535038932146,Open-Meteo archive
Urakawa,False,1972,1972-05-03 00:00:00,1972-05-06 00:00:00,Sargent cherry (Prunus sargentii),1972-05-03,1972-05-06,123.0,126.0,3.0,False,False,False,True,True,42.1617,142.7767,-3.810344827586207,0.0225806451612903,-1.8938820912124583,Open-Meteo archive
Aomori,True,1972,1972-04-24 00:00:00,1972-04-29 00:00:00,Not stated,1972-04-24,1972-04-29,114.0,119.0,5.0,True,False,False,True,True,40.8217,140.7683,-2.1551724137931036,1.535483870967742,-0.3098442714126808,Open-Meteo archive
Akita,True,1972,1972-04-17 00:00:00,1972-04-22 00:00:00,Not stated,1972-04-17,1972-04-22,107.0,112.0,5.0,True,False,False,True,True,39.7167,140.0983,-0.5172413793103449,3.7161290322580647,1.59944382647386,Open-Meteo archive
Yamagata,True,1972,1972-04-12 00:00:00,1972-04-17 00:00:00,Not stated,1972-04-12,1972-04-17,102.0,107.0,5.0,True,False,False,True,True,38.255,140.345,-2.0344827586206895,2.1516129032258067,0.058565072302558585,Open-Meteo archive
Nagano,True,1972,1972-04-07 00:00:00,1972-04-17 00:00:00,Not stated,1972-04-07,1972-04-17,97.0,107.0,10.0,True,False,False,True,True,36.6617,138.1917,-1.627586206896552,1.6258064516129032,-0.0008898776418244658,Open-Meteo archive
Fukui,True,1972,1972-04-04 00:00:00,1972-04-10 00:00:00,Not stated,1972-04-04,1972-04-10,94.0,100.0,6.0,True,False,False,True,True,36.055,136.2217,3.796551724137931,6.348387096774194,5.072469410456062,Open-Meteo archive
Shizuoka,True,1972,1972-03-27 00:00:00,1972-04-06 00:00:00,Not stated,1972-03-27,1972-04-06,86.0,96.0,10.0,True,False,False,True,True,34.975,138.4033,6.468965517241379,8.603225806451613,7.536095661846496,Open-Meteo archive
Matsue,True,1972,1972-04-04 00:00:00,1972-04-10 00:00:00,Not stated,1972-04-04,1972-04-10,94.0,100.0,6.0,True,False,False,True,True,35.4567,133.065,6.131034482758621,8.561290322580644,7.346162402669632,Open-Meteo archive
Kyoto,True,1972,1972-03-30 00:00:00,1972-04-07 00:00:00,Not stated,1972-03-30,1972-04-07,89.0,97.0,8.0,True,False,False,True,True,35.0117,135.735,4.393103448275863,7.412903225806452,5.903003337041158,Open-Meteo archive
Kobe,True,1972,1972-03-31 00:00:00,1972-04-05 00:00:00,Not stated,1972-03-31,1972-04-05,90.0,95.0,5.0,True,False,False,True,True,34.6967,135.2117,5.813793103448275,8.503225806451614,7.158509454949945,Open-Meteo archive
Osaka,True,1972,1972-03-30 00:00:00,1972-04-05 00:00:00,Not stated,1972-03-30,1972-04-05,89.0,95.0,6.0,True,False,False,True,True,34.6817,135.5183,4.720689655172414,7.793548387096774,6.257119021134594,Open-Meteo archive
Nara,True,1972,1972-04-01 00:00:00,1972-04-06 00:00:00,Not stated,1972-04-01,1972-04-06,91.0,96.0,5.0,True,False,False,True,True,34.6733,135.8317,4.310344827586207,7.15483870967742,5.7325917686318135,Open-Meteo archive
Kochi,True,1972,1972-03-22 00:00:00,1972-03-30 00:00:00,Not stated,1972-03-22,1972-03-30,81.0,89.0,8.0,True,False,False,True,True,33.5667,133.5483,6.306896551724138,9.138709677419357,7.7228031145717475,Open-Meteo archive
Fukuoka,True,1972,1972-03-30 00:00:00,1972-04-05 00:00:00,Not stated,1972-03-30,1972-04-05,89.0,95.0,6.0,True,False,False,True,True,33.5817,130.3767,6.6482758620689655,9.319354838709677,7.983815350389321,Open-Meteo archive
Oita,True,1972,1972-03-28 00:00:00,1972-04-06 00:00:00,Not stated,1972-03-28,1972-04-06,87.0,96.0,9.0,True,False,False,True,True,33.235,131.6183,6.6000000000000005,9.541935483870969,8.070967741935485,Open-Meteo archive
Kagoshima,True,1972,1972-03-27 00:00:00,1972-04-01 00:00:00,Not stated,1972-03-27,1972-04-01,86.0,91.0,5.0,True,False,False,True,True,31.555,130.5467,9.424137931034483,11.893548387096772,10.658843159065627,Open-Meteo archive
Asahikawa,True,1973,1973-05-09 00:00:00,1973-05-11 00:00:00,Sargent cherry (Prunus sargentii),1973-05-09,1973-05-11,129.0,131.0,2.0,False,False,False,True,True,43.7567,142.3717,-6.753571428571428,-5.493548387096775,-6.123559907834101,Open-Meteo archive
Iwamizawa,False,1973,1973-05-07 00:00:00,1973-05-10 00:00:00,Sargent cherry (Prunus sargentii),1973-05-07,1973-05-10,127.0,130.0,3.0,False,False,False,True,True,43.2117,141.785,-5.060714285714285,-4.119354838709677,-4.590034562211981,Open-Meteo archive
Urakawa,False,1973,1973-05-11 00:00:00,1973-05-14 00:00:00,Sargent cherry (Prunus sargentii),1973-05-11,1973-05-14,131.0,134.0,3.0,False,False,False,True,True,42.1617,142.7767,-2.7714285714285714,-2.061290322580645,-2.4163594470046084,Open-Meteo archive
Aomori,True,1973,1973-04-22 00:00:00,1973-04-28 00:00:00,Not stated,1973-04-22,1973-04-28,112.0,118.0,6.0,True,False,False,True,True,40.8217,140.7683,-0.8571428571428571,-0.4774193548387097,-0.6672811059907834,Open-Meteo archive
Akita,True,1973,1973-04-19 00:00:00,1973-04-23 00:00:00,Not stated,1973-04-19,1973-04-23,109.0,113.0,4.0,True,False,False,True,True,39.7167,140.0983,1.025,0.8870967741935484,0.9560483870967742,Open-Meteo archive
Yamagata,True,1973,1973-04-16 00:00:00,1973-04-21 00:00:00,Not stated,1973-04-16,1973-04-21,106.0,111.0,5.0,True,False,False,True,True,38.255,140.345,-0.6607142857142857,-0.1,-0.38035714285714284,Open-Meteo archive
Nagano,True,1973,1973-04-12 00:00:00,1973-04-20 00:00:00,Not stated,1973-04-12,1973-04-20,102.0,110.0,8.0,True,False,False,True,True,36.6617,138.1917,-0.8214285714285714,-0.2096774193548387,-0.5155529953917051,Open-Meteo archive
Fukui,True,1973,1973-04-05 00:00:00,1973-04-09 00:00:00,Not stated,1973-04-05,1973-04-09,95.0,99.0,4.0,True,False,False,True,True,36.055,136.2217,3.992857142857143,4.835483870967742,4.414170506912443,Open-Meteo archive
Shizuoka,True,1973,1973-03-29 00:00:00,1973-04-06 00:00:00,Not stated,1973-03-29,1973-04-06,88.0,96.0,8.0,True,False,False,True,True,34.975,138.4033,7.175,7.945161290322581,7.560080645161291,Open-Meteo archive
Matsue,True,1973,1973-04-01 00:00:00,1973-04-07 00:00:00,Not stated,1973-04-01,1973-04-07,91.0,97.0,6.0,True,False,False,True,True,35.4567,133.065,7.125,8.074193548387097,7.599596774193548,Open-Meteo archive
Kyoto,True,1973,1973-04-01 00:00:00,1973-04-08 00:00:00,Not stated,1973-04-01,1973-04-08,91.0,98.0,7.0,True,False,False,True,True,35.0117,135.735,4.853571428571429,5.993548387096775,5.423559907834102,Open-Meteo archive
Kobe,True,1973,1973-03-29 00:00:00,1973-04-04 00:00:00,Not stated,1973-03-29,1973-04-04,88.0,94.0,6.0,True,False,False,True,True,34.6967,135.2117,6.207142857142857,7.487096774193549,6.8471198156682025,Open-Meteo archive
Osaka,True,1973,1973-03-31 00:00:00,1973-04-05 00:00:00,Not stated,1973-03-31,1973-04-05,90.0,95.0,5.0,True,False,False,True,True,34.6817,135.5183,5.353571428571429,6.483870967741935,5.918721198156682,Open-Meteo archive
Nara,True,1973,1973-03-31 00:00:00,1973-04-05 00:00:00,Not stated,1973-03-31,1973-04-05,90.0,95.0,5.0,True,False,False,True,True,34.6733,135.8317,4.835714285714286,5.832258064516129,5.333986175115207,Open-Meteo archive
Kochi,True,1973,1973-03-23 00:00:00,1973-03-31 00:00:00,Not stated,1973-03-23,1973-03-31,82.0,90.0,8.0,True,False,False,True,True,33.5667,133.5483,7.1571428571428575,8.438709677419356,7.797926267281106,Open-Meteo archive
Fukuoka,True,1973,1973-03-28 00:00:00,1973-04-02 00:00:00,Not stated,1973-03-28,1973-04-02,87.0,92.0,5.0,True,False,False,True,True,33.5817,130.3767,7.353571428571429,9.061290322580644,8.207430875576037,Open-Meteo archive
Oita,True,1973,1973-03-27 00:00:00,1973-04-02 00:00:00,Not stated,1973-03-27,1973-04-02,86.0,92.0,6.0,True,False,False,True,True,33.235,131.6183,7.160714285714286,8.90967741935484,8.035195852534562,Open-Meteo archive
Kagoshima,True,1973,1973-03-26 00:00:00,1973-03-31 00:00:00,Not stated,1973-03-26,1973-03-31,85.0,90.0,5.0,True,False,False,True,True,31.555,130.5467,10.335714285714284,11.34516129032258,10.84043778801843,Open-Meteo archive
Wakkanai,True,1974,1974-05-19 00:00:00,1974-05-22 00:00:00,Sargent cherry (Prunus sargentii),1974-05-19,1974-05-22,139.0,142.0,3.0,False,False,False,True,True,45.415,141.6783,-5.132142857142857,-2.8548387096774195,-3.993490783410138,Open-Meteo archive
Asahikawa,True,1974,1974-05-13 00:00:00,1974-05-15 00:00:00,Sargent cherry (Prunus sargentii),1974-05-13,1974-05-15,133.0,135.0,2.0,False,False,False,True,True,43.7567,142.3717,-7.371428571428572,-4.632258064516129,-6.00184331797235,Open-Meteo archive
Iwamizawa,False,1974,1974-05-11 00:00:00,1974-05-14 00:00:00,Sargent cherry (Prunus sargentii),1974-05-11,1974-05-14,131.0,134.0,3.0,False,False,False,True,True,43.2117,141.785,-5.6499999999999995,-3.0483870967741935,-4.349193548387096,Open-Meteo archive
Urakawa,False,1974,1974-05-12 00:00:00,1974-05-16 00:00:00,Sargent cherry (Prunus sargentii),1974-05-12,1974-05-16,132.0,136.0,4.0,False,False,False,True,True,42.1617,142.7767,-3.539285714285714,-1.716129032258065,-2.6277073732718894,Open-Meteo archive
Aomori,True,1974,1974-05-01 00:00:00,1974-05-07 00:00:00,Not stated,1974-05-01,1974-05-07,121.0,127.0,6.0,True,False,False,True,True,40.8217,140.7683,-2.2035714285714287,-0.2,-1.2017857142857145,Open-Meteo archive
Akita,True,1974,1974-04-26 00:00:00,1974-04-30 00:00:00,Not stated,1974-04-26,1974-04-30,116.0,120.0,4.0,True,False,False,True,True,39.7167,140.0983,-0.175,1.3903225806451611,0.6076612903225805,Open-Meteo archive
Yamagata,True,1974,1974-04-24 00:00:00,1974-04-28 00:00:00,Not stated,1974-04-24,1974-04-28,114.0,118.0,4.0,True,False,False,True,True,38.255,140.345,-1.6785714285714286,0.2032258064516129,-0.7376728110599079,Open-Meteo archive
Nagano,True,1974,1974-04-17 00:00:00,1974-04-22 00:00:00,Not stated,1974-04-17,1974-04-22,107.0,112.0,5.0,True,False,False,True,True,36.6617,138.1917,-2.492857142857143,0.2032258064516128,-1.144815668202765,Open-Meteo archive
Fukui,True,1974,1974-04-07 00:00:00,1974-04-12 00:00:00,Not stated,1974-04-07,1974-04-12,97.0,102.0,5.0,True,False,False,True,True,36.055,136.2217,2.0785714285714283,4.238709677419355,3.158640552995392,Open-Meteo archive
Shizuoka,True,1974,1974-03-29 00:00:00,1974-04-05 00:00:00,Not stated,1974-03-29,1974-04-05,88.0,95.0,7.0,True,False,False,True,True,34.975,138.4033,5.589285714285714,7.435483870967742,6.512384792626728,Open-Meteo archive
Matsue,True,1974,1974-04-06 00:00:00,1974-04-11 00:00:00,Not stated,1974-04-06,1974-04-11,96.0,101.0,5.0,True,False,False,True,True,35.4567,133.065,4.853571428571429,7.367741935483871,6.11065668202765,Open-Meteo archive
Kyoto,True,1974,1974-04-04 00:00:00,1974-04-09 00:00:00,Not stated,1974-04-04,1974-04-09,94.0,99.0,5.0,True,False,False,True,True,35.0117,135.735,2.742857142857143,5.9,4.321428571428571,Open-Meteo archive
Kobe,True,1974,1974-04-01 00:00:00,1974-04-07 00:00:00,Not stated,1974-04-01,1974-04-07,91.0,97.0,6.0,True,False,False,True,True,34.6967,135.2117,4.414285714285714,7.135483870967741,5.774884792626727,Open-Meteo archive
Osaka,True,1974,1974-04-03 00:00:00,1974-04-08 00:00:00,Not stated,1974-04-03,1974-04-08,93.0,98.0,5.0,True,False,False,True,True,34.6817,135.5183,3.4250000000000003,6.358064516129032,4.891532258064516,Open-Meteo archive
Nara,True,1974,1974-04-05 00:00:00,1974-04-08 00:00:00,Not stated,1974-04-05,1974-04-08,95.0,98.0,3.0,True,False,False,True,True,34.6733,135.8317,3.0785714285714287,5.819354838709677,4.448963133640553,Open-Meteo archive
Kochi,True,1974,1974-03-23 00:00:00,1974-03-31 00:00:00,Not stated,1974-03-23,1974-03-31,82.0,90.0,8.0,True,False,False,True,True,33.5667,133.5483,5.082142857142857,7.72258064516129,6.402361751152074,Open-Meteo archive
Fukuoka,True,1974,1974-03-30 00:00:00,1974-04-04 00:00:00,Not stated,1974-03-30,1974-04-04,89.0,94.0,5.0,True,False,False,True,True,33.5817,130.3767,5.296428571428572,8.151612903225805,6.724020737327189,Open-Meteo archive
Oita,True,1974,1974-03-29 00:00:00,1974-04-02 00:00:00,Not stated,1974-03-29,1974-04-02,88.0,92.0,4.0,True,False,False,True,True,33.235,131.6183,5.221428571428571,8.158064516129032,6.689746543778801,Open-Meteo archive
Kagoshima,True,1974,1974-03-23 00:00:00,1974-04-03 00:00:00,Not stated,1974-03-23,1974-04-03,82.0,93.0,11.0,True,False,False,True,True,31.555,130.5467,8.067857142857143,10.593548387096773,9.330702764976959,Open-Meteo archive
Wakkanai,True,1975,1975-05-19 00:00:00,1975-05-22 00:00:00,Sargent cherry (Prunus sargentii),1975-05-19,1975-05-22,139.0,142.0,3.0,False,False,False,True,True,45.415,141.6783,-5.846428571428571,-1.8258064516129031,-3.8361175115207367,Open-Meteo archive
Asahikawa,True,1975,1975-05-08 00:00:00,1975-05-12 00:00:00,Sargent cherry (Prunus sargentii),1975-05-08,1975-05-12,128.0,132.0,4.0,False,False,False,True,True,43.7567,142.3717,-8.635714285714286,-3.841935483870968,-6.238824884792627,Open-Meteo archive
Iwamizawa,False,1975,1975-05-08 00:00:00,1975-05-11 00:00:00,Sargent cherry (Prunus sargentii),1975-05-08,1975-05-11,128.0,131.0,3.0,False,False,False,True,True,43.2117,141.785,-7.346428571428571,-2.435483870967742,-4.890956221198156,Open-Meteo archive
Urakawa,False,1975,1975-05-08 00:00:00,1975-05-12 00:00:00,Sargent cherry (Prunus sargentii),1975-05-08,1975-05-12,128.0,132.0,4.0,False,False,False,True,True,42.1617,142.7767,-4.635714285714286,-1.135483870967742,-2.885599078341014,Open-Meteo archive
Aomori,True,1975,1975-04-26 00:00:00,1975-05-01 00:00:00,Not stated,1975-04-26,1975-05-01,116.0,121.0,5.0,True,False,False,True,True,40.8217,140.7683,-3.121428571428571,0.6096774193548388,-1.255875576036866,Open-Meteo archive
Akita,True,1975,1975-04-21 00:00:00,1975-04-25 00:00:00,Not stated,1975-04-21,1975-04-25,111.0,115.0,4.0,True,False,False,True,True,39.7167,140.0983,-0.6107142857142858,2.4451612903225803,0.9172235023041473,Open-Meteo archive
Yamagata,True,1975,1975-04-17 00:00:00,1975-04-22 00:00:00,Not stated,1975-04-17,1975-04-22,107.0,112.0,5.0,True,False,False,True,True,38.255,140.345,-2.335714285714286,0.8967741935483872,-0.7194700460829493,Open-Meteo archive
Nagano,True,1975,1975-04-15 00:00:00,1975-04-19 00:00:00,Not stated,1975-04-15,1975-04-19,105.0,109.0,4.0,True,False,False,True,True,36.6617,138.1917,-2.8035714285714284,1.064516129032258,-0.8695276497695852,Open-Meteo archive
Fukui,True,1975,1975-04-07 00:00:00,1975-04-12 00:00:00,Not stated,1975-04-07,1975-04-12,97.0,102.0,5.0,True,False,False,True,True,36.055,136.2217,2.1142857142857143,5.577419354838709,3.845852534562212,Open-Meteo archive
Shizuoka,True,1975,1975-03-30 00:00:00,1975-04-06 00:00:00,Not stated,1975-03-30,1975-04-06,89.0,96.0,7.0,True,False,False,True,True,34.975,138.4033,4.664285714285714,7.825806451612903,6.245046082949308,Open-Meteo archive
Matsue,True,1975,1975-04-07 00:00:00,1975-04-11 00:00:00,Not stated,1975-04-07,1975-04-11,97.0,101.0,4.0,True,False,False,True,True,35.4567,133.065,4.739285714285714,8.003225806451614,6.371255760368664,Open-Meteo archive
Kyoto,True,1975,1975-04-04 00:00:00,1975-04-10 00:00:00,Not stated,1975-04-04,1975-04-10,94.0,100.0,6.0,True,False,False,True,True,35.0117,135.735,2.625,6.509677419354839,4.567338709677419,Open-Meteo archive
Kobe,True,1975,1975-03-31 00:00:00,1975-04-07 00:00:00,Not stated,1975-03-31,1975-04-07,90.0,97.0,7.0,True,False,False,True,True,34.6967,135.2117,4.307142857142857,7.774193548387097,6.0406682027649765,Open-Meteo archive
Osaka,True,1975,1975-04-02 00:00:00,1975-04-09 00:00:00,Not stated,1975-04-02,1975-04-09,92.0,99.0,7.0,True,False,False,True,True,34.6817,135.5183,3.492857142857143,7.116129032258065,5.304493087557604,Open-Meteo archive
Nara,True,1975,1975-04-05 00:00:00,1975-04-09 00:00:00,Not stated,1975-04-05,1975-04-09,95.0,99.0,4.0,True,False,False,True,True,34.6733,135.8317,2.564285714285714,6.403225806451613,4.4837557603686635,Open-Meteo archive
Kochi,True,1975,1975-03-24 00:00:00,1975-03-31 00:00:00,Not stated,1975-03-24,1975-03-31,83.0,90.0,7.0,True,False,False,True,True,33.5667,133.5483,5.153571428571429,8.748387096774193,6.950979262672812,Open-Meteo archive
Fukuoka,True,1975,1975-04-01 00:00:00,1975-04-06 00:00:00,Not stated,1975-04-01,1975-04-06,91.0,96.0,5.0,True,False,False,True,True,33.5817,130.3767,5.039285714285714,8.680645161290323,6.859965437788018,Open-Meteo archive
Oita,True,1975,1975-03-29 00:00:00,1975-04-06 00:00:00,Not stated,1975-03-29,1975-04-06,88.0,96.0,8.0,True,False,False,True,True,33.235,131.6183,5.3,8.748387096774193,7.024193548387096,Open-Meteo archive
Kagoshima,True,1975,1975-03-29 00:00:00,1975-04-10 00:00:00,Not stated,1975-03-29,1975-04-10,88.0,100.0,12.0,True,False,False,True,True,31.555,130.5467,8.264285714285714,10.993548387096777,9.628917050691246,Open-Meteo archive
Wakkanai,True,1976,1976-05-20 00:00:00,1976-05-23 00:00:00,Sargent cherry (Prunus sargentii),1976-05-20,1976-05-23,140.0,143.0,3.0,False,False,False,True,True,45.415,141.6783,-4.162068965517242,-2.361290322580645,-3.2616796440489435,Open-Meteo archive
Asahikawa,True,1976,1976-05-11 00:00:00,1976-05-14 00:00:00,Sargent cherry (Prunus sargentii),1976-05-11,1976-05-14,131.0,134.0,3.0,False,False,False,True,True,43.7567,142.3717,-6.820689655172413,-3.8451612903225807,-5.332925472747497,Open-Meteo archive
Iwamizawa,False,1976,1976-05-09 00:00:00,1976-05-13 00:00:00,Sargent cherry (Prunus sargentii),1976-05-09,1976-05-13,129.0,133.0,4.0,False,False,False,True,True,43.2117,141.785,-5.020689655172413,-2.358064516129032,-3.6893770856507224,Open-Meteo archive
Urakawa,False,1976,1976-05-15 00:00:00,1976-05-17 00:00:00,Sargent cherry (Prunus sargentii),1976-05-15,1976-05-17,135.0,137.0,2.0,False,False,False,True,True,42.1617,142.7767,-3.027586206896552,-1.1129032258064515,-2.0702447163515014,Open-Meteo archive
Aomori,True,1976,1976-04-25 00:00:00,1976-05-04 00:00:00,Not stated,1976-04-25,1976-05-04,115.0,124.0,9.0,True,False,False,True,True,40.8217,140.7683,-2.020689655172414,0.9838709677419356,-0.5184093437152393,Open-Meteo archive
Akita,True,1976,1976-04-23 00:00:00,1976-04-28 00:00:00,Not stated,1976-04-23,1976-04-28,113.0,118.0,5.0,True,False,False,True,True,39.7167,140.0983,0.1,2.6870967741935483,1.3935483870967742,Open-Meteo archive
Yamagata,True,1976,1976-04-18 00:00:00,1976-04-23 00:00:00,Not stated,1976-04-18,1976-04-23,108.0,113.0,5.0,True,False,False,True,True,38.255,140.345,-1.182758620689655,0.6967741935483871,-0.24299221357063394,Open-Meteo archive
Nagano,True,1976,1976-04-15 00:00:00,1976-04-20 00:00:00,Not stated,1976-04-15,1976-04-20,105.0,110.0,5.0,True,False,False,True,True,36.6617,138.1917,-0.5310344827586208,1.5161290322580645,0.4925472747497219,Open-Meteo archive
Fukui,True,1976,1976-04-02 00:00:00,1976-04-10 00:00:00,Not stated,1976-04-02,1976-04-10,92.0,100.0,8.0,True,False,False,True,True,36.055,136.2217,4.706896551724138,6.145161290322581,5.426028921023359,Open-Meteo archive
Shizuoka,True,1976,1976-03-23 00:00:00,1976-03-30 00:00:00,Not stated,1976-03-23,1976-03-30,82.0,89.0,7.0,True,False,False,True,True,34.975,138.4033,7.410344827586207,9.174193548387096,8.292269187986651,Open-Meteo archive
Matsue,True,1976,1976-04-02 00:00:00,1976-04-13 00:00:00,Not stated,1976-04-02,1976-04-13,92.0,103.0,11.0,True,False,False,True,True,35.4567,133.065,7.631034482758621,8.248387096774193,7.939710789766407,Open-Meteo archive
Kyoto,True,1976,1976-03-29 00:00:00,1976-04-09 00:00:00,Not stated,1976-03-29,1976-04-09,88.0,99.0,11.0,True,False,False,True,True,35.0117,135.735,5.824137931034483,7.135483870967741,6.4798109010011125,Open-Meteo archive
Kobe,True,1976,1976-03-25 00:00:00,1976-04-06 00:00:00,Not stated,1976-03-25,1976-04-06,84.0,96.0,12.0,True,False,False,True,True,34.6967,135.2117,6.979310344827587,8.33548387096774,7.657397107897664,Open-Meteo archive
Osaka,True,1976,1976-03-29 00:00:00,1976-04-07 00:00:00,Not stated,1976-03-29,1976-04-07,88.0,97.0,9.0,True,False,False,True,True,34.6817,135.5183,6.182758620689656,7.548387096774194,6.865572858731925,Open-Meteo archive
Nara,True,1976,1976-03-30 00:00:00,1976-04-05 00:00:00,Not stated,1976-03-30,1976-04-05,89.0,95.0,6.0,True,False,False,True,True,34.6733,135.8317,5.789655172413793,7.048387096774194,6.419021134593994,Open-Meteo archive
Kochi,True,1976,1976-03-23 00:00:00,1976-03-30 00:00:00,Not stated,1976-03-23,1976-03-30,82.0,89.0,7.0,True,False,False,True,True,33.5667,133.5483,7.8310344827586205,9.13548387096774,8.48325917686318,Open-Meteo archive
Fukuoka,True,1976,1976-03-22 00:00:00,1976-04-02 00:00:00,Not stated,1976-03-22,1976-04-02,81.0,92.0,11.0,True,False,False,True,True,33.5817,130.3767,8.324137931034484,8.890322580645162,8.607230255839823,Open-Meteo archive
Oita,True,1976,1976-03-29 00:00:00,1976-04-10 00:00:00,Not stated,1976-03-29,1976-04-10,88.0,100.0,12.0,True,False,False,True,True,33.235,131.6183,8.16551724137931,8.829032258064515,8.497274749721914,Open-Meteo archive
Kagoshima,True,1976,1976-03-25 00:00:00,1976-04-01 00:00:00,Not stated,1976-03-25,1976-04-01,84.0,91.0,7.0,True,False,False,True,True,31.555,130.5467,10.93793103448276,11.264516129032256,11.101223581757509,Open-Meteo archive
Wakkanai,True,1977,1977-05-21 00:00:00,1977-05-26 00:00:00,Sargent cherry (Prunus sargentii),1977-05-21,1977-05-26,141.0,146.0,5.0,False,False,False,True,True,45.415,141.6783,-7.425,-1.8161290322580643,-4.620564516129032,Open-Meteo archive
Asahikawa,True,1977,1977-05-13 00:00:00,1977-05-14 00:00:00,Sargent cherry (Prunus sargentii),1977-05-13,1977-05-14,133.0,134.0,1.0,False,False,False,True,True,43.7567,142.3717,-10.4,-3.4741935483870967,-6.937096774193549,Open-Meteo archive
Iwamizawa,False,1977,1977-05-12 00:00:00,1977-05-15 00:00:00,Sargent cherry (Prunus sargentii),1977-05-12,1977-05-15,132.0,135.0,3.0,False,False,False,True,True,43.2117,141.785,-8.560714285714285,-2.064516129032258,-5.3126152073732715,Open-Meteo archive
Urakawa,False,1977,1977-05-14 00:00:00,1977-05-16 00:00:00,Sargent cherry (Prunus sargentii),1977-05-14,1977-05-16,134.0,136.0,2.0,False,False,False,True,True,42.1617,142.7767,-5.253571428571428,-1.103225806451613,-3.1783986175115206,Open-Meteo archive
Aomori,True,1977,1977-05-02 00:00:00,1977-05-07 00:00:00,Not stated,1977-05-02,1977-05-07,122.0,127.0,5.0,True,False,False,True,True,40.8217,140.7683,-3.142857142857143,1.6096774193548389,-0.766589861751152,Open-Meteo archive
Akita,True,1977,1977-04-22 00:00:00,1977-04-27 00:00:00,Not stated,1977-04-22,1977-04-27,112.0,117.0,5.0,True,False,False,True,True,39.7167,140.0983,-0.85,2.7419354838709675,0.9459677419354837,Open-Meteo archive
Yamagata,True,1977,1977-04-15 00:00:00,1977-04-22 00:00:00,Not stated,1977-04-15,1977-04-22,105.0,112.0,7.0,True,False,False,True,True,38.255,140.345,-2.5321428571428575,1.3483870967741935,-0.591877880184332,Open-Meteo archive
Nagano,True,1977,1977-04-15 00:00:00,1977-04-18 00:00:00,Not stated,1977-04-15,1977-04-18,105.0,108.0,3.0,True,False,False,True,True,36.6617,138.1917,-3.189285714285714,2.161290322580645,-0.5139976958525345,Open-Meteo archive
Fukui,True,1977,1977-04-10 00:00:00,1977-04-13 00:00:00,Not stated,1977-04-10,1977-04-13,100.0,103.0,3.0,True,False,False,True,True,36.055,136.2217,1.3035714285714286,5.890322580645161,3.5969470046082948,Open-Meteo archive
Shizuoka,True,1977,1977-03-22 00:00:00,1977-03-28 00:00:00,Not stated,1977-03-22,1977-03-28,81.0,87.0,6.0,True,False,False,True,True,34.975,138.4033,4.464285714285714,9.32258064516129,6.893433179723502,Open-Meteo archive
Matsue,True,1977,1977-04-01 00:00:00,1977-04-05 00:00:00,Not stated,1977-04-01,1977-04-05,91.0,95.0,4.0,True,False,False,True,True,35.4567,133.065,3.721428571428571,8.66451612903226,6.1929723502304155,Open-Meteo archive
Kyoto,True,1977,1977-03-29 00:00:00,1977-04-03 00:00:00,Not stated,1977-03-29,1977-04-03,88.0,93.0,5.0,True,False,False,True,True,35.0117,135.735,2.1714285714285713,7.725806451612903,4.948617511520737,Open-Meteo archive
Kobe,True,1977,1977-03-26 00:00:00,1977-03-31 00:00:00,Not stated,1977-03-26,1977-03-31,85.0,90.0,5.0,True,False,False,True,True,34.6967,135.2117,3.4785714285714286,9.141935483870968,6.310253456221199,Open-Meteo archive
Osaka,True,1977,1977-03-27 00:00:00,1977-04-01 00:00:00,Not stated,1977-03-27,1977-04-01,86.0,91.0,5.0,True,False,False,True,True,34.6817,135.5183,2.7178571428571425,8.212903225806452,5.4653801843317975,Open-Meteo archive
Nara,True,1977,1977-03-30 00:00:00,1977-04-04 00:00:00,Not stated,1977-03-30,1977-04-04,89.0,94.0,5.0,True,False,False,True,True,34.6733,135.8317,1.9714285714285715,7.829032258064516,4.900230414746543,Open-Meteo archive
Kochi,True,1977,1977-03-20 00:00:00,1977-03-27 00:00:00,Not stated,1977-03-20,1977-03-27,79.0,86.0,7.0,True,False,False,True,True,33.5667,133.5483,2.835714285714286,9.416129032258064,6.125921658986175,Open-Meteo archive
Fukuoka,True,1977,1977-03-23 00:00:00,1977-03-29 00:00:00,Not stated,1977-03-23,1977-03-29,82.0,88.0,6.0,True,False,False,True,True,33.5817,130.3767,3.814285714285714,9.28064516129032,6.547465437788016,Open-Meteo archive
Oita,True,1977,1977-03-23 00:00:00,1977-03-30 00:00:00,Not stated,1977-03-23,1977-03-30,82.0,89.0,7.0,True,False,False,True,True,33.235,131.6183,3.128571428571429,9.283870967741937,6.206221198156683,Open-Meteo archive
Kagoshima,True,1977,1977-03-18 00:00:00,1977-03-26 00:00:00,Not stated,1977-03-18,1977-03-26,77.0,85.0,8.0,True,False,False,True,True,31.555,130.5467,6.210714285714286,12.393548387096772,9.302131336405528,Open-Meteo archive
Wakkanai,True,1978,1978-05-16 00:00:00,1978-05-19 00:00:00,Sargent cherry (Prunus sargentii),1978-05-16,1978-05-19,136.0,139.0,3.0,False,False,False,True,True,45.415,141.6783,-8.4,-2.3161290322580643,-5.358064516129033,Open-Meteo archive
Asahikawa,True,1978,1978-05-08 00:00:00,1978-05-11 00:00:00,Sargent cherry (Prunus sargentii),1978-05-08,1978-05-11,128.0,131.0,3.0,False,False,False,True,True,43.7567,142.3717,-12.271428571428572,-4.383870967741935,-8.327649769585253,Open-Meteo archive
Iwamizawa,False,1978,1978-05-10 00:00:00,1978-05-14 00:00:00,Sargent cherry (Prunus sargentii),1978-05-10,1978-05-14,130.0,134.0,4.0,False,False,False,True,True,43.2117,141.785,-10.285714285714286,-2.958064516129032,-6.62188940092166,Open-Meteo archive
Urakawa,False,1978,1978-05-16 00:00:00,1978-05-19 00:00:00,Sargent cherry (Prunus sargentii),1978-05-16,1978-05-19,136.0,139.0,3.0,False,False,False,True,True,42.1617,142.7767,-7.2821428571428575,-1.432258064516129,-4.357200460829493,Open-Meteo archive
Aomori,True,1978,1978-05-01 00:00:00,1978-05-04 00:00:00,Not stated,1978-05-01,1978-05-04,121.0,124.0,3.0,True,False,False,True,True,40.8217,140.7683,-5.692857142857143,0.5096774193548387,-2.591589861751152,Open-Meteo archive
Akita,True,1978,1978-04-26 00:00:00,1978-04-30 00:00:00,Not stated,1978-04-26,1978-04-30,116.0,120.0,4.0,True,False,False,True,True,39.7167,140.0983,-2.835714285714286,2.0483870967741935,-0.3936635944700462,Open-Meteo archive
Yamagata,True,1978,1978-04-23 00:00:00,1978-04-27 00:00:00,Not stated,1978-04-23,1978-04-27,113.0,117.0,4.0,True,False,False,True,True,38.255,140.345,-3.4642857142857144,0.803225806451613,-1.3305299539170508,Open-Meteo archive
Nagano,True,1978,1978-04-20 00:00:00,1978-04-25 00:00:00,Not stated,1978-04-20,1978-04-25,110.0,115.0,5.0,True,False,False,True,True,36.6617,138.1917,-3.4499999999999997,0.7000000000000001,-1.3749999999999998,Open-Meteo archive
Fukui,True,1978,1978-04-12 00:00:00,1978-04-15 00:00:00,Not stated,1978-04-12,1978-04-15,102.0,105.0,3.0,True,False,False,True,True,36.055,136.2217,1.1392857142857142,4.912903225806452,3.026094470046083,Open-Meteo archive
Shizuoka,True,1978,1978-04-06 00:00:00,1978-04-10 00:00:00,Not stated,1978-04-06,1978-04-10,96.0,100.0,4.0,True,False,False,True,True,34.975,138.4033,3.9,7.658064516129032,5.779032258064516,Open-Meteo archive
Matsue,True,1978,1978-04-08 00:00:00,1978-04-14 00:00:00,Not stated,1978-04-08,1978-04-14,98.0,104.0,6.0,True,False,False,True,True,35.4567,133.065,4.114285714285715,7.803225806451613,5.958755760368664,Open-Meteo archive
Kyoto,True,1978,1978-04-08 00:00:00,1978-04-13 00:00:00,Not stated,1978-04-08,1978-04-13,98.0,103.0,5.0,True,False,False,True,True,35.0117,135.735,1.6035714285714284,5.745161290322581,3.6743663594470046,Open-Meteo archive
Kobe,True,1978,1978-04-06 00:00:00,1978-04-10 00:00:00,Not stated,1978-04-06,1978-04-10,96.0,100.0,4.0,True,False,False,True,True,34.6967,135.2117,3.539285714285714,7.364516129032259,5.451900921658987,Open-Meteo archive
Osaka,True,1978,1978-04-04 00:00:00,1978-04-10 00:00:00,Not stated,1978-04-04,1978-04-10,94.0,100.0,6.0,True,False,False,True,True,34.6817,135.5183,2.5,6.561290322580645,4.530645161290323,Open-Meteo archive
Nara,True,1978,1978-04-08 00:00:00,1978-04-11 00:00:00,Not stated,1978-04-08,1978-04-11,98.0,101.0,3.0,True,False,False,True,True,34.6733,135.8317,1.8535714285714284,5.83225806451613,3.842914746543779,Open-Meteo archive
Kochi,True,1978,1978-03-29 00:00:00,1978-04-09 00:00:00,Not stated,1978-03-29,1978-04-09,88.0,99.0,11.0,True,False,False,True,True,33.5667,133.5483,3.9214285714285713,7.912903225806452,5.917165898617512,Open-Meteo archive
Fukuoka,True,1978,1978-04-01 00:00:00,1978-04-08 00:00:00,Not stated,1978-04-01,1978-04-08,91.0,98.0,7.0,True,False,False,True,True,33.5817,130.3767,4.671428571428572,8.158064516129032,6.4147465437788025,Open-Meteo archive
Oita,True,1978,1978-03-30 00:00:00,1978-04-09 00:00:00,Not stated,1978-03-30,1978-04-09,89.0,99.0,10.0,True,False,False,True,True,33.235,131.6183,4.442857142857143,7.909677419354838,6.176267281105991,Open-Meteo archive
Kagoshima,True,1978,1978-04-01 00:00:00,1978-04-11 00:00:00,Not stated,1978-04-01,1978-04-11,91.0,101.0,10.0,True,False,False,True,True,31.555,130.5467,7.928571428571429,10.661290322580646,9.294930875576037,Open-Meteo archive
Wakkanai,True,1979,1979-05-21 00:00:00,1979-05-26 00:00:00,Sargent cherry (Prunus sargentii),1979-05-21,1979-05-26,141.0,146.0,5.0,False,False,False,True,True,45.415,141.6783,-5.517857142857143,-3.658064516129032,-4.587960829493087,Open-Meteo archive
Asahikawa,True,1979,1979-05-12 00:00:00,1979-05-15 00:00:00,Sargent cherry (Prunus sargentii),1979-05-12,1979-05-15,132.0,135.0,3.0,False,False,False,True,True,43.7567,142.3717,-6.839285714285714,-4.661290322580645,-5.75028801843318,Open-Meteo archive
Iwamizawa,False,1979,1979-05-10 00:00:00,1979-05-14 00:00:00,Sargent cherry (Prunus sargentii),1979-05-10,1979-05-14,130.0,134.0,4.0,False,False,False,True,True,43.2117,141.785,-5.542857142857143,-3.306451612903226,-4.424654377880184,Open-Meteo archive
Urakawa,False,1979,1979-05-18 00:00:00,1979-05-21 00:00:00,Sargent cherry (Prunus sargentii),1979-05-18,1979-05-21,138.0,141.0,3.0,False,False,False,True,True,42.1617,142.7767,-3.814285714285714,-1.7903225806451613,-2.8023041474654375,Open-Meteo archive
Aomori,True,1979,1979-04-30 00:00:00,1979-05-06 00:00:00,Not stated,1979-04-30,1979-05-06,120.0,126.0,6.0,True,False,False,True,True,40.8217,140.7683,-1.5821428571428573,-0.2451612903225806,-0.913652073732719,Open-Meteo archive
Akita,True,1979,1979-04-18 00:00:00,1979-04-25 00:00:00,Not stated,1979-04-18,1979-04-25,108.0,115.0,7.0,True,False,False,True,True,39.7167,140.0983,1.092857142857143,2.7225806451612904,1.9077188940092167,Open-Meteo archive
Yamagata,True,1979,1979-04-12 00:00:00,1979-04-20 00:00:00,Not stated,1979-04-12,1979-04-20,102.0,110.0,8.0,True,False,False,True,True,38.255,140.345,0.4285714285714285,1.1548387096774193,0.7917050691244238,Open-Meteo archive
Nagano,True,1979,1979-04-08 00:00:00,1979-04-11 00:00:00,Not stated,1979-04-08,1979-04-11,98.0,101.0,3.0,True,False,False,True,True,36.6617,138.1917,1.0571428571428572,1.9225806451612903,1.4898617511520738,Open-Meteo archive
Fukui,True,1979,1979-03-31 00:00:00,1979-04-06 00:00:00,Not stated,1979-03-31,1979-04-06,90.0,96.0,6.0,True,False,False,True,True,36.055,136.2217,5.989285714285714,6.506451612903225,6.24786866359447,Open-Meteo archive
Shizuoka,True,1979,1979-03-29 00:00:00,1979-04-05 00:00:00,Not stated,1979-03-29,1979-04-05,88.0,95.0,7.0,True,False,False,True,True,34.975,138.4033,7.996428571428572,8.72258064516129,8.35950460829493,Open-Meteo archive
Matsue,True,1979,1979-03-31 00:00:00,1979-04-04 00:00:00,Not stated,1979-03-31,1979-04-04,90.0,94.0,4.0,True,False,False,True,True,35.4567,133.065,7.432142857142857,8.529032258064515,7.980587557603686,Open-Meteo archive
Kyoto,True,1979,1979-03-31 00:00:00,1979-04-09 00:00:00,Not stated,1979-03-31,1979-04-09,90.0,99.0,9.0,True,False,False,True,True,35.0117,135.735,6.228571428571429,6.951612903225806,6.590092165898618,Open-Meteo archive
Kobe,True,1979,1979-03-29 00:00:00,1979-04-07 00:00:00,Not stated,1979-03-29,1979-04-07,88.0,97.0,9.0,True,False,False,True,True,34.6967,135.2117,7.403571428571429,8.212903225806452,7.808237327188941,Open-Meteo archive
Osaka,True,1979,1979-03-29 00:00:00,1979-04-09 00:00:00,Not stated,1979-03-29,1979-04-09,88.0,99.0,11.0,True,False,False,True,True,34.6817,135.5183,6.75,7.516129032258065,7.133064516129032,Open-Meteo archive
Nara,True,1979,1979-03-30 00:00:00,1979-04-06 00:00:00,Not stated,1979-03-30,1979-04-06,89.0,96.0,7.0,True,False,False,True,True,34.6733,135.8317,6.110714285714286,6.880645161290323,6.495679723502304,Open-Meteo archive
Kochi,True,1979,1979-03-26 00:00:00,1979-04-03 00:00:00,Not stated,1979-03-26,1979-04-03,85.0,93.0,8.0,True,False,False,True,True,33.5667,133.5483,7.832142857142857,8.938709677419356,8.385426267281106,Open-Meteo archive
Fukuoka,True,1979,1979-03-28 00:00:00,1979-04-06 00:00:00,Not stated,1979-03-28,1979-04-06,87.0,96.0,9.0,True,False,False,True,True,33.5817,130.3767,7.417857142857143,9.293548387096775,8.355702764976959,Open-Meteo archive
Oita,True,1979,1979-03-29 00:00:00,1979-04-08 00:00:00,Not stated,1979-03-29,1979-04-08,88.0,98.0,10.0,True,False,False,True,True,33.235,131.6183,7.578571428571428,9.064516129032258,8.321543778801843,Open-Meteo archive
Kagoshima,True,1979,1979-03-30 00:00:00,1979-04-05 00:00:00,Not stated,1979-03-30,1979-04-05,89.0,95.0,6.0,True,False,False,True,True,31.555,130.5467,10.175,11.33548387096774,10.75524193548387,Open-Meteo archive
Wakkanai,True,1980,1980-05-25 00:00:00,1980-05-27 00:00:00,Sargent cherry (Prunus sargentii),1980-05-25,1980-05-27,145.0,147.0,2.0,False,False,False,True,True,45.415,141.6783,-8.73793103448276,-3.0290322580645164,-5.883481646273638,Open-Meteo archive
Asahikawa,True,1980,1980-05-16 00:00:00,1980-05-19 00:00:00,Sargent cherry (Prunus sargentii),1980-05-16,1980-05-19,136.0,139.0,3.0,False,False,False,True,True,43.7567,142.3717,-10.572413793103449,-4.887096774193548,-7.729755283648498,Open-Meteo archive
Iwamizawa,False,1980,1980-05-15 00:00:00,1980-05-18 00:00:00,Sargent cherry (Prunus sargentii),1980-05-15,1980-05-18,135.0,138.0,3.0,False,False,False,True,True,43.2117,141.785,-8.079310344827586,-3.2548387096774194,-5.6670745272525025,Open-Meteo archive
Urakawa,False,1980,1980-05-19 00:00:00,1980-05-21 00:00:00,Sargent cherry (Prunus sargentii),1980-05-19,1980-05-21,139.0,141.0,2.0,False,False,False,True,True,42.1617,142.7767,-5.962068965517242,-1.5516129032258066,-3.756840934371524,Open-Meteo archive
Aomori,True,1980,1980-05-04 00:00:00,1980-05-09 00:00:00,Not stated,1980-05-04,1980-05-09,124.0,129.0,5.0,True,False,False,True,True,40.8217,140.7683,-4.779310344827586,-0.4935483870967742,-2.63642936596218,Open-Meteo archive
Akita,True,1980,1980-04-23 00:00:00,1980-04-28 00:00:00,Not stated,1980-04-23,1980-04-28,113.0,118.0,5.0,True,False,False,True,True,39.7167,140.0983,-2.0586206896551724,1.3096774193548388,-0.3744716351501668,Open-Meteo archive
Yamagata,True,1980,1980-04-21 00:00:00,1980-04-27 00:00:00,Not stated,1980-04-21,1980-04-27,111.0,117.0,6.0,True,False,False,True,True,38.255,140.345,-3.079310344827586,0.3709677419354839,-1.354171301446051,Open-Meteo archive
Nagano,True,1980,1980-04-18 00:00:00,1980-04-22 00:00:00,Not stated,1980-04-18,1980-04-22,108.0,112.0,4.0,True,False,False,True,True,36.6617,138.1917,-3.4172413793103447,0.4387096774193549,-1.4892658509454948,Open-Meteo archive
Fukui,True,1980,1980-04-08 00:00:00,1980-04-11 00:00:00,Not stated,1980-04-08,1980-04-11,98.0,101.0,3.0,True,False,False,True,True,36.055,136.2217,1.362068965517241,4.896774193548388,3.1294215795328144,Open-Meteo archive
Shizuoka,True,1980,1980-03-31 00:00:00,1980-04-07 00:00:00,Not stated,1980-03-31,1980-04-07,90.0,97.0,7.0,True,False,False,True,True,34.975,138.4033,3.655172413793104,8.087096774193547,5.871134593993325,Open-Meteo archive
Matsue,True,1980,1980-04-03 00:00:00,1980-04-10 00:00:00,Not stated,1980-04-03,1980-04-10,93.0,100.0,7.0,True,False,False,True,True,35.4567,133.065,3.775862068965518,7.683870967741936,5.729866518353727,Open-Meteo archive
Kyoto,True,1980,1980-04-05 00:00:00,1980-04-08 00:00:00,Not stated,1980-04-05,1980-04-08,95.0,98.0,3.0,True,False,False,True,True,35.0117,135.735,1.4793103448275862,5.512903225806451,3.4961067853170187,Open-Meteo archive
Kobe,True,1980,1980-04-03 00:00:00,1980-04-08 00:00:00,Not stated,1980-04-03,1980-04-08,93.0,98.0,5.0,True,False,False,True,True,34.6967,135.2117,3.151724137931035,7.119354838709677,5.135539488320356,Open-Meteo archive
Osaka,True,1980,1980-04-03 00:00:00,1980-04-09 00:00:00,Not stated,1980-04-03,1980-04-09,93.0,99.0,6.0,True,False,False,True,True,34.6817,135.5183,2.317241379310345,6.193548387096774,4.255394883203559,Open-Meteo archive
Nara,True,1980,1980-04-04 00:00:00,1980-04-08 00:00:00,Not stated,1980-04-04,1980-04-08,94.0,98.0,4.0,True,False,False,True,True,34.6733,135.8317,1.3482758620689657,5.732258064516128,3.540266963292547,Open-Meteo archive
Kochi,True,1980,1980-03-26 00:00:00,1980-04-02 00:00:00,Not stated,1980-03-26,1980-04-02,85.0,92.0,7.0,True,False,False,True,True,33.5667,133.5483,3.555172413793103,8.096774193548388,5.825973303670746,Open-Meteo archive
Fukuoka,True,1980,1980-03-30 00:00:00,1980-04-05 00:00:00,Not stated,1980-03-30,1980-04-05,89.0,95.0,6.0,True,False,False,True,True,33.5817,130.3767,4.010344827586207,8.461290322580645,6.235817575083425,Open-Meteo archive
Oita,True,1980,1980-03-29 00:00:00,1980-04-05 00:00:00,Not stated,1980-03-29,1980-04-05,88.0,95.0,7.0,True,False,False,True,True,33.235,131.6183,3.5586206896551724,7.9,5.729310344827587,Open-Meteo archive
Kagoshima,True,1980,1980-03-22 00:00:00,1980-03-30 00:00:00,Not stated,1980-03-22,1980-03-30,81.0,89.0,8.0,True,False,False,True,True,31.555,130.5467,6.441379310344828,11.474193548387095,8.957786429365962,Open-Meteo archive
Wakkanai,True,1981,1981-05-11 00:00:00,1981-05-15 00:00:00,Sargent cherry (Prunus sargentii),1981-05-11,1981-05-15,131.0,135.0,4.0,False,False,False,True,True,45.415,141.6783,-8.153571428571428,-4.396774193548388,-6.2751728110599085,Open-Meteo archive
Asahikawa,True,1981,1981-05-05 00:00:00,1981-05-07 00:00:00,Sargent cherry (Prunus sargentii),1981-05-05,1981-05-07,125.0,127.0,2.0,False,False,False,True,True,43.7567,142.3717,-8.378571428571428,-4.890322580645161,-6.634447004608294,Open-Meteo archive
Iwamizawa,False,1981,1981-05-07 00:00:00,1981-05-09 00:00:00,Sargent cherry (Prunus sargentii),1981-05-07,1981-05-09,127.0,129.0,2.0,False,False,False,True,True,43.2117,141.785,-5.317857142857143,-2.570967741935484,-3.9444124423963136,Open-Meteo archive
Urakawa,False,1981,1981-05-12 00:00:00,1981-05-14 00:00:00,Sargent cherry (Prunus sargentii),1981-05-12,1981-05-14,132.0,134.0,2.0,False,False,False,True,True,42.1617,142.7767,-4.253571428571428,-1.764516129032258,-3.009043778801843,Open-Meteo archive
Aomori,True,1981,1981-04-27 00:00:00,1981-05-01 00:00:00,Not stated,1981-04-27,1981-05-01,117.0,121.0,4.0,True,False,False,True,True,40.8217,140.7683,-2.835714285714286,0.0838709677419355,-1.3759216589861751,Open-Meteo archive
Akita,True,1981,1981-04-22 00:00:00,1981-04-27 00:00:00,Not stated,1981-04-22,1981-04-27,112.0,117.0,5.0,True,False,False,True,True,39.7167,140.0983,-0.2964285714285714,1.5838709677419356,0.6437211981566822,Open-Meteo archive
Yamagata,True,1981,1981-04-21 00:00:00,1981-04-26 00:00:00,Not stated,1981-04-21,1981-04-26,111.0,116.0,5.0,True,False,False,True,True,38.255,140.345,-1.4464285714285714,0.535483870967742,-0.4554723502304147,Open-Meteo archive
Nagano,True,1981,1981-04-17 00:00:00,1981-04-23 00:00:00,Not stated,1981-04-17,1981-04-23,107.0,113.0,6.0,True,False,False,True,True,36.6617,138.1917,-2.1964285714285716,1.4258064516129034,-0.3853110599078341,Open-Meteo archive
Fukui,True,1981,1981-04-09 00:00:00,1981-04-13 00:00:00,Not stated,1981-04-09,1981-04-13,99.0,103.0,4.0,True,False,False,True,True,36.055,136.2217,2.092857142857143,5.241935483870968,3.6673963133640557,Open-Meteo archive
Shizuoka,True,1981,1981-03-26 00:00:00,1981-04-03 00:00:00,Not stated,1981-03-26,1981-04-03,85.0,93.0,8.0,True,False,False,True,True,34.975,138.4033,4.835714285714286,8.429032258064517,6.632373271889401,Open-Meteo archive
Matsue,True,1981,1981-04-04 00:00:00,1981-04-12 00:00:00,Not stated,1981-04-04,1981-04-12,94.0,102.0,8.0,True,False,False,True,True,35.4567,133.065,4.635714285714286,8.393548387096773,6.51463133640553,Open-Meteo archive
Kyoto,True,1981,1981-03-30 00:00:00,1981-04-08 00:00:00,Not stated,1981-03-30,1981-04-08,89.0,98.0,9.0,True,False,False,True,True,35.0117,135.735,2.5,7.064516129032258,4.782258064516129,Open-Meteo archive
Kobe,True,1981,1981-03-29 00:00:00,1981-04-06 00:00:00,Not stated,1981-03-29,1981-04-06,88.0,96.0,8.0,True,False,False,True,True,34.6967,135.2117,4.014285714285714,8.47741935483871,6.2458525345622125,Open-Meteo archive
Osaka,True,1981,1981-03-28 00:00:00,1981-04-06 00:00:00,Not stated,1981-03-28,1981-04-06,87.0,96.0,9.0,True,False,False,True,True,34.6817,135.5183,3.167857142857143,7.603225806451612,5.385541474654378,Open-Meteo archive
Nara,True,1981,1981-03-31 00:00:00,1981-04-06 00:00:00,Not stated,1981-03-31,1981-04-06,90.0,96.0,6.0,True,False,False,True,True,34.6733,135.8317,2.585714285714286,7.077419354838709,4.831566820276498,Open-Meteo archive
Kochi,True,1981,1981-03-20 00:00:00,1981-03-28 00:00:00,Not stated,1981-03-20,1981-03-28,79.0,87.0,8.0,True,False,False,True,True,33.5667,133.5483,4.685714285714285,8.680645161290323,6.683179723502304,Open-Meteo archive
Fukuoka,True,1981,1981-03-25 00:00:00,1981-04-02 00:00:00,Not stated,1981-03-25,1981-04-02,84.0,92.0,8.0,True,False,False,True,True,33.5817,130.3767,4.685714285714285,8.48709677419355,6.586405529953917,Open-Meteo archive
Oita,True,1981,1981-03-25 00:00:00,1981-04-01 00:00:00,Not stated,1981-03-25,1981-04-01,84.0,91.0,7.0,True,False,False,True,True,33.235,131.6183,4.575,8.529032258064515,6.552016129032257,Open-Meteo archive
Kagoshima,True,1981,1981-03-22 00:00:00,1981-03-28 00:00:00,Not stated,1981-03-22,1981-03-28,81.0,87.0,6.0,True,False,False,True,True,31.555,130.5467,8.585714285714285,11.196774193548388,9.891244239631337,Open-Meteo archive
Wakkanai,True,1982,1982-05-16 00:00:00,1982-05-18 00:00:00,Sargent cherry (Prunus sargentii),1982-05-16,1982-05-18,136.0,138.0,2.0,False,False,False,True,True,45.415,141.6783,-6.9750000000000005,-1.8129032258064517,-4.393951612903226,Open-Meteo archive
Asahikawa,True,1982,1982-05-05 00:00:00,1982-05-07 00:00:00,Sargent cherry (Prunus sargentii),1982-05-05,1982-05-07,125.0,127.0,2.0,False,False,False,True,True,43.7567,142.3717,-10.014285714285714,-3.1258064516129034,-6.570046082949309,Open-Meteo archive
Iwamizawa,False,1982,1982-05-05 00:00:00,1982-05-08 00:00:00,Sargent cherry (Prunus sargentii),1982-05-05,1982-05-08,125.0,128.0,3.0,False,False,False,True,True,43.2117,141.785,-8.532142857142857,-1.9935483870967745,-5.262845622119816,Open-Meteo archive
Urakawa,False,1982,1982-05-13 00:00:00,1982-05-16 00:00:00,Sargent cherry (Prunus sargentii),1982-05-13,1982-05-16,133.0,136.0,3.0,False,False,False,True,True,42.1617,142.7767,-5.482142857142857,-0.7161290322580645,-3.0991359447004605,Open-Meteo archive
Aomori,True,1982,1982-04-27 00:00:00,1982-05-04 00:00:00,Not stated,1982-04-27,1982-05-04,117.0,124.0,7.0,True,False,False,True,True,40.8217,140.7683,-4.546428571428572,0.9419354838709676,-1.802246543778802,Open-Meteo archive
Akita,True,1982,1982-04-20 00:00:00,1982-04-24 00:00:00,Not stated,1982-04-20,1982-04-24,110.0,114.0,4.0,True,False,False,True,True,39.7167,140.0983,-1.6178571428571429,2.370967741935484,0.37655529953917055,Open-Meteo archive
Yamagata,True,1982,1982-04-16 00:00:00,1982-04-21 00:00:00,Not stated,1982-04-16,1982-04-21,106.0,111.0,5.0,True,False,False,True,True,38.255,140.345,-2.8285714285714287,1.3161290322580643,-0.7562211981566822,Open-Meteo archive
Nagano,True,1982,1982-04-13 00:00:00,1982-04-19 00:00:00,Not stated,1982-04-13,1982-04-19,103.0,109.0,6.0,True,False,False,True,True,36.6617,138.1917,-2.6964285714285716,1.9483870967741936,-0.374020737327189,Open-Meteo archive
Fukui,True,1982,1982-04-01 00:00:00,1982-04-05 00:00:00,Not stated,1982-04-01,1982-04-05,91.0,95.0,4.0,True,False,False,True,True,36.055,136.2217,1.9035714285714287,6.380645161290323,4.142108294930876,Open-Meteo archive
Shizuoka,True,1982,1982-03-23 00:00:00,1982-03-29 00:00:00,Not stated,1982-03-23,1982-03-29,82.0,88.0,6.0,True,False,False,True,True,34.975,138.4033,5.114285714285714,8.961290322580645,7.037788018433179,Open-Meteo archive
Matsue,True,1982,1982-03-30 00:00:00,1982-04-07 00:00:00,Not stated,1982-03-30,1982-04-07,89.0,97.0,8.0,True,False,False,True,True,35.4567,133.065,5.189285714285715,8.648387096774194,6.918836405529954,Open-Meteo archive
Kyoto,True,1982,1982-03-24 00:00:00,1982-03-31 00:00:00,Not stated,1982-03-24,1982-03-31,83.0,90.0,7.0,True,False,False,True,True,35.0117,135.735,2.8035714285714284,7.603225806451612,5.20339861751152,Open-Meteo archive
Kobe,True,1982,1982-03-24 00:00:00,1982-03-31 00:00:00,Not stated,1982-03-24,1982-03-31,83.0,90.0,7.0,True,False,False,True,True,34.6967,135.2117,4.410714285714286,8.780645161290321,6.595679723502304,Open-Meteo archive
Osaka,True,1982,1982-03-23 00:00:00,1982-03-31 00:00:00,Not stated,1982-03-23,1982-03-31,82.0,90.0,8.0,True,False,False,True,True,34.6817,135.5183,3.4857142857142853,7.883870967741935,5.68479262672811,Open-Meteo archive
Nara,True,1982,1982-03-28 00:00:00,1982-04-01 00:00:00,Not stated,1982-03-28,1982-04-01,87.0,91.0,4.0,True,False,False,True,True,34.6733,135.8317,2.685714285714286,7.493548387096775,5.08963133640553,Open-Meteo archive
Kochi,True,1982,1982-03-17 00:00:00,1982-03-24 00:00:00,Not stated,1982-03-17,1982-03-24,76.0,83.0,7.0,True,False,False,True,True,33.5667,133.5483,4.928571428571429,9.625806451612902,7.277188940092166,Open-Meteo archive
Fukuoka,True,1982,1982-03-20 00:00:00,1982-03-26 00:00:00,Not stated,1982-03-20,1982-03-26,79.0,85.0,6.0,True,False,False,True,True,33.5817,130.3767,5.671428571428572,9.680645161290323,7.676036866359448,Open-Meteo archive
Oita,True,1982,1982-03-19 00:00:00,1982-03-27 00:00:00,Not stated,1982-03-19,1982-03-27,78.0,86.0,8.0,True,False,False,True,True,33.235,131.6183,5.321428571428571,9.616129032258064,7.468778801843317,Open-Meteo archive
Kagoshima,True,1982,1982-03-19 00:00:00,1982-03-28 00:00:00,Not stated,1982-03-19,1982-03-28,78.0,87.0,9.0,True,False,False,True,True,31.555,130.5467,7.9678571428571425,12.312903225806451,10.140380184331796,Open-Meteo archive
Wakkanai,True,1983,1983-05-06 00:00:00,1983-05-12 00:00:00,Sargent cherry (Prunus sargentii),1983-05-06,1983-05-12,126.0,132.0,6.0,False,False,False,True,True,45.415,141.6783,-8.925,-3.570967741935484,-6.247983870967742,Open-Meteo archive
Asahikawa,True,1983,1983-04-27 00:00:00,1983-04-29 00:00:00,Sargent cherry (Prunus sargentii),1983-04-27,1983-04-29,117.0,119.0,2.0,False,False,False,True,True,43.7567,142.3717,-9.917857142857144,-4.483870967741935,-7.20086405529954,Open-Meteo archive
Iwamizawa,False,1983,1983-04-27 00:00:00,1983-04-30 00:00:00,Sargent cherry (Prunus sargentii),1983-04-27,1983-04-30,117.0,120.0,3.0,False,False,False,True,True,43.2117,141.785,-8.35357142857143,-3.287096774193548,-5.820334101382489,Open-Meteo archive
Urakawa,False,1983,1983-05-05 00:00:00,1983-05-08 00:00:00,Sargent cherry (Prunus sargentii),1983-05-05,1983-05-08,125.0,128.0,3.0,False,False,False,True,True,42.1617,142.7767,-5.760714285714286,-1.670967741935484,-3.715841013824885,Open-Meteo archive
Aomori,True,1983,1983-04-21 00:00:00,1983-04-25 00:00:00,Not stated,1983-04-21,1983-04-25,111.0,115.0,4.0,True,False,False,True,True,40.8217,140.7683,-4.371428571428572,-0.1193548387096774,-2.2453917050691246,Open-Meteo archive
Akita,True,1983,1983-04-15 00:00:00,1983-04-19 00:00:00,Not stated,1983-04-15,1983-04-19,105.0,109.0,4.0,True,False,False,True,True,39.7167,140.0983,-1.4142857142857144,1.9516129032258065,0.26866359447004606,Open-Meteo archive
Yamagata,True,1983,1983-04-14 00:00:00,1983-04-18 00:00:00,Not stated,1983-04-14,1983-04-18,104.0,108.0,4.0,True,False,False,True,True,38.255,140.345,-2.5321428571428575,0.9774193548387096,-0.777361751152074,Open-Meteo archive
Nagano,True,1983,1983-04-13 00:00:00,1983-04-16 00:00:00,Not stated,1983-04-13,1983-04-16,103.0,106.0,3.0,True,False,False,True,True,36.6617,138.1917,-2.8035714285714284,1.1064516129032258,-0.8485599078341013,Open-Meteo archive
Fukui,True,1983,1983-04-07 00:00:00,1983-04-10 00:00:00,Not stated,1983-04-07,1983-04-10,97.0,100.0,3.0,True,False,False,True,True,36.055,136.2217,1.6928571428571428,5.661290322580645,3.677073732718894,Open-Meteo archive
Shizuoka,True,1983,1983-04-03 00:00:00,1983-04-10 00:00:00,Not stated,1983-04-03,1983-04-10,93.0,100.0,7.0,True,False,False,True,True,34.975,138.4033,4.8,8.24516129032258,6.522580645161289,Open-Meteo archive
Matsue,True,1983,1983-04-06 00:00:00,1983-04-11 00:00:00,Not stated,1983-04-06,1983-04-11,96.0,101.0,5.0,True,False,False,True,True,35.4567,133.065,4.728571428571429,8.26774193548387,6.49815668202765,Open-Meteo archive
Kyoto,True,1983,1983-04-02 00:00:00,1983-04-09 00:00:00,Not stated,1983-04-02,1983-04-09,92.0,99.0,7.0,True,False,False,True,True,35.0117,135.735,3.003571428571429,6.906451612903226,4.955011520737328,Open-Meteo archive
Kobe,True,1983,1983-04-01 00:00:00,1983-04-08 00:00:00,Not stated,1983-04-01,1983-04-08,91.0,98.0,7.0,True,False,False,True,True,34.6967,135.2117,4.4678571428571425,8.22258064516129,6.345218894009216,Open-Meteo archive
Osaka,True,1983,1983-03-31 00:00:00,1983-04-08 00:00:00,Not stated,1983-03-31,1983-04-08,90.0,98.0,8.0,True,False,False,True,True,34.6817,135.5183,3.6607142857142856,7.290322580645161,5.475518433179723,Open-Meteo archive
Nara,True,1983,1983-04-04 00:00:00,1983-04-07 00:00:00,Not stated,1983-04-04,1983-04-07,94.0,97.0,3.0,True,False,False,True,True,34.6733,135.8317,2.9250000000000003,6.825806451612903,4.875403225806451,Open-Meteo archive
Kochi,True,1983,1983-03-29 00:00:00,1983-04-04 00:00:00,Not stated,1983-03-29,1983-04-04,88.0,94.0,6.0,True,False,False,True,True,33.5667,133.5483,4.928571428571429,8.85483870967742,6.891705069124424,Open-Meteo archive
Fukuoka,True,1983,1983-03-31 00:00:00,1983-04-04 00:00:00,Not stated,1983-03-31,1983-04-04,90.0,94.0,4.0,True,False,False,True,True,33.5817,130.3767,5.057142857142857,9.13225806451613,7.094700460829493,Open-Meteo archive
Oita,True,1983,1983-04-01 00:00:00,1983-04-05 00:00:00,Not stated,1983-04-01,1983-04-05,91.0,95.0,4.0,True,False,False,True,True,33.235,131.6183,5.0928571428571425,8.98709677419355,7.0399769585253456,Open-Meteo archive
Kagoshima,True,1983,1983-03-27 00:00:00,1983-04-03 00:00:00,Not stated,1983-03-27,1983-04-03,86.0,93.0,7.0,True,False,False,True,True,31.555,130.5467,8.010714285714286,11.7,9.855357142857143,Open-Meteo archive
Wakkanai,True,1984,1984-05-24 00:00:00,1984-05-26 00:00:00,Sargent cherry (Prunus sargentii),1984-05-24,1984-05-26,144.0,146.0,2.0,False,False,False,True,True,45.415,141.6783,-7.993103448275862,-4.409677419354838,-6.20139043381535,Open-Meteo archive
Asahikawa,True,1984,1984-05-14 00:00:00,1984-05-17 00:00:00,Sargent cherry (Prunus sargentii),1984-05-14,1984-05-17,134.0,137.0,3.0,False,False,False,True,True,43.7567,142.3717,-10.479310344827583,-6.229032258064516,-8.35417130144605,Open-Meteo archive
Iwamizawa,False,1984,1984-05-17 00:00:00,1984-05-20 00:00:00,Sargent cherry (Prunus sargentii),1984-05-17,1984-05-20,137.0,140.0,3.0,False,False,False,True,True,43.2117,141.785,-8.848275862068967,-5.145161290322581,-6.996718576195773,Open-Meteo archive
Urakawa,False,1984,1984-05-25 00:00:00,1984-05-29 00:00:00,Sargent cherry (Prunus sargentii),1984-05-25,1984-05-29,145.0,149.0,4.0,False,False,False,True,True,42.1617,142.7767,-6.424137931034483,-3.1322580645161286,-4.778197997775306,Open-Meteo archive
Aomori,True,1984,1984-05-11 00:00:00,1984-05-18 00:00:00,Not stated,1984-05-11,1984-05-18,131.0,138.0,7.0,True,False,False,True,True,40.8217,140.7683,-5.451724137931034,-2.0903225806451613,-3.7710233592880975,Open-Meteo archive
Akita,True,1984,1984-04-30 00:00:00,1984-05-05 00:00:00,Not stated,1984-04-30,1984-05-05,120.0,125.0,5.0,True,False,False,True,True,39.7167,140.0983,-2.9172413793103447,-0.0516129032258064,-1.4844271412680756,Open-Meteo archive
Yamagata,True,1984,1984-04-29 00:00:00,1984-05-04 00:00:00,Not stated,1984-04-29,1984-05-04,119.0,124.0,5.0,True,False,False,True,True,38.255,140.345,-4.120689655172414,-1.229032258064516,-2.674860956618465,Open-Meteo archive
Nagano,True,1984,1984-04-26 00:00:00,1984-04-29 00:00:00,Not stated,1984-04-26,1984-04-29,116.0,119.0,3.0,True,False,False,True,True,36.6617,138.1917,-4.710344827586207,-1.7322580645161292,-3.221301446051168,Open-Meteo archive
Fukui,True,1984,1984-04-17 00:00:00,1984-04-21 00:00:00,Not stated,1984-04-17,1984-04-21,107.0,111.0,4.0,True,False,False,True,True,36.055,136.2217,0.3206896551724138,2.480645161290323,1.4006674082313684,Open-Meteo archive
Shizuoka,True,1984,1984-04-06 00:00:00,1984-04-12 00:00:00,Not stated,1984-04-06,1984-04-12,96.0,102.0,6.0,True,False,False,True,True,34.975,138.4033,2.86551724137931,5.406451612903226,4.135984427141268,Open-Meteo archive
Matsue,True,1984,1984-04-13 00:00:00,1984-04-17 00:00:00,Not stated,1984-04-13,1984-04-17,103.0,107.0,4.0,True,False,False,True,True,35.4567,133.065,2.575862068965517,5.758064516129032,4.166963292547274,Open-Meteo archive
Kyoto,True,1984,1984-04-09 00:00:00,1984-04-14 00:00:00,Not stated,1984-04-09,1984-04-14,99.0,104.0,5.0,True,False,False,True,True,35.0117,135.735,-0.4482758620689655,3.890322580645161,1.7210233592880977,Open-Meteo archive
Kobe,True,1984,1984-04-10 00:00:00,1984-04-14 00:00:00,Not stated,1984-04-10,1984-04-14,100.0,104.0,4.0,True,False,False,True,True,34.6967,135.2117,1.862068965517241,5.338709677419355,3.600389321468298,Open-Meteo archive
Osaka,True,1984,1984-04-10 00:00:00,1984-04-16 00:00:00,Not stated,1984-04-10,1984-04-16,100.0,106.0,6.0,True,False,False,True,True,34.6817,135.5183,0.9275862068965518,4.699999999999999,2.8137931034482757,Open-Meteo archive
Nara,True,1984,1984-04-12 00:00:00,1984-04-16 00:00:00,Not stated,1984-04-12,1984-04-16,102.0,106.0,4.0,True,False,False,True,True,34.6733,135.8317,0.1448275862068966,3.916129032258065,2.0304783092324805,Open-Meteo archive
Kochi,True,1984,1984-03-30 00:00:00,1984-04-03 00:00:00,Not stated,1984-03-30,1984-04-03,89.0,93.0,4.0,True,False,False,True,True,33.5667,133.5483,2.2517241379310344,5.870967741935484,4.061345939933259,Open-Meteo archive
Fukuoka,True,1984,1984-04-05 00:00:00,1984-04-10 00:00:00,Not stated,1984-04-05,1984-04-10,95.0,100.0,5.0,True,False,False,True,True,33.5817,130.3767,3.0379310344827584,6.596774193548387,4.817352614015572,Open-Meteo archive
Oita,True,1984,1984-04-03 00:00:00,1984-04-09 00:00:00,Not stated,1984-04-03,1984-04-09,93.0,99.0,6.0,True,False,False,True,True,33.235,131.6183,2.4413793103448276,6.377419354838709,4.409399332591768,Open-Meteo archive
Kagoshima,True,1984,1984-03-26 00:00:00,1984-03-31 00:00:00,Not stated,1984-03-26,1984-03-31,85.0,90.0,5.0,True,False,False,True,True,31.555,130.5467,5.993103448275862,8.983870967741936,7.488487208008899,Open-Meteo archive
Wakkanai,True,1985,1985-05-13 00:00:00,1985-05-17 00:00:00,Sargent cherry (Prunus sargentii),1985-05-13,1985-05-17,133.0,137.0,4.0,False,False,False,True,True,45.415,141.6783,-5.45,-2.2129032258064516,-3.831451612903226,Open-Meteo archive
Asahikawa,True,1985,1985-05-03 00:00:00,1985-05-06 00:00:00,Sargent cherry (Prunus sargentii),1985-05-03,1985-05-06,123.0,126.0,3.0,False,False,False,True,True,43.7567,142.3717,-6.571428571428571,-4.0,-5.285714285714286,Open-Meteo archive
Iwamizawa,False,1985,1985-05-04 00:00:00,1985-05-10 00:00:00,Sargent cherry (Prunus sargentii),1985-05-04,1985-05-10,124.0,130.0,6.0,False,False,False,True,True,43.2117,141.785,-5.153571428571429,-2.890322580645161,-4.021947004608295,Open-Meteo archive
Urakawa,False,1985,1985-05-12 00:00:00,1985-05-15 00:00:00,Sargent cherry (Prunus sargentii),1985-05-12,1985-05-15,132.0,135.0,3.0,False,False,False,True,True,42.1617,142.7767,-3.3464285714285715,-1.2354838709677418,-2.2909562211981567,Open-Meteo archive
Aomori,True,1985,1985-04-29 00:00:00,1985-05-03 00:00:00,Not stated,1985-04-29,1985-05-03,119.0,123.0,4.0,True,False,False,True,True,40.8217,140.7683,-2.2642857142857142,-0.1741935483870967,-1.2192396313364056,Open-Meteo archive
Akita,True,1985,1985-04-19 00:00:00,1985-04-23 00:00:00,Not stated,1985-04-19,1985-04-23,109.0,113.0,4.0,True,False,False,True,True,39.7167,140.0983,-0.1357142857142857,1.280645161290323,0.5724654377880186,Open-Meteo archive
Yamagata,True,1985,1985-04-19 00:00:00,1985-04-22 00:00:00,Not stated,1985-04-19,1985-04-22,109.0,112.0,3.0,True,False,False,True,True,38.255,140.345,-0.9142857142857144,0.3612903225806451,-0.27649769585253464,Open-Meteo archive
Nagano,True,1985,1985-04-13 00:00:00,1985-04-18 00:00:00,Not stated,1985-04-13,1985-04-18,103.0,108.0,5.0,True,False,False,True,True,36.6617,138.1917,-1.2214285714285715,1.5451612903225806,0.16186635944700456,Open-Meteo archive
Fukui,True,1985,1985-04-08 00:00:00,1985-04-11 00:00:00,Not stated,1985-04-08,1985-04-11,98.0,101.0,3.0,True,False,False,True,True,36.055,136.2217,3.0321428571428575,6.238709677419355,4.635426267281106,Open-Meteo archive
Shizuoka,True,1985,1985-03-28 00:00:00,1985-04-04 00:00:00,Not stated,1985-03-28,1985-04-04,87.0,94.0,7.0,True,False,False,True,True,34.975,138.4033,5.875,9.3,7.5875,Open-Meteo archive
Matsue,True,1985,1985-04-05 00:00:00,1985-04-11 00:00:00,Not stated,1985-04-05,1985-04-11,95.0,101.0,6.0,True,False,False,True,True,35.4567,133.065,5.7749999999999995,8.251612903225807,7.013306451612904,Open-Meteo archive
Kyoto,True,1985,1985-04-02 00:00:00,1985-04-08 00:00:00,Not stated,1985-04-02,1985-04-08,92.0,98.0,6.0,True,False,False,True,True,35.0117,135.735,4.164285714285714,7.438709677419355,5.801497695852534,Open-Meteo archive
Kobe,True,1985,1985-03-30 00:00:00,1985-04-07 00:00:00,Not stated,1985-03-30,1985-04-07,89.0,97.0,8.0,True,False,False,True,True,34.6967,135.2117,5.435714285714285,8.693548387096774,7.0646313364055295,Open-Meteo archive
Osaka,True,1985,1985-03-29 00:00:00,1985-04-08 00:00:00,Not stated,1985-03-29,1985-04-08,88.0,98.0,10.0,True,False,False,True,True,34.6817,135.5183,4.646428571428571,7.870967741935484,6.258698156682028,Open-Meteo archive
Nara,True,1985,1985-04-02 00:00:00,1985-04-08 00:00:00,Not stated,1985-04-02,1985-04-08,92.0,98.0,6.0,True,False,False,True,True,34.6733,135.8317,4.360714285714286,7.745161290322581,6.052937788018433,Open-Meteo archive
Kochi,True,1985,1985-03-24 00:00:00,1985-03-31 00:00:00,Not stated,1985-03-24,1985-03-31,83.0,90.0,7.0,True,False,False,True,True,33.5667,133.5483,5.878571428571428,9.993548387096777,7.936059907834102,Open-Meteo archive
Fukuoka,True,1985,1985-04-01 00:00:00,1985-04-07 00:00:00,Not stated,1985-04-01,1985-04-07,91.0,97.0,6.0,True,False,False,True,True,33.5817,130.3767,6.0928571428571425,9.096774193548388,7.594815668202765,Open-Meteo archive
Oita,True,1985,1985-03-28 00:00:00,1985-04-05 00:00:00,Not stated,1985-03-28,1985-04-05,87.0,95.0,8.0,True,False,False,True,True,33.235,131.6183,6.0321428571428575,9.45483870967742,7.743490783410138,Open-Meteo archive
Kagoshima,True,1985,1985-03-26 00:00:00,1985-04-02 00:00:00,Not stated,1985-03-26,1985-04-02,85.0,92.0,7.0,True,False,False,True,True,31.555,130.5467,9.125,12.148387096774194,10.636693548387097,Open-Meteo archive
Wakkanai,True,1986,1986-05-13 00:00:00,1986-05-18 00:00:00,Sargent cherry (Prunus sargentii),1986-05-13,1986-05-18,133.0,138.0,5.0,False,False,False,True,True,45.415,141.6783,-8.553571428571429,-3.496774193548387,-6.025172811059908,Open-Meteo archive
Asahikawa,True,1986,1986-05-06 00:00:00,1986-05-08 00:00:00,Sargent cherry (Prunus sargentii),1986-05-06,1986-05-08,126.0,128.0,2.0,False,False,False,True,True,43.7567,142.3717,-10.375,-4.525806451612904,-7.450403225806452,Open-Meteo archive
Iwamizawa,False,1986,1986-05-05 00:00:00,1986-05-08 00:00:00,Sargent cherry (Prunus sargentii),1986-05-05,1986-05-08,125.0,128.0,3.0,False,False,False,True,True,43.2117,141.785,-8.992857142857144,-2.948387096774194,-5.970622119815669,Open-Meteo archive
Urakawa,False,1986,1986-05-10 00:00:00,1986-05-14 00:00:00,Sargent cherry (Prunus sargentii),1986-05-10,1986-05-14,130.0,134.0,4.0,False,False,False,True,True,42.1617,142.7767,-5.828571428571428,-1.8096774193548388,-3.8191244239631335,Open-Meteo archive
Aomori,True,1986,1986-05-01 00:00:00,1986-05-05 00:00:00,Not stated,1986-05-01,1986-05-05,121.0,125.0,4.0,True,False,False,True,True,40.8217,140.7683,-5.196428571428571,-0.1258064516129032,-2.6611175115207373,Open-Meteo archive
Akita,True,1986,1986-04-20 00:00:00,1986-04-25 00:00:00,Not stated,1986-04-20,1986-04-25,110.0,115.0,5.0,True,False,False,True,True,39.7167,140.0983,-2.1785714285714284,1.596774193548387,-0.2908986175115207,Open-Meteo archive
Yamagata,True,1986,1986-04-20 00:00:00,1986-04-24 00:00:00,Not stated,1986-04-20,1986-04-24,110.0,114.0,4.0,True,False,False,True,True,38.255,140.345,-3.935714285714286,0.5870967741935483,-1.6743087557603689,Open-Meteo archive
Nagano,True,1986,1986-04-20 00:00:00,1986-04-23 00:00:00,Not stated,1986-04-20,1986-04-23,110.0,113.0,3.0,True,False,False,True,True,36.6617,138.1917,-4.089285714285714,0.7096774193548387,-1.6898041474654377,Open-Meteo archive
Fukui,True,1986,1986-04-10 00:00:00,1986-04-14 00:00:00,Not stated,1986-04-10,1986-04-14,100.0,104.0,4.0,True,False,False,True,True,36.055,136.2217,0.4,4.374193548387097,2.3870967741935485,Open-Meteo archive
Shizuoka,True,1986,1986-03-30 00:00:00,1986-04-06 00:00:00,Not stated,1986-03-30,1986-04-06,89.0,96.0,7.0,True,False,False,True,True,34.975,138.4033,3.8428571428571425,7.67741935483871,5.760138248847927,Open-Meteo archive
Matsue,True,1986,1986-04-07 00:00:00,1986-04-13 00:00:00,Not stated,1986-04-07,1986-04-13,97.0,103.0,6.0,True,False,False,True,True,35.4567,133.065,2.9892857142857143,7.151612903225806,5.0704493087557605,Open-Meteo archive
Kyoto,True,1986,1986-04-03 00:00:00,1986-04-08 00:00:00,Not stated,1986-04-03,1986-04-08,93.0,98.0,5.0,True,False,False,True,True,35.0117,135.735,1.7535714285714286,6.303225806451613,4.028398617511521,Open-Meteo archive
Kobe,True,1986,1986-04-03 00:00:00,1986-04-09 00:00:00,Not stated,1986-04-03,1986-04-09,93.0,99.0,6.0,True,False,False,True,True,34.6967,135.2117,3.0214285714285714,7.503225806451613,5.262327188940092,Open-Meteo archive
Osaka,True,1986,1986-04-02 00:00:00,1986-04-09 00:00:00,Not stated,1986-04-02,1986-04-09,92.0,99.0,7.0,True,False,False,True,True,34.6817,135.5183,2.4250000000000003,6.861290322580645,4.643145161290323,Open-Meteo archive
Nara,True,1986,1986-04-04 00:00:00,1986-04-10 00:00:00,Not stated,1986-04-04,1986-04-10,94.0,100.0,6.0,True,False,False,True,True,34.6733,135.8317,1.7214285714285715,6.374193548387097,4.0478110599078345,Open-Meteo archive
Kochi,True,1986,1986-03-25 00:00:00,1986-04-02 00:00:00,Not stated,1986-03-25,1986-04-02,84.0,92.0,8.0,True,False,False,True,True,33.5667,133.5483,3.3285714285714287,8.074193548387097,5.701382488479263,Open-Meteo archive
Fukuoka,True,1986,1986-03-29 00:00:00,1986-04-03 00:00:00,Not stated,1986-03-29,1986-04-03,88.0,93.0,5.0,True,False,False,True,True,33.5817,130.3767,3.746428571428571,7.95483870967742,5.850633640552996,Open-Meteo archive
Oita,True,1986,1986-03-30 00:00:00,1986-04-04 00:00:00,Not stated,1986-03-30,1986-04-04,89.0,94.0,5.0,True,False,False,True,True,33.235,131.6183,3.7,8.154838709677419,5.92741935483871,Open-Meteo archive
Kagoshima,True,1986,1986-03-22 00:00:00,1986-03-30 00:00:00,Not stated,1986-03-22,1986-03-30,81.0,89.0,8.0,True,False,False,True,True,31.555,130.5467,6.207142857142857,10.63548387096774,8.421313364055298,Open-Meteo archive
Wakkanai,True,1987,1987-05-16 00:00:00,1987-05-19 00:00:00,Sargent cherry (Prunus sargentii),1987-05-16,1987-05-19,136.0,139.0,3.0,False,False,False,True,True,45.415,141.6783,-6.8,-2.4096774193548387,-4.604838709677419,Open-Meteo archive
Asahikawa,True,1987,1987-05-09 00:00:00,1987-05-10 00:00:00,Sargent cherry (Prunus sargentii),1987-05-09,1987-05-10,129.0,130.0,1.0,False,False,False,True,True,43.7567,142.3717,-8.835714285714285,-3.616129032258064,-6.225921658986175,Open-Meteo archive
Iwamizawa,False,1987,1987-05-08 00:00:00,1987-05-09 00:00:00,Sargent cherry (Prunus sargentii),1987-05-08,1987-05-09,128.0,129.0,1.0,False,False,False,True,True,43.2117,141.785,-7.039285714285714,-2.6258064516129034,-4.8325460829493085,Open-Meteo archive
Urakawa,False,1987,1987-05-12 00:00:00,1987-05-15 00:00:00,Sargent cherry (Prunus sargentii),1987-05-12,1987-05-15,132.0,135.0,3.0,False,False,False,True,True,42.1617,142.7767,-4.95,-1.216129032258065,-3.0830645161290327,Open-Meteo archive
Aomori,True,1987,1987-04-25 00:00:00,1987-05-01 00:00:00,Not stated,1987-04-25,1987-05-01,115.0,121.0,6.0,True,False,False,True,True,40.8217,140.7683,-3.378571428571429,-0.0451612903225805,-1.7118663594470047,Open-Meteo archive
Akita,True,1987,1987-04-17 00:00:00,1987-04-21 00:00:00,Not stated,1987-04-17,1987-04-21,107.0,111.0,4.0,True,False,False,True,True,39.7167,140.0983,-0.8535714285714285,1.8483870967741935,0.4974078341013825,Open-Meteo archive
Yamagata,True,1987,1987-04-15 00:00:00,1987-04-18 00:00:00,Not stated,1987-04-15,1987-04-18,105.0,108.0,3.0,True,False,False,True,True,38.255,140.345,-1.8357142857142856,0.7838709677419355,-0.525921658986175,Open-Meteo archive
Nagano,True,1987,1987-04-09 00:00:00,1987-04-16 00:00:00,Not stated,1987-04-09,1987-04-16,99.0,106.0,7.0,True,False,False,True,True,36.6617,138.1917,-1.3285714285714287,1.5935483870967744,0.13248847926267282,Open-Meteo archive
Fukui,True,1987,1987-04-04 00:00:00,1987-04-07 00:00:00,Not stated,1987-04-04,1987-04-07,94.0,97.0,3.0,True,False,False,True,True,36.055,136.2217,3.507142857142857,6.103225806451612,4.805184331797235,Open-Meteo archive
Shizuoka,True,1987,1987-03-26 00:00:00,1987-04-05 00:00:00,Not stated,1987-03-26,1987-04-05,85.0,95.0,10.0,True,False,False,True,True,34.975,138.4033,6.046428571428572,8.609677419354838,7.328052995391705,Open-Meteo archive
Matsue,True,1987,1987-03-30 00:00:00,1987-04-07 00:00:00,Not stated,1987-03-30,1987-04-07,89.0,97.0,8.0,True,False,False,True,True,35.4567,133.065,6.464285714285714,7.906451612903226,7.1853686635944705,Open-Meteo archive
Kyoto,True,1987,1987-03-27 00:00:00,1987-04-06 00:00:00,Not stated,1987-03-27,1987-04-06,86.0,96.0,10.0,True,False,False,True,True,35.0117,135.735,4.121428571428572,6.622580645161291,5.372004608294931,Open-Meteo archive
Kobe,True,1987,1987-03-27 00:00:00,1987-04-05 00:00:00,Not stated,1987-03-27,1987-04-05,86.0,95.0,9.0,True,False,False,True,True,34.6967,135.2117,5.639285714285714,8.048387096774194,6.843836405529954,Open-Meteo archive
Osaka,True,1987,1987-03-25 00:00:00,1987-04-07 00:00:00,Not stated,1987-03-25,1987-04-07,84.0,97.0,13.0,True,False,False,True,True,34.6817,135.5183,4.728571428571429,7.125806451612903,5.927188940092166,Open-Meteo archive
Nara,True,1987,1987-03-28 00:00:00,1987-04-06 00:00:00,Not stated,1987-03-28,1987-04-06,87.0,96.0,9.0,True,False,False,True,True,34.6733,135.8317,4.142857142857143,6.761290322580645,5.452073732718894,Open-Meteo archive
Kochi,True,1987,1987-03-22 00:00:00,1987-04-03 00:00:00,Not stated,1987-03-22,1987-04-03,81.0,93.0,12.0,True,False,False,True,True,33.5667,133.5483,6.264285714285714,8.748387096774193,7.506336405529954,Open-Meteo archive
Fukuoka,True,1987,1987-03-22 00:00:00,1987-04-03 00:00:00,Not stated,1987-03-22,1987-04-03,81.0,93.0,12.0,True,False,False,True,True,33.5817,130.3767,6.603571428571429,8.890322580645162,7.746947004608295,Open-Meteo archive
Oita,True,1987,1987-03-23 00:00:00,1987-04-06 00:00:00,Not stated,1987-03-23,1987-04-06,82.0,96.0,14.0,True,False,False,True,True,33.235,131.6183,6.582142857142856,8.990322580645161,7.786232718894009,Open-Meteo archive
Kagoshima,True,1987,1987-03-26 00:00:00,1987-04-02 00:00:00,Not stated,1987-03-26,1987-04-02,85.0,92.0,7.0,True,False,False,True,True,31.555,130.5467,9.157142857142857,11.725806451612904,10.441474654377881,Open-Meteo archive
Wakkanai,True,1988,1988-05-15 00:00:00,1988-05-20 00:00:00,Sargent cherry (Prunus sargentii),1988-05-15,1988-05-20,135.0,140.0,5.0,False,False,False,True,True,45.415,141.6783,-8.013793103448275,-2.9451612903225803,-5.479477196885428,Open-Meteo archive
Asahikawa,True,1988,1988-05-07 00:00:00,1988-05-11 00:00:00,Sargent cherry (Prunus sargentii),1988-05-07,1988-05-11,127.0,131.0,4.0,False,False,False,True,True,43.7567,142.3717,-9.789655172413791,-3.635483870967742,-6.712569521690767,Open-Meteo archive
Iwamizawa,False,1988,1988-05-05 00:00:00,1988-05-07 00:00:00,Sargent cherry (Prunus sargentii),1988-05-05,1988-05-07,125.0,127.0,2.0,False,False,False,True,True,43.2117,141.785,-8.36551724137931,-2.838709677419355,-5.602113459399332,Open-Meteo archive
Urakawa,False,1988,1988-05-12 00:00:00,1988-05-14 00:00:00,Sargent cherry (Prunus sargentii),1988-05-12,1988-05-14,132.0,134.0,2.0,False,False,False,True,True,42.1617,142.7767,-5.903448275862068,-1.525806451612903,-3.7146273637374856,Open-Meteo archive
Aomori,True,1988,1988-04-28 00:00:00,1988-05-01 00:00:00,Not stated,1988-04-28,1988-05-01,118.0,121.0,3.0,True,False,False,True,True,40.8217,140.7683,-5.879310344827586,-0.232258064516129,-3.0557842046718577,Open-Meteo archive
Akita,True,1988,1988-04-23 00:00:00,1988-04-28 00:00:00,Not stated,1988-04-23,1988-04-28,113.0,118.0,5.0,True,False,False,True,True,39.7167,140.0983,-2.703448275862069,1.6774193548387095,-0.5130144605116798,Open-Meteo archive
Yamagata,True,1988,1988-04-20 00:00:00,1988-04-27 00:00:00,Not stated,1988-04-20,1988-04-27,110.0,117.0,7.0,True,False,False,True,True,38.255,140.345,-3.9,0.6290322580645161,-1.635483870967742,Open-Meteo archive
Nagano,True,1988,1988-04-20 00:00:00,1988-04-25 00:00:00,Not stated,1988-04-20,1988-04-25,110.0,115.0,5.0,True,False,False,True,True,36.6617,138.1917,-3.5172413793103448,1.3096774193548388,-1.1037819799777528,Open-Meteo archive
Fukui,True,1988,1988-04-12 00:00:00,1988-04-18 00:00:00,Not stated,1988-04-12,1988-04-18,102.0,108.0,6.0,True,False,False,True,True,36.055,136.2217,1.3206896551724137,5.261290322580645,3.2909899888765293,Open-Meteo archive
Shizuoka,True,1988,1988-04-03 00:00:00,1988-04-12 00:00:00,Not stated,1988-04-03,1988-04-12,93.0,102.0,9.0,True,False,False,True,True,34.975,138.4033,5.003448275862069,8.351612903225806,6.677530589543938,Open-Meteo archive
Matsue,True,1988,1988-04-10 00:00:00,1988-04-15 00:00:00,Not stated,1988-04-10,1988-04-15,100.0,105.0,5.0,True,False,False,True,True,35.4567,133.065,4.413793103448276,7.316129032258065,5.86496106785317,Open-Meteo archive
Kyoto,True,1988,1988-04-05 00:00:00,1988-04-11 00:00:00,Not stated,1988-04-05,1988-04-11,95.0,101.0,6.0,True,False,False,True,True,35.0117,135.735,2.6758620689655173,6.174193548387097,4.425027808676307,Open-Meteo archive
Kobe,True,1988,1988-04-05 00:00:00,1988-04-11 00:00:00,Not stated,1988-04-05,1988-04-11,95.0,101.0,6.0,True,False,False,True,True,34.6967,135.2117,4.0,7.480645161290322,5.740322580645161,Open-Meteo archive
Osaka,True,1988,1988-04-05 00:00:00,1988-04-11 00:00:00,Not stated,1988-04-05,1988-04-11,95.0,101.0,6.0,True,False,False,True,True,34.6817,135.5183,3.382758620689655,6.854838709677419,5.118798665183537,Open-Meteo archive
Nara,True,1988,1988-04-07 00:00:00,1988-04-14 00:00:00,Not stated,1988-04-07,1988-04-14,97.0,104.0,7.0,True,False,False,True,True,34.6733,135.8317,2.8241379310344827,6.361290322580645,4.592714126807564,Open-Meteo archive
Kochi,True,1988,1988-03-28 00:00:00,1988-04-07 00:00:00,Not stated,1988-03-28,1988-04-07,87.0,97.0,10.0,True,False,False,True,True,33.5667,133.5483,5.144827586206896,8.535483870967743,6.84015572858732,Open-Meteo archive
Fukuoka,True,1988,1988-04-02 00:00:00,1988-04-09 00:00:00,Not stated,1988-04-02,1988-04-09,92.0,99.0,7.0,True,False,False,True,True,33.5817,130.3767,5.068965517241379,7.935483870967742,6.5022246941045605,Open-Meteo archive
Oita,True,1988,1988-04-02 00:00:00,1988-04-12 00:00:00,Not stated,1988-04-02,1988-04-12,92.0,102.0,10.0,True,False,False,True,True,33.235,131.6183,5.117241379310345,7.922580645161291,6.519911012235818,Open-Meteo archive
Kagoshima,True,1988,1988-04-03 00:00:00,1988-04-08 00:00:00,Not stated,1988-04-03,1988-04-08,93.0,98.0,5.0,True,False,False,True,True,31.555,130.5467,8.093103448275862,10.680645161290323,9.386874304783092,Open-Meteo archive
Wakkanai,True,1989,1989-05-16 00:00:00,1989-05-19 00:00:00,Sargent cherry (Prunus sargentii),1989-05-16,1989-05-19,136.0,139.0,3.0,False,False,False,True,True,45.415,141.6783,-3.8857142857142857,-0.2967741935483871,-2.091244239631336,Open-Meteo archive
Asahikawa,True,1989,1989-05-03 00:00:00,1989-05-06 00:00:00,Sargent cherry (Prunus sargentii),1989-05-03,1989-05-06,123.0,126.0,3.0,False,False,False,True,True,43.7567,142.3717,-6.360714285714286,-0.8806451612903226,-3.6206797235023043,Open-Meteo archive
Iwamizawa,False,1989,1989-04-28 00:00:00,1989-05-01 00:00:00,Sargent cherry (Prunus sargentii),1989-04-28,1989-05-01,118.0,121.0,3.0,False,False,False,True,True,43.2117,141.785,-4.982142857142857,-0.1677419354838709,-2.574942396313364,Open-Meteo archive
Urakawa,False,1989,1989-05-08 00:00:00,1989-05-12 00:00:00,Sargent cherry (Prunus sargentii),1989-05-08,1989-05-12,128.0,132.0,4.0,False,False,False,True,True,42.1617,142.7767,-3.0928571428571425,0.4999999999999999,-1.2964285714285713,Open-Meteo archive
Aomori,True,1989,1989-04-15 00:00:00,1989-04-20 00:00:00,Not stated,1989-04-15,1989-04-20,105.0,110.0,5.0,True,False,False,True,True,40.8217,140.7683,-1.717857142857143,2.303225806451613,0.29268433179723496,Open-Meteo archive
Akita,True,1989,1989-04-10 00:00:00,1989-04-15 00:00:00,Not stated,1989-04-10,1989-04-15,100.0,105.0,5.0,True,False,False,True,True,39.7167,140.0983,0.8928571428571429,4.274193548387097,2.58352534562212,Open-Meteo archive
Yamagata,True,1989,1989-04-07 00:00:00,1989-04-13 00:00:00,Not stated,1989-04-07,1989-04-13,97.0,103.0,6.0,True,False,False,True,True,38.255,140.345,-0.8107142857142857,2.57741935483871,0.8833525345622121,Open-Meteo archive
Nagano,True,1989,1989-04-06 00:00:00,1989-04-11 00:00:00,Not stated,1989-04-06,1989-04-11,96.0,101.0,5.0,True,False,False,True,True,36.6617,138.1917,0.0321428571428571,2.0064516129032257,1.0192972350230414,Open-Meteo archive
Fukui,True,1989,1989-03-28 00:00:00,1989-04-01 00:00:00,Not stated,1989-03-28,1989-04-01,87.0,91.0,4.0,True,False,False,True,True,36.055,136.2217,5.0321428571428575,7.074193548387097,6.053168202764978,Open-Meteo archive
Shizuoka,True,1989,1989-03-21 00:00:00,1989-04-02 00:00:00,Not stated,1989-03-21,1989-04-02,80.0,92.0,12.0,True,False,False,True,True,34.975,138.4033,7.3428571428571425,9.080645161290322,8.211751152073733,Open-Meteo archive
Matsue,True,1989,1989-03-28 00:00:00,1989-04-03 00:00:00,Not stated,1989-03-28,1989-04-03,87.0,93.0,6.0,True,False,False,True,True,35.4567,133.065,6.996428571428572,8.529032258064515,7.762730414746543,Open-Meteo archive
Kyoto,True,1989,1989-03-24 00:00:00,1989-04-02 00:00:00,Not stated,1989-03-24,1989-04-02,83.0,92.0,9.0,True,False,False,True,True,35.0117,135.735,5.2178571428571425,7.348387096774194,6.283122119815668,Open-Meteo archive
Kobe,True,1989,1989-03-25 00:00:00,1989-04-01 00:00:00,Not stated,1989-03-25,1989-04-01,84.0,91.0,7.0,True,False,False,True,True,34.6967,135.2117,6.564285714285715,8.561290322580644,7.56278801843318,Open-Meteo archive
Osaka,True,1989,1989-03-25 00:00:00,1989-04-01 00:00:00,Not stated,1989-03-25,1989-04-01,84.0,91.0,7.0,True,False,False,True,True,34.6817,135.5183,5.864285714285714,7.816129032258065,6.840207373271889,Open-Meteo archive
Nara,True,1989,1989-03-25 00:00:00,1989-04-02 00:00:00,Not stated,1989-03-25,1989-04-02,84.0,92.0,8.0,True,False,False,True,True,34.6733,135.8317,5.353571428571429,7.170967741935484,6.262269585253456,Open-Meteo archive
Kochi,True,1989,1989-03-15 00:00:00,1989-03-24 00:00:00,Not stated,1989-03-15,1989-03-24,74.0,83.0,9.0,True,False,False,True,True,33.5667,133.5483,7.95,9.287096774193548,8.618548387096775,Open-Meteo archive
Fukuoka,True,1989,1989-03-17 00:00:00,1989-03-28 00:00:00,Not stated,1989-03-17,1989-03-28,76.0,87.0,11.0,True,False,False,True,True,33.5817,130.3767,7.542857142857143,9.051612903225807,8.297235023041475,Open-Meteo archive
Oita,True,1989,1989-03-20 00:00:00,1989-04-01 00:00:00,Not stated,1989-03-20,1989-04-01,79.0,91.0,12.0,True,False,False,True,True,33.235,131.6183,7.664285714285714,9.05483870967742,8.359562211981567,Open-Meteo archive
Kagoshima,True,1989,1989-03-25 00:00:00,1989-04-05 00:00:00,Not stated,1989-03-25,1989-04-05,84.0,95.0,11.0,True,False,False,True,True,31.555,130.5467,10.403571428571428,11.261290322580646,10.832430875576037,Open-Meteo archive
Wakkanai,True,1990,1990-05-06 00:00:00,1990-05-09 00:00:00,Sargent cherry (Prunus sargentii),1990-05-06,1990-05-09,126.0,129.0,3.0,False,False,False,True,True,45.415,141.6783,-3.95,-0.7290322580645161,-2.3395161290322584,Open-Meteo archive
Asahikawa,True,1990,1990-04-28 00:00:00,1990-05-03 00:00:00,Sargent cherry (Prunus sargentii),1990-04-28,1990-05-03,118.0,123.0,5.0,False,False,False,True,True,43.7567,142.3717,-5.2749999999999995,-2.129032258064516,-3.7020161290322577,Open-Meteo archive
Iwamizawa,False,1990,1990-04-26 00:00:00,1990-04-30 00:00:00,Sargent cherry (Prunus sargentii),1990-04-26,1990-04-30,116.0,120.0,4.0,False,False,False,True,True,43.2117,141.785,-4.296428571428572,-0.6451612903225806,-2.4707949308755763,Open-Meteo archive
Urakawa,False,1990,1990-05-06 00:00:00,1990-05-09 00:00:00,Sargent cherry (Prunus sargentii),1990-05-06,1990-05-09,126.0,129.0,3.0,False,False,False,True,True,42.1617,142.7767,-2.0678571428571426,0.1838709677419354,-0.9419930875576036,Open-Meteo archive
Aomori,True,1990,1990-04-15 00:00:00,1990-04-23 00:00:00,Not stated,1990-04-15,1990-04-23,105.0,113.0,8.0,True,False,False,True,True,40.8217,140.7683,-0.7642857142857142,2.5161290322580645,0.8759216589861751,Open-Meteo archive
Akita,True,1990,1990-04-10 00:00:00,1990-04-13 00:00:00,Not stated,1990-04-10,1990-04-13,100.0,103.0,3.0,True,False,False,True,True,39.7167,140.0983,1.55,4.441935483870967,2.9959677419354835,Open-Meteo archive
Yamagata,True,1990,1990-04-09 00:00:00,1990-04-12 00:00:00,Not stated,1990-04-09,1990-04-12,99.0,102.0,3.0,True,False,False,True,True,38.255,140.345,0.1071428571428571,3.7,1.9035714285714287,Open-Meteo archive
Nagano,True,1990,1990-04-07 00:00:00,1990-04-11 00:00:00,Not stated,1990-04-07,1990-04-11,97.0,101.0,4.0,True,False,False,True,True,36.6617,138.1917,0.9321428571428572,2.4838709677419355,1.7080069124423964,Open-Meteo archive
Fukui,True,1990,1990-03-27 00:00:00,1990-04-01 00:00:00,Not stated,1990-03-27,1990-04-01,86.0,91.0,5.0,True,False,False,True,True,36.055,136.2217,5.857142857142857,7.319354838709677,6.588248847926267,Open-Meteo archive
Shizuoka,True,1990,1990-03-20 00:00:00,1990-04-02 00:00:00,Not stated,1990-03-20,1990-04-02,79.0,92.0,13.0,True,False,False,True,True,34.975,138.4033,8.05,9.441935483870967,8.745967741935484,Open-Meteo archive
Matsue,True,1990,1990-03-24 00:00:00,1990-03-30 00:00:00,Not stated,1990-03-24,1990-03-30,83.0,89.0,6.0,True,False,False,True,True,35.4567,133.065,7.846428571428572,9.26774193548387,8.557085253456222,Open-Meteo archive
Kyoto,True,1990,1990-03-21 00:00:00,1990-03-29 00:00:00,Not stated,1990-03-21,1990-03-29,80.0,88.0,8.0,True,False,False,True,True,35.0117,135.735,6.039285714285714,7.987096774193549,7.013191244239631,Open-Meteo archive
Kobe,True,1990,1990-03-21 00:00:00,1990-03-28 00:00:00,Not stated,1990-03-21,1990-03-28,80.0,87.0,7.0,True,False,False,True,True,34.6967,135.2117,7.3428571428571425,9.261290322580646,8.302073732718894,Open-Meteo archive
Osaka,True,1990,1990-03-21 00:00:00,1990-03-30 00:00:00,Not stated,1990-03-21,1990-03-30,80.0,89.0,9.0,True,False,False,True,True,34.6817,135.5183,6.428571428571429,8.412903225806453,7.420737327188941,Open-Meteo archive
Nara,True,1990,1990-03-23 00:00:00,1990-03-28 00:00:00,Not stated,1990-03-23,1990-03-28,82.0,87.0,5.0,True,False,False,True,True,34.6733,135.8317,6.2178571428571425,7.922580645161291,7.0702188940092165,Open-Meteo archive
Kochi,True,1990,1990-03-14 00:00:00,1990-03-23 00:00:00,Not stated,1990-03-14,1990-03-23,73.0,82.0,9.0,True,False,False,True,True,33.5667,133.5483,8.278571428571428,9.829032258064515,9.053801843317972,Open-Meteo archive
Fukuoka,True,1990,1990-03-14 00:00:00,1990-03-28 00:00:00,Not stated,1990-03-14,1990-03-28,73.0,87.0,14.0,True,False,False,True,True,33.5817,130.3767,8.635714285714286,10.325806451612904,9.480760368663596,Open-Meteo archive
Oita,True,1990,1990-03-16 00:00:00,1990-03-27 00:00:00,Not stated,1990-03-16,1990-03-27,75.0,86.0,11.0,True,False,False,True,True,33.235,131.6183,8.367857142857144,10.25483870967742,9.311347926267281,Open-Meteo archive
Kagoshima,True,1990,1990-03-22 00:00:00,1990-03-29 00:00:00,Not stated,1990-03-22,1990-03-29,81.0,88.0,7.0,True,False,False,True,True,31.555,130.5467,11.514285714285714,12.361290322580643,11.937788018433178,Open-Meteo archive
Wakkanai,True,1991,1991-05-14 00:00:00,1991-05-18 00:00:00,Sargent cherry (Prunus sargentii),1991-05-14,1991-05-18,134.0,138.0,4.0,False,False,False,True,True,45.415,141.6783,-5.303571428571429,-2.4419354838709677,-3.872753456221198,Open-Meteo archive
Asahikawa,True,1991,1991-05-05 00:00:00,1991-05-07 00:00:00,Sargent cherry (Prunus sargentii),1991-05-05,1991-05-07,125.0,127.0,2.0,False,False,False,True,True,43.7567,142.3717,-8.492857142857144,-4.151612903225806,-6.322235023041475,Open-Meteo archive
Iwamizawa,False,1991,1991-05-04 00:00:00,1991-05-06 00:00:00,Sargent cherry (Prunus sargentii),1991-05-04,1991-05-06,124.0,126.0,2.0,False,False,False,True,True,43.2117,141.785,-7.128571428571428,-2.9741935483870967,-5.051382488479263,Open-Meteo archive
Urakawa,False,1991,1991-05-07 00:00:00,1991-05-10 00:00:00,Sargent cherry (Prunus sargentii),1991-05-07,1991-05-10,127.0,130.0,3.0,False,False,False,True,True,42.1617,142.7767,-4.117857142857143,-1.4096774193548385,-2.7637672811059906,Open-Meteo archive
Aomori,True,1991,1991-04-24 00:00:00,1991-04-30 00:00:00,Not stated,1991-04-24,1991-04-30,114.0,120.0,6.0,True,False,False,True,True,40.8217,140.7683,-3.378571428571429,0.1516129032258064,-1.6134792626728114,Open-Meteo archive
Akita,True,1991,1991-04-16 00:00:00,1991-04-22 00:00:00,Not stated,1991-04-16,1991-04-22,106.0,112.0,6.0,True,False,False,True,True,39.7167,140.0983,-0.525,1.9387096774193548,0.7068548387096774,Open-Meteo archive
Yamagata,True,1991,1991-04-12 00:00:00,1991-04-17 00:00:00,Not stated,1991-04-12,1991-04-17,102.0,107.0,5.0,True,False,False,True,True,38.255,140.345,-2.157142857142857,0.864516129032258,-0.6463133640552995,Open-Meteo archive
Nagano,True,1991,1991-04-12 00:00:00,1991-04-15 00:00:00,Not stated,1991-04-12,1991-04-15,102.0,105.0,3.0,True,False,False,True,True,36.6617,138.1917,-2.792857142857143,1.6838709677419357,-0.5544930875576037,Open-Meteo archive
Fukui,True,1991,1991-04-06 00:00:00,1991-04-10 00:00:00,Not stated,1991-04-06,1991-04-10,96.0,100.0,4.0,True,False,False,True,True,36.055,136.2217,1.9892857142857143,6.051612903225807,4.020449308755761,Open-Meteo archive
Shizuoka,True,1991,1991-03-31 00:00:00,1991-04-10 00:00:00,Not stated,1991-03-31,1991-04-10,90.0,100.0,10.0,True,False,False,True,True,34.975,138.4033,4.8500000000000005,9.570967741935483,7.210483870967742,Open-Meteo archive
Matsue,True,1991,1991-04-07 00:00:00,1991-04-12 00:00:00,Not stated,1991-04-07,1991-04-12,97.0,102.0,5.0,True,False,False,True,True,35.4567,133.065,4.878571428571428,8.287096774193548,6.582834101382488,Open-Meteo archive
Kyoto,True,1991,1991-03-30 00:00:00,1991-04-06 00:00:00,Not stated,1991-03-30,1991-04-06,89.0,96.0,7.0,True,False,False,True,True,35.0117,135.735,3.0749999999999997,7.577419354838709,5.326209677419355,Open-Meteo archive
Kobe,True,1991,1991-03-29 00:00:00,1991-04-06 00:00:00,Not stated,1991-03-29,1991-04-06,88.0,96.0,8.0,True,False,False,True,True,34.6967,135.2117,4.542857142857143,8.812903225806451,6.677880184331797,Open-Meteo archive
Osaka,True,1991,1991-03-29 00:00:00,1991-04-06 00:00:00,Not stated,1991-03-29,1991-04-06,88.0,96.0,8.0,True,False,False,True,True,34.6817,135.5183,3.7,8.006451612903225,5.853225806451613,Open-Meteo archive
Nara,True,1991,1991-03-28 00:00:00,1991-04-05 00:00:00,Not stated,1991-03-28,1991-04-05,87.0,95.0,8.0,True,False,False,True,True,34.6733,135.8317,2.9428571428571426,7.922580645161291,5.432718894009216,Open-Meteo archive
Kochi,True,1991,1991-03-24 00:00:00,1991-03-29 00:00:00,Not stated,1991-03-24,1991-03-29,83.0,88.0,5.0,True,False,False,True,True,33.5667,133.5483,4.882142857142857,10.5,7.691071428571428,Open-Meteo archive
Fukuoka,True,1991,1991-03-29 00:00:00,1991-04-06 00:00:00,Not stated,1991-03-29,1991-04-06,88.0,96.0,8.0,True,False,False,True,True,33.5817,130.3767,5.246428571428572,9.832258064516129,7.53934331797235,Open-Meteo archive
Oita,True,1991,1991-03-28 00:00:00,1991-04-05 00:00:00,Not stated,1991-03-28,1991-04-05,87.0,95.0,8.0,True,False,False,True,True,33.235,131.6183,5.442857142857143,10.003225806451614,7.723041474654378,Open-Meteo archive
Kagoshima,True,1991,1991-03-24 00:00:00,1991-04-05 00:00:00,Not stated,1991-03-24,1991-04-05,83.0,95.0,12.0,True,False,False,True,True,31.555,130.5467,7.864285714285714,12.983870967741936,10.424078341013825,Open-Meteo archive
Wakkanai,True,1992,1992-05-17 00:00:00,1992-05-19 00:00:00,Sargent cherry (Prunus sargentii),1992-05-17,1992-05-19,137.0,139.0,2.0,False,False,False,True,True,45.415,141.6783,-4.910344827586207,-1.8516129032258064,-3.3809788654060067,Open-Meteo archive
Asahikawa,True,1992,1992-05-09 00:00:00,1992-05-11 00:00:00,Sargent cherry (Prunus sargentii),1992-05-09,1992-05-11,129.0,131.0,2.0,False,False,False,True,True,43.7567,142.3717,-7.675862068965517,-3.6193548387096777,-5.647608453837598,Open-Meteo archive
Iwamizawa,False,1992,1992-05-09 00:00:00,1992-05-10 00:00:00,Sargent cherry (Prunus sargentii),1992-05-09,1992-05-10,129.0,130.0,1.0,False,False,False,True,True,43.2117,141.785,-6.389655172413793,-2.429032258064516,-4.409343715239155,Open-Meteo archive
Urakawa,False,1992,1992-05-12 00:00:00,1992-05-16 00:00:00,Sargent cherry (Prunus sargentii),1992-05-12,1992-05-16,132.0,136.0,4.0,False,False,False,True,True,42.1617,142.7767,-3.627586206896552,-1.3193548387096774,-2.4734705228031144,Open-Meteo archive
Aomori,True,1992,1992-04-22 00:00:00,1992-04-27 00:00:00,Not stated,1992-04-22,1992-04-27,112.0,117.0,5.0,True,False,False,True,True,40.8217,140.7683,-2.8758620689655174,0.7161290322580645,-1.0798665183537266,Open-Meteo archive
Akita,True,1992,1992-04-17 00:00:00,1992-04-22 00:00:00,Not stated,1992-04-17,1992-04-22,107.0,112.0,5.0,True,False,False,True,True,39.7167,140.0983,-0.1862068965517241,2.5354838709677416,1.1746384872080087,Open-Meteo archive
Yamagata,True,1992,1992-04-12 00:00:00,1992-04-16 00:00:00,Not stated,1992-04-12,1992-04-16,102.0,106.0,4.0,True,False,False,True,True,38.255,140.345,-1.831034482758621,1.0193548387096774,-0.4058398220244718,Open-Meteo archive
Nagano,True,1992,1992-04-09 00:00:00,1992-04-16 00:00:00,Not stated,1992-04-09,1992-04-16,99.0,106.0,7.0,True,False,False,True,True,36.6617,138.1917,-1.7310344827586208,2.1193548387096777,0.19416017797552843,Open-Meteo archive
Fukui,True,1992,1992-04-01 00:00:00,1992-04-05 00:00:00,Not stated,1992-04-01,1992-04-05,91.0,95.0,4.0,True,False,False,True,True,36.055,136.2217,3.1241379310344826,7.229032258064516,5.176585094549499,Open-Meteo archive
Shizuoka,True,1992,1992-03-24 00:00:00,1992-04-04 00:00:00,Not stated,1992-03-24,1992-04-04,83.0,94.0,11.0,True,False,False,True,True,34.975,138.4033,5.862068965517241,9.958064516129031,7.910066740823137,Open-Meteo archive
Matsue,True,1992,1992-03-30 00:00:00,1992-04-05 00:00:00,Not stated,1992-03-30,1992-04-05,89.0,95.0,6.0,True,False,False,True,True,35.4567,133.065,6.3,8.890322580645162,7.595161290322581,Open-Meteo archive
Kyoto,True,1992,1992-03-27 00:00:00,1992-04-03 00:00:00,Not stated,1992-03-27,1992-04-03,86.0,93.0,7.0,True,False,False,True,True,35.0117,135.735,4.103448275862069,8.064516129032258,6.083982202447164,Open-Meteo archive
Kobe,True,1992,1992-03-27 00:00:00,1992-04-03 00:00:00,Not stated,1992-03-27,1992-04-03,86.0,93.0,7.0,True,False,False,True,True,34.6967,135.2117,5.503448275862069,9.380645161290325,7.442046718576197,Open-Meteo archive
Osaka,True,1992,1992-03-26 00:00:00,1992-04-02 00:00:00,Not stated,1992-03-26,1992-04-02,85.0,92.0,7.0,True,False,False,True,True,34.6817,135.5183,4.7,8.55483870967742,6.627419354838709,Open-Meteo archive
Nara,True,1992,1992-03-26 00:00:00,1992-04-01 00:00:00,Not stated,1992-03-26,1992-04-01,85.0,91.0,6.0,True,False,False,True,True,34.6733,135.8317,3.7413793103448274,8.425806451612903,6.083592880978865,Open-Meteo archive
Kochi,True,1992,1992-03-25 00:00:00,1992-04-02 00:00:00,Not stated,1992-03-25,1992-04-02,84.0,92.0,8.0,True,False,False,True,True,33.5667,133.5483,5.73448275862069,10.416129032258064,8.075305895439378,Open-Meteo archive
Fukuoka,True,1992,1992-03-22 00:00:00,1992-03-31 00:00:00,Not stated,1992-03-22,1992-03-31,81.0,90.0,9.0,True,False,False,True,True,33.5817,130.3767,6.30344827586207,10.041935483870969,8.17269187986652,Open-Meteo archive
Oita,True,1992,1992-03-26 00:00:00,1992-04-03 00:00:00,Not stated,1992-03-26,1992-04-03,85.0,93.0,8.0,True,False,False,True,True,33.235,131.6183,6.2379310344827585,9.761290322580646,7.9996106785317025,Open-Meteo archive
Kagoshima,True,1992,1992-03-26 00:00:00,1992-04-03 00:00:00,Not stated,1992-03-26,1992-04-03,85.0,93.0,8.0,True,False,False,True,True,31.555,130.5467,8.306896551724138,13.229032258064516,10.767964404894327,Open-Meteo archive
Wakkanai,True,1993,1993-05-15 00:00:00,1993-05-18 00:00:00,Sargent cherry (Prunus sargentii),1993-05-15,1993-05-18,135.0,138.0,3.0,False,False,False,True,True,45.415,141.6783,-4.803571428571429,-1.8258064516129031,-3.314688940092166,Open-Meteo archive
Asahikawa,True,1993,1993-05-08 00:00:00,1993-05-11 00:00:00,Sargent cherry (Prunus sargentii),1993-05-08,1993-05-11,128.0,131.0,3.0,False,False,False,True,True,43.7567,142.3717,-6.992857142857143,-3.761290322580645,-5.377073732718894,Open-Meteo archive
Iwamizawa,False,1993,1993-05-07 00:00:00,1993-05-09 00:00:00,Sargent cherry (Prunus sargentii),1993-05-07,1993-05-09,127.0,129.0,2.0,False,False,False,True,True,43.2117,141.785,-5.542857142857143,-2.261290322580645,-3.902073732718894,Open-Meteo archive
Urakawa,False,1993,1993-05-12 00:00:00,1993-05-17 00:00:00,Sargent cherry (Prunus sargentii),1993-05-12,1993-05-17,132.0,137.0,5.0,False,False,False,True,True,42.1617,142.7767,-3.3428571428571425,-0.7741935483870968,-2.0585253456221198,Open-Meteo archive
Aomori,True,1993,1993-04-23 00:00:00,1993-04-28 00:00:00,Not stated,1993-04-23,1993-04-28,113.0,118.0,5.0,True,False,False,True,True,40.8217,140.7683,-1.6964285714285714,0.3096774193548388,-0.6933755760368663,Open-Meteo archive
Akita,True,1993,1993-04-19 00:00:00,1993-04-24 00:00:00,Not stated,1993-04-19,1993-04-24,109.0,114.0,5.0,True,False,False,True,True,39.7167,140.0983,0.9678571428571427,2.454838709677419,1.711347926267281,Open-Meteo archive
Yamagata,True,1993,1993-04-16 00:00:00,1993-04-20 00:00:00,Not stated,1993-04-16,1993-04-20,106.0,110.0,4.0,True,False,False,True,True,38.255,140.345,-0.3321428571428572,0.9387096774193548,0.30328341013824883,Open-Meteo archive
Nagano,True,1993,1993-04-18 00:00:00,1993-04-21 00:00:00,Not stated,1993-04-18,1993-04-21,108.0,111.0,3.0,True,False,False,True,True,36.6617,138.1917,-0.9285714285714286,0.7935483870967741,-0.06751152073732725,Open-Meteo archive
Fukui,True,1993,1993-04-04 00:00:00,1993-04-14 00:00:00,Not stated,1993-04-04,1993-04-14,94.0,104.0,10.0,True,False,False,True,True,36.055,136.2217,3.7642857142857142,5.232258064516128,4.498271889400922,Open-Meteo archive
Shizuoka,True,1993,1993-03-30 00:00:00,1993-04-09 00:00:00,Not stated,1993-03-30,1993-04-09,89.0,99.0,10.0,True,False,False,True,True,34.975,138.4033,7.146428571428571,8.003225806451614,7.574827188940093,Open-Meteo archive
Matsue,True,1993,1993-04-01 00:00:00,1993-04-15 00:00:00,Not stated,1993-04-01,1993-04-15,91.0,105.0,14.0,True,False,False,True,True,35.4567,133.065,7.182142857142857,7.890322580645161,7.536232718894009,Open-Meteo archive
Kyoto,True,1993,1993-03-28 00:00:00,1993-04-06 00:00:00,Not stated,1993-03-28,1993-04-06,87.0,96.0,9.0,True,False,False,True,True,35.0117,135.735,5.017857142857143,6.306451612903226,5.662154377880185,Open-Meteo archive
Kobe,True,1993,1993-03-29 00:00:00,1993-04-10 00:00:00,Not stated,1993-03-29,1993-04-10,88.0,100.0,12.0,True,False,False,True,True,34.6967,135.2117,6.521428571428571,7.535483870967742,7.028456221198157,Open-Meteo archive
Osaka,True,1993,1993-03-29 00:00:00,1993-04-07 00:00:00,Not stated,1993-03-29,1993-04-07,88.0,97.0,9.0,True,False,False,True,True,34.6817,135.5183,5.610714285714286,6.780645161290322,6.195679723502304,Open-Meteo archive
Nara,True,1993,1993-03-30 00:00:00,1993-04-07 00:00:00,Not stated,1993-03-30,1993-04-07,89.0,97.0,8.0,True,False,False,True,True,34.6733,135.8317,4.953571428571428,6.029032258064516,5.491301843317972,Open-Meteo archive
Kochi,True,1993,1993-03-29 00:00:00,1993-04-06 00:00:00,Not stated,1993-03-29,1993-04-06,88.0,96.0,8.0,True,False,False,True,True,33.5667,133.5483,6.464285714285714,7.848387096774193,7.156336405529954,Open-Meteo archive
Fukuoka,True,1993,1993-03-24 00:00:00,1993-04-05 00:00:00,Not stated,1993-03-24,1993-04-05,83.0,95.0,12.0,True,False,False,True,True,33.5817,130.3767,7.064285714285715,8.406451612903227,7.735368663594471,Open-Meteo archive
Oita,True,1993,1993-03-27 00:00:00,1993-04-08 00:00:00,Not stated,1993-03-27,1993-04-08,86.0,98.0,12.0,True,False,False,True,True,33.235,131.6183,7.103571428571429,8.187096774193549,7.645334101382488,Open-Meteo archive
Kagoshima,True,1993,1993-03-31 00:00:00,1993-04-10 00:00:00,Not stated,1993-03-31,1993-04-10,90.0,100.0,10.0,True,False,False,True,True,31.555,130.5467,9.45,10.638709677419357,10.044354838709678,Open-Meteo archive
Wakkanai,True,1994,1994-05-16 00:00:00,1994-05-19 00:00:00,Sargent cherry (Prunus sargentii),1994-05-16,1994-05-19,136.0,139.0,3.0,False,False,False,True,True,45.415,141.6783,-4.039285714285714,-2.696774193548387,-3.36802995391705,Open-Meteo archive
Asahikawa,True,1994,1994-05-11 00:00:00,1994-05-13 00:00:00,Sargent cherry (Prunus sargentii),1994-05-11,1994-05-13,131.0,133.0,2.0,False,False,False,True,True,43.7567,142.3717,-6.471428571428571,-4.690322580645161,-5.580875576036866,Open-Meteo archive
Iwamizawa,False,1994,1994-05-08 00:00:00,1994-05-11 00:00:00,Sargent cherry (Prunus sargentii),1994-05-08,1994-05-11,128.0,131.0,3.0,False,False,False,True,True,43.2117,141.785,-4.821428571428571,-3.480645161290323,-4.151036866359447,Open-Meteo archive
Urakawa,False,1994,1994-05-13 00:00:00,1994-05-17 00:00:00,Sargent cherry (Prunus sargentii),1994-05-13,1994-05-17,133.0,137.0,4.0,False,False,False,True,True,42.1617,142.7767,-3.2178571428571425,-1.9129032258064516,-2.565380184331797,Open-Meteo archive
Aomori,True,1994,1994-04-22 00:00:00,1994-04-27 00:00:00,Not stated,1994-04-22,1994-04-27,112.0,117.0,5.0,True,False,False,True,True,40.8217,140.7683,-2.0642857142857145,-0.8096774193548387,-1.4369815668202766,Open-Meteo archive
Akita,True,1994,1994-04-19 00:00:00,1994-04-24 00:00:00,Not stated,1994-04-19,1994-04-24,109.0,114.0,5.0,True,False,False,True,True,39.7167,140.0983,0.0678571428571428,1.1451612903225807,0.6065092165898618,Open-Meteo archive
Yamagata,True,1994,1994-04-15 00:00:00,1994-04-18 00:00:00,Not stated,1994-04-15,1994-04-18,105.0,108.0,3.0,True,False,False,True,True,38.255,140.345,-1.2142857142857142,-0.0387096774193548,-0.6264976958525345,Open-Meteo archive
Nagano,True,1994,1994-04-15 00:00:00,1994-04-18 00:00:00,Not stated,1994-04-15,1994-04-18,105.0,108.0,3.0,True,False,False,True,True,36.6617,138.1917,-2.4535714285714287,-0.0354838709677419,-1.2445276497695854,Open-Meteo archive
Fukui,True,1994,1994-04-07 00:00:00,1994-04-11 00:00:00,Not stated,1994-04-07,1994-04-11,97.0,101.0,4.0,True,False,False,True,True,36.055,136.2217,2.5214285714285714,4.619354838709677,3.5703917050691243,Open-Meteo archive
Shizuoka,True,1994,1994-04-02 00:00:00,1994-04-09 00:00:00,Not stated,1994-04-02,1994-04-09,92.0,99.0,7.0,True,False,False,True,True,34.975,138.4033,4.671428571428572,7.458064516129032,6.064746543778802,Open-Meteo archive
Matsue,True,1994,1994-04-05 00:00:00,1994-04-10 00:00:00,Not stated,1994-04-05,1994-04-10,95.0,100.0,5.0,True,False,False,True,True,35.4567,133.065,5.714285714285714,7.087096774193548,6.400691244239631,Open-Meteo archive
Kyoto,True,1994,1994-04-03 00:00:00,1994-04-06 00:00:00,Not stated,1994-04-03,1994-04-06,93.0,96.0,3.0,True,False,False,True,True,35.0117,135.735,2.917857142857143,5.590322580645162,4.254089861751153,Open-Meteo archive
Kobe,True,1994,1994-04-02 00:00:00,1994-04-06 00:00:00,Not stated,1994-04-02,1994-04-06,92.0,96.0,4.0,True,False,False,True,True,34.6967,135.2117,4.45,6.964516129032258,5.707258064516129,Open-Meteo archive
Osaka,True,1994,1994-03-31 00:00:00,1994-04-06 00:00:00,Not stated,1994-03-31,1994-04-06,90.0,96.0,6.0,True,False,False,True,True,34.6817,135.5183,3.5107142857142857,6.170967741935484,4.8408410138248845,Open-Meteo archive
Nara,True,1994,1994-04-03 00:00:00,1994-04-06 00:00:00,Not stated,1994-04-03,1994-04-06,93.0,96.0,3.0,True,False,False,True,True,34.6733,135.8317,2.832142857142857,5.596774193548387,4.214458525345622,Open-Meteo archive
Kochi,True,1994,1994-03-30 00:00:00,1994-04-05 00:00:00,Not stated,1994-03-30,1994-04-05,89.0,95.0,6.0,True,False,False,True,True,33.5667,133.5483,5.214285714285714,7.854838709677419,6.534562211981567,Open-Meteo archive
Fukuoka,True,1994,1994-03-29 00:00:00,1994-04-05 00:00:00,Not stated,1994-03-29,1994-04-05,88.0,95.0,7.0,True,False,False,True,True,33.5817,130.3767,6.0321428571428575,7.4,6.7160714285714285,Open-Meteo archive
Oita,True,1994,1994-03-30 00:00:00,1994-04-05 00:00:00,Not stated,1994-03-30,1994-04-05,89.0,95.0,6.0,True,False,False,True,True,33.235,131.6183,6.0,7.735483870967743,6.867741935483871,Open-Meteo archive
Kagoshima,True,1994,1994-03-29 00:00:00,1994-04-04 00:00:00,Not stated,1994-03-29,1994-04-04,88.0,94.0,6.0,True,False,False,True,True,31.555,130.5467,8.77142857142857,10.035483870967743,9.403456221198157,Open-Meteo archive
Wakkanai,True,1995,1995-05-08 00:00:00,1995-05-11 00:00:00,Sargent cherry (Prunus sargentii),1995-05-08,1995-05-11,128.0,131.0,3.0,False,False,False,True,True,45.415,141.6783,-5.421428571428572,-2.351612903225807,-3.8865207373271895,Open-Meteo archive
Asahikawa,True,1995,1995-05-02 00:00:00,1995-05-04 00:00:00,Sargent cherry (Prunus sargentii),1995-05-02,1995-05-04,122.0,124.0,2.0,False,False,False,True,True,43.7567,142.3717,-7.35,-3.3677419354838714,-5.358870967741936,Open-Meteo archive
Iwamizawa,False,1995,1995-05-03 00:00:00,1995-05-05 00:00:00,Sargent cherry (Prunus sargentii),1995-05-03,1995-05-05,123.0,125.0,2.0,False,False,False,True,True,43.2117,141.785,-6.2,-2.1129032258064515,-4.156451612903226,Open-Meteo archive
Urakawa,False,1995,1995-05-09 00:00:00,1995-05-11 00:00:00,Sargent cherry (Prunus sargentii),1995-05-09,1995-05-11,129.0,131.0,2.0,False,False,False,True,True,42.1617,142.7767,-3.7714285714285714,-1.1709677419354838,-2.4711981566820276,Open-Meteo archive
Aomori,True,1995,1995-04-24 00:00:00,1995-04-28 00:00:00,Not stated,1995-04-24,1995-04-28,114.0,118.0,4.0,True,False,False,True,True,40.8217,140.7683,-2.9714285714285715,0.1548387096774194,-1.4082949308755761,Open-Meteo archive
Akita,True,1995,1995-04-18 00:00:00,1995-04-23 00:00:00,Not stated,1995-04-18,1995-04-23,108.0,113.0,5.0,True,False,False,True,True,39.7167,140.0983,-0.4357142857142856,2.293548387096774,0.9289170506912443,Open-Meteo archive
Yamagata,True,1995,1995-04-17 00:00:00,1995-04-21 00:00:00,Not stated,1995-04-17,1995-04-21,107.0,111.0,4.0,True,False,False,True,True,38.255,140.345,-1.7142857142857142,1.164516129032258,-0.27488479262672805,Open-Meteo archive
Nagano,True,1995,1995-04-17 00:00:00,1995-04-21 00:00:00,Not stated,1995-04-17,1995-04-21,107.0,111.0,4.0,True,False,False,True,True,36.6617,138.1917,-2.032142857142857,1.4064516129032258,-0.3128456221198156,Open-Meteo archive
Fukui,True,1995,1995-04-05 00:00:00,1995-04-09 00:00:00,Not stated,1995-04-05,1995-04-09,95.0,99.0,4.0,True,False,False,True,True,36.055,136.2217,2.1607142857142856,6.438709677419355,4.29971198156682,Open-Meteo archive
Shizuoka,True,1995,1995-04-01 00:00:00,1995-04-08 00:00:00,Not stated,1995-04-01,1995-04-08,91.0,98.0,7.0,True,False,False,True,True,34.975,138.4033,5.646428571428571,8.212903225806452,6.929665898617511,Open-Meteo archive
Matsue,True,1995,1995-04-03 00:00:00,1995-04-09 00:00:00,Not stated,1995-04-03,1995-04-09,93.0,99.0,6.0,True,False,False,True,True,35.4567,133.065,5.45,8.90967741935484,7.179838709677419,Open-Meteo archive
Kyoto,True,1995,1995-03-31 00:00:00,1995-04-06 00:00:00,Not stated,1995-03-31,1995-04-06,90.0,96.0,6.0,True,False,False,True,True,35.0117,135.735,3.732142857142857,7.52258064516129,5.6273617511520735,Open-Meteo archive
Kobe,True,1995,1995-03-31 00:00:00,1995-04-10 00:00:00,Not stated,1995-03-31,1995-04-10,90.0,100.0,10.0,True,False,False,True,True,34.6967,135.2117,4.957142857142857,8.774193548387096,6.865668202764977,Open-Meteo archive
Osaka,True,1995,1995-03-31 00:00:00,1995-04-07 00:00:00,Not stated,1995-03-31,1995-04-07,90.0,97.0,7.0,True,False,False,True,True,34.6817,135.5183,4.425,8.003225806451614,6.214112903225807,Open-Meteo archive
Nara,True,1995,1995-04-01 00:00:00,1995-04-08 00:00:00,Not stated,1995-04-01,1995-04-08,91.0,98.0,7.0,True,False,False,True,True,34.6733,135.8317,3.6142857142857143,7.464516129032258,5.539400921658986,Open-Meteo archive
Kochi,True,1995,1995-03-28 00:00:00,1995-04-07 00:00:00,Not stated,1995-03-28,1995-04-07,87.0,97.0,10.0,True,False,False,True,True,33.5667,133.5483,5.428571428571429,9.02258064516129,7.225576036866359,Open-Meteo archive
Fukuoka,True,1995,1995-03-27 00:00:00,1995-04-08 00:00:00,Not stated,1995-03-27,1995-04-08,86.0,98.0,12.0,True,False,False,True,True,33.5817,130.3767,5.760714285714286,9.258064516129032,7.509389400921659,Open-Meteo archive
Oita,True,1995,1995-03-27 00:00:00,1995-04-07 00:00:00,Not stated,1995-03-27,1995-04-07,86.0,97.0,11.0,True,False,False,True,True,33.235,131.6183,5.871428571428572,9.35483870967742,7.613133640552996,Open-Meteo archive
Kagoshima,True,1995,1995-03-31 00:00:00,1995-04-10 00:00:00,Not stated,1995-03-31,1995-04-10,90.0,100.0,10.0,True,False,False,True,True,31.555,130.5467,8.325,11.170967741935485,9.747983870967742,Open-Meteo archive
Wakkanai,True,1996,1996-05-20 00:00:00,1996-05-25 00:00:00,Sargent cherry (Prunus sargentii),1996-05-20,1996-05-25,140.0,145.0,5.0,False,False,False,True,True,45.415,141.6783,-5.972413793103448,-2.4612903225806453,-4.216852057842047,Open-Meteo archive
Asahikawa,True,1996,1996-05-07 00:00:00,1996-05-13 00:00:00,Sargent cherry (Prunus sargentii),1996-05-07,1996-05-13,127.0,133.0,6.0,False,False,False,True,True,43.7567,142.3717,-8.389655172413793,-4.058064516129032,-6.223859844271413,Open-Meteo archive
Iwamizawa,False,1996,1996-05-07 00:00:00,1996-05-09 00:00:00,Sargent cherry (Prunus sargentii),1996-05-07,1996-05-09,127.0,129.0,2.0,False,False,False,True,True,43.2117,141.785,-6.8310344827586205,-2.6548387096774193,-4.74293659621802,Open-Meteo archive
Urakawa,False,1996,1996-05-11 00:00:00,1996-05-17 00:00:00,Sargent cherry (Prunus sargentii),1996-05-11,1996-05-17,131.0,137.0,6.0,False,False,False,True,True,42.1617,142.7767,-4.413793103448276,-1.3806451612903226,-2.8972191323692993,Open-Meteo archive
Aomori,True,1996,1996-04-30 00:00:00,1996-05-03 00:00:00,Not stated,1996-04-30,1996-05-03,120.0,123.0,3.0,True,False,False,True,True,40.8217,140.7683,-3.282758620689655,0.0387096774193548,-1.6220244716351502,Open-Meteo archive
Akita,True,1996,1996-04-25 00:00:00,1996-04-30 00:00:00,Not stated,1996-04-25,1996-04-30,115.0,120.0,5.0,True,False,False,True,True,39.7167,140.0983,-0.9862068965517242,1.8387096774193548,0.42625139043381527,Open-Meteo archive
Yamagata,True,1996,1996-04-24 00:00:00,1996-04-25 00:00:00,Not stated,1996-04-24,1996-04-25,114.0,115.0,1.0,True,False,False,True,True,38.255,140.345,-2.0172413793103448,0.5387096774193548,-0.739265850945495,Open-Meteo archive
Nagano,True,1996,1996-04-23 00:00:00,1996-04-26 00:00:00,Not stated,1996-04-23,1996-04-26,113.0,116.0,3.0,True,False,False,True,True,36.6617,138.1917,-2.606896551724138,0.8838709677419354,-0.8615127919911012,Open-Meteo archive
Fukui,True,1996,1996-04-07 00:00:00,1996-04-14 00:00:00,Not stated,1996-04-07,1996-04-14,97.0,104.0,7.0,True,False,False,True,True,36.055,136.2217,1.6413793103448275,5.093548387096774,3.367463848720801,Open-Meteo archive
Shizuoka,True,1996,1996-03-26 00:00:00,1996-04-02 00:00:00,Not stated,1996-03-26,1996-04-02,85.0,92.0,7.0,True,False,False,True,True,34.975,138.4033,3.993103448275862,8.07741935483871,6.035261401557286,Open-Meteo archive
Matsue,True,1996,1996-04-06 00:00:00,1996-04-14 00:00:00,Not stated,1996-04-06,1996-04-14,96.0,104.0,8.0,True,False,False,True,True,35.4567,133.065,4.586206896551724,7.664516129032258,6.125361512791991,Open-Meteo archive
Kyoto,True,1996,1996-03-31 00:00:00,1996-04-09 00:00:00,Not stated,1996-03-31,1996-04-09,90.0,99.0,9.0,True,False,False,True,True,35.0117,135.735,2.993103448275862,6.593548387096774,4.793325917686318,Open-Meteo archive
Kobe,True,1996,1996-03-31 00:00:00,1996-04-08 00:00:00,Not stated,1996-03-31,1996-04-08,90.0,98.0,8.0,True,False,False,True,True,34.6967,135.2117,4.268965517241379,7.941935483870967,6.105450500556174,Open-Meteo archive
Osaka,True,1996,1996-03-31 00:00:00,1996-04-09 00:00:00,Not stated,1996-03-31,1996-04-09,90.0,99.0,9.0,True,False,False,True,True,34.6817,135.5183,3.513793103448276,7.109677419354839,5.311735261401558,Open-Meteo archive
Nara,True,1996,1996-04-01 00:00:00,1996-04-08 00:00:00,Not stated,1996-04-01,1996-04-08,91.0,98.0,7.0,True,False,False,True,True,34.6733,135.8317,2.910344827586207,6.803225806451613,4.85678531701891,Open-Meteo archive
Kochi,True,1996,1996-03-25 00:00:00,1996-04-02 00:00:00,Not stated,1996-03-25,1996-04-02,84.0,92.0,8.0,True,False,False,True,True,33.5667,133.5483,4.393103448275863,8.558064516129033,6.475583982202448,Open-Meteo archive
Fukuoka,True,1996,1996-03-23 00:00:00,1996-04-01 00:00:00,Not stated,1996-03-23,1996-04-01,82.0,91.0,9.0,True,False,False,True,True,33.5817,130.3767,4.896551724137931,8.641935483870967,6.769243604004449,Open-Meteo archive
Oita,True,1996,1996-03-26 00:00:00,1996-04-07 00:00:00,Not stated,1996-03-26,1996-04-07,85.0,97.0,12.0,True,False,False,True,True,33.235,131.6183,5.068965517241379,8.903225806451612,6.9860956618464956,Open-Meteo archive
Kagoshima,True,1996,1996-03-25 00:00:00,1996-03-31 00:00:00,Not stated,1996-03-25,1996-03-31,84.0,90.0,6.0,True,False,False,True,True,31.555,130.5467,7.317241379310344,11.19032258064516,9.253781979977752,Open-Meteo archive
Wakkanai,True,1997,1997-05-15 00:00:00,1997-05-22 00:00:00,Sargent cherry (Prunus sargentii),1997-05-15,1997-05-22,135.0,142.0,7.0,False,False,False,True,True,45.415,141.6783,-4.682142857142857,-2.6903225806451614,-3.686232718894009,Open-Meteo archive
Asahikawa,True,1997,1997-05-05 00:00:00,1997-05-07 00:00:00,Sargent cherry (Prunus sargentii),1997-05-05,1997-05-07,125.0,127.0,2.0,False,False,False,True,True,43.7567,142.3717,-6.882142857142857,-4.174193548387097,-5.528168202764977,Open-Meteo archive
Iwamizawa,False,1997,1997-05-03 00:00:00,1997-05-05 00:00:00,Sargent cherry (Prunus sargentii),1997-05-03,1997-05-05,123.0,125.0,2.0,False,False,False,True,True,43.2117,141.785,-5.610714285714286,-2.6129032258064515,-4.111808755760369,Open-Meteo archive
Urakawa,False,1997,1997-05-05 00:00:00,1997-05-09 00:00:00,Sargent cherry (Prunus sargentii),1997-05-05,1997-05-09,125.0,129.0,4.0,False,False,False,True,True,42.1617,142.7767,-3.582142857142857,-1.3741935483870968,-2.478168202764977,Open-Meteo archive
Aomori,True,1997,1997-04-23 00:00:00,1997-04-27 00:00:00,Not stated,1997-04-23,1997-04-27,113.0,117.0,4.0,True,False,False,True,True,40.8217,140.7683,-2.1464285714285714,0.4935483870967742,-0.8264400921658985,Open-Meteo archive
Akita,True,1997,1997-04-17 00:00:00,1997-04-22 00:00:00,Not stated,1997-04-17,1997-04-22,107.0,112.0,5.0,True,False,False,True,True,39.7167,140.0983,0.375,2.7419354838709675,1.5584677419354838,Open-Meteo archive
Yamagata,True,1997,1997-04-13 00:00:00,1997-04-19 00:00:00,Not stated,1997-04-13,1997-04-19,103.0,109.0,6.0,True,False,False,True,True,38.255,140.345,-1.1785714285714286,1.1516129032258065,-0.013479262672811076,Open-Meteo archive
Nagano,True,1997,1997-04-11 00:00:00,1997-04-16 00:00:00,Not stated,1997-04-11,1997-04-16,101.0,106.0,5.0,True,False,False,True,True,36.6617,138.1917,-2.1535714285714285,2.351612903225807,0.09902073732718919,Open-Meteo archive
Fukui,True,1997,1997-03-30 00:00:00,1997-04-04 00:00:00,Not stated,1997-03-30,1997-04-04,89.0,94.0,5.0,True,False,False,True,True,36.055,136.2217,2.417857142857143,7.067741935483871,4.742799539170507,Open-Meteo archive
Shizuoka,True,1997,1997-03-22 00:00:00,1997-03-30 00:00:00,Not stated,1997-03-22,1997-03-30,81.0,89.0,8.0,True,False,False,True,True,34.975,138.4033,5.817857142857143,9.638709677419357,7.72828341013825,Open-Meteo archive
Matsue,True,1997,1997-03-28 00:00:00,1997-04-04 00:00:00,Not stated,1997-03-28,1997-04-04,87.0,94.0,7.0,True,False,False,True,True,35.4567,133.065,5.553571428571429,9.3,7.426785714285715,Open-Meteo archive
Kyoto,True,1997,1997-03-26 00:00:00,1997-04-04 00:00:00,Not stated,1997-03-26,1997-04-04,85.0,94.0,9.0,True,False,False,True,True,35.0117,135.735,3.5892857142857144,7.961290322580646,5.77528801843318,Open-Meteo archive
Kobe,True,1997,1997-03-26 00:00:00,1997-04-02 00:00:00,Not stated,1997-03-26,1997-04-02,85.0,92.0,7.0,True,False,False,True,True,34.6967,135.2117,5.014285714285714,9.348387096774196,7.181336405529955,Open-Meteo archive
Osaka,True,1997,1997-03-27 00:00:00,1997-04-04 00:00:00,Not stated,1997-03-27,1997-04-04,86.0,94.0,8.0,True,False,False,True,True,34.6817,135.5183,4.310714285714286,8.432258064516128,6.371486175115207,Open-Meteo archive
Nara,True,1997,1997-03-28 00:00:00,1997-04-03 00:00:00,Not stated,1997-03-28,1997-04-03,87.0,93.0,6.0,True,False,False,True,True,34.6733,135.8317,3.682142857142857,8.109677419354838,5.895910138248848,Open-Meteo archive
Kochi,True,1997,1997-03-15 00:00:00,1997-03-26 00:00:00,Not stated,1997-03-15,1997-03-26,74.0,85.0,11.0,True,False,False,True,True,33.5667,133.5483,5.332142857142857,10.251612903225809,7.791877880184333,Open-Meteo archive
Fukuoka,True,1997,1997-03-18 00:00:00,1997-03-28 00:00:00,Not stated,1997-03-18,1997-03-28,77.0,87.0,10.0,True,False,False,True,True,33.5817,130.3767,6.417857142857143,10.170967741935485,8.294412442396315,Open-Meteo archive
Oita,True,1997,1997-03-20 00:00:00,1997-04-01 00:00:00,Not stated,1997-03-20,1997-04-01,79.0,91.0,12.0,True,False,False,True,True,33.235,131.6183,6.035714285714286,10.312903225806451,8.174308755760368,Open-Meteo archive
Kagoshima,True,1997,1997-03-21 00:00:00,1997-03-30 00:00:00,Not stated,1997-03-21,1997-03-30,80.0,89.0,9.0,True,False,False,True,True,31.555,130.5467,8.575,12.741935483870968,10.658467741935484,Open-Meteo archive
Wakkanai,True,1998,1998-05-11 00:00:00,1998-05-14 00:00:00,Sargent cherry (Prunus sargentii),1998-05-11,1998-05-14,131.0,134.0,3.0,False,False,False,True,True,45.415,141.6783,-6.6000000000000005,-1.1870967741935483,-3.893548387096774,Open-Meteo archive
Asahikawa,True,1998,1998-04-23 00:00:00,1998-04-25 00:00:00,Sargent cherry (Prunus sargentii),1998-04-23,1998-04-25,113.0,115.0,2.0,False,False,False,True,True,43.7567,142.3717,-9.1,-2.661290322580645,-5.880645161290323,Open-Meteo archive
Iwamizawa,False,1998,1998-04-24 00:00:00,1998-04-27 00:00:00,Sargent cherry (Prunus sargentii),1998-04-24,1998-04-27,114.0,117.0,3.0,False,False,False,True,True,43.2117,141.785,-7.525,-1.564516129032258,-4.544758064516129,Open-Meteo archive
Urakawa,False,1998,1998-05-04 00:00:00,1998-05-07 00:00:00,Sargent cherry (Prunus sargentii),1998-05-04,1998-05-07,124.0,127.0,3.0,False,False,False,True,True,42.1617,142.7767,-5.114285714285714,-0.3,-2.707142857142857,Open-Meteo archive
Aomori,True,1998,1998-04-16 00:00:00,1998-04-20 00:00:00,Not stated,1998-04-16,1998-04-20,106.0,110.0,4.0,True,False,False,True,True,40.8217,140.7683,-2.807142857142857,1.6451612903225807,-0.5809907834101381,Open-Meteo archive
Akita,True,1998,1998-04-13 00:00:00,1998-04-16 00:00:00,Not stated,1998-04-13,1998-04-16,103.0,106.0,3.0,True,False,False,True,True,39.7167,140.0983,-0.3107142857142858,3.42258064516129,1.555933179723502,Open-Meteo archive
Yamagata,True,1998,1998-04-11 00:00:00,1998-04-13 00:00:00,Not stated,1998-04-11,1998-04-13,101.0,103.0,2.0,True,False,False,True,True,38.255,140.345,-1.2035714285714287,1.0032258064516129,-0.10017281105990794,Open-Meteo archive
Nagano,True,1998,1998-04-10 00:00:00,1998-04-13 00:00:00,Not stated,1998-04-10,1998-04-13,100.0,103.0,3.0,True,False,False,True,True,36.6617,138.1917,-0.8,1.8741935483870968,0.5370967741935484,Open-Meteo archive
Fukui,True,1998,1998-03-29 00:00:00,1998-04-04 00:00:00,Not stated,1998-03-29,1998-04-04,88.0,94.0,6.0,True,False,False,True,True,36.055,136.2217,4.171428571428572,7.070967741935483,5.621198156682027,Open-Meteo archive
Shizuoka,True,1998,1998-03-21 00:00:00,1998-03-31 00:00:00,Not stated,1998-03-21,1998-03-31,80.0,90.0,10.0,True,False,False,True,True,34.975,138.4033,7.0,9.348387096774196,8.174193548387098,Open-Meteo archive
Matsue,True,1998,1998-03-26 00:00:00,1998-04-04 00:00:00,Not stated,1998-03-26,1998-04-04,85.0,94.0,9.0,True,False,False,True,True,35.4567,133.065,7.664285714285714,9.63548387096774,8.649884792626727,Open-Meteo archive
Kyoto,True,1998,1998-03-24 00:00:00,1998-04-01 00:00:00,Not stated,1998-03-24,1998-04-01,83.0,91.0,8.0,True,False,False,True,True,35.0117,135.735,5.603571428571429,8.138709677419355,6.871140552995392,Open-Meteo archive
Kobe,True,1998,1998-03-24 00:00:00,1998-03-31 00:00:00,Not stated,1998-03-24,1998-03-31,83.0,90.0,7.0,True,False,False,True,True,34.6967,135.2117,7.0,9.461290322580645,8.230645161290322,Open-Meteo archive
Osaka,True,1998,1998-03-25 00:00:00,1998-04-03 00:00:00,Not stated,1998-03-25,1998-04-03,84.0,93.0,9.0,True,False,False,True,True,34.6817,135.5183,6.142857142857143,8.674193548387096,7.40852534562212,Open-Meteo archive
Nara,True,1998,1998-03-26 00:00:00,1998-03-31 00:00:00,Not stated,1998-03-26,1998-03-31,85.0,90.0,5.0,True,False,False,True,True,34.6733,135.8317,5.6571428571428575,8.12258064516129,6.889861751152074,Open-Meteo archive
Kochi,True,1998,1998-03-17 00:00:00,1998-03-31 00:00:00,Not stated,1998-03-17,1998-03-31,76.0,90.0,14.0,True,False,False,True,True,33.5667,133.5483,7.928571428571429,9.806451612903226,8.867511520737327,Open-Meteo archive
Fukuoka,True,1998,1998-03-19 00:00:00,1998-04-03 00:00:00,Not stated,1998-03-19,1998-04-03,78.0,93.0,15.0,True,False,False,True,True,33.5817,130.3767,8.246428571428572,9.54516129032258,8.895794930875576,Open-Meteo archive
Oita,True,1998,1998-03-19 00:00:00,1998-04-02 00:00:00,Not stated,1998-03-19,1998-04-02,78.0,92.0,14.0,True,False,False,True,True,33.235,131.6183,8.267857142857142,9.63225806451613,8.950057603686636,Open-Meteo archive
Kagoshima,True,1998,1998-03-28 00:00:00,1998-04-09 00:00:00,Not stated,1998-03-28,1998-04-09,87.0,99.0,12.0,True,False,False,True,True,31.555,130.5467,11.164285714285716,11.616129032258064,11.39020737327189,Open-Meteo archive
Wakkanai,True,1999,1999-05-14 00:00:00,1999-05-18 00:00:00,Sargent cherry (Prunus sargentii),1999-05-14,1999-05-18,134.0,138.0,4.0,False,False,False,True,True,45.415,141.6783,-7.075,-3.8451612903225807,-5.46008064516129,Open-Meteo archive
Asahikawa,True,1999,1999-05-04 00:00:00,1999-05-08 00:00:00,Sargent cherry (Prunus sargentii),1999-05-04,1999-05-08,124.0,128.0,4.0,False,False,False,True,True,43.7567,142.3717,-8.428571428571429,-4.893548387096774,-6.661059907834101,Open-Meteo archive
Iwamizawa,False,1999,1999-05-03 00:00:00,1999-05-07 00:00:00,Sargent cherry (Prunus sargentii),1999-05-03,1999-05-07,123.0,127.0,4.0,False,False,False,True,True,43.2117,141.785,-7.060714285714285,-3.6193548387096777,-5.340034562211981,Open-Meteo archive
Urakawa,False,1999,1999-05-02 00:00:00,1999-05-06 00:00:00,Sargent cherry (Prunus sargentii),1999-05-02,1999-05-06,122.0,126.0,4.0,False,False,False,True,True,42.1617,142.7767,-4.4035714285714285,-2.225806451612903,-3.3146889400921657,Open-Meteo archive
Aomori,True,1999,1999-04-26 00:00:00,1999-04-30 00:00:00,Not stated,1999-04-26,1999-04-30,116.0,120.0,4.0,True,False,False,True,True,40.8217,140.7683,-3.475,-0.0419354838709677,-1.758467741935484,Open-Meteo archive
Akita,True,1999,1999-04-17 00:00:00,1999-04-20 00:00:00,Not stated,1999-04-17,1999-04-20,107.0,110.0,3.0,True,False,False,True,True,39.7167,140.0983,-0.6785714285714286,2.361290322580645,0.8413594470046083,Open-Meteo archive
Yamagata,True,1999,1999-04-14 00:00:00,1999-04-18 00:00:00,Not stated,1999-04-14,1999-04-18,104.0,108.0,4.0,True,False,False,True,True,38.255,140.345,-2.35,1.525806451612903,-0.4120967741935485,Open-Meteo archive
Nagano,True,1999,1999-04-10 00:00:00,1999-04-13 00:00:00,Not stated,1999-04-10,1999-04-13,100.0,103.0,3.0,True,False,False,True,True,36.6617,138.1917,-2.0,2.232258064516129,0.11612903225806459,Open-Meteo archive
Fukui,True,1999,1999-03-26 00:00:00,1999-04-02 00:00:00,Not stated,1999-03-26,1999-04-02,85.0,92.0,7.0,True,False,False,True,True,36.055,136.2217,2.382142857142857,7.738709677419355,5.060426267281106,Open-Meteo archive
Shizuoka,True,1999,1999-03-21 00:00:00,1999-04-01 00:00:00,Not stated,1999-03-21,1999-04-01,80.0,91.0,11.0,True,False,False,True,True,34.975,138.4033,5.682142857142857,9.874193548387098,7.778168202764977,Open-Meteo archive
Matsue,True,1999,1999-03-29 00:00:00,1999-04-06 00:00:00,Not stated,1999-03-29,1999-04-06,88.0,96.0,8.0,True,False,False,True,True,35.4567,133.065,5.896428571428571,9.551612903225807,7.724020737327189,Open-Meteo archive
Kyoto,True,1999,1999-03-25 00:00:00,1999-04-02 00:00:00,Not stated,1999-03-25,1999-04-02,84.0,92.0,8.0,True,False,False,True,True,35.0117,135.735,3.5749999999999997,8.341935483870968,5.9584677419354835,Open-Meteo archive
Kobe,True,1999,1999-03-25 00:00:00,1999-04-02 00:00:00,Not stated,1999-03-25,1999-04-02,84.0,92.0,8.0,True,False,False,True,True,34.6967,135.2117,5.192857142857143,9.6,7.396428571428571,Open-Meteo archive
Osaka,True,1999,1999-03-24 00:00:00,1999-03-29 00:00:00,Not stated,1999-03-24,1999-03-29,83.0,88.0,5.0,True,False,False,True,True,34.6817,135.5183,4.371428571428572,8.654838709677419,6.513133640552995,Open-Meteo archive
Nara,True,1999,1999-03-26 00:00:00,1999-04-02 00:00:00,Not stated,1999-03-26,1999-04-02,85.0,92.0,7.0,True,False,False,True,True,34.6733,135.8317,3.442857142857143,8.435483870967742,5.9391705069124425,Open-Meteo archive
Kochi,True,1999,1999-03-19 00:00:00,1999-04-01 00:00:00,Not stated,1999-03-19,1999-04-01,78.0,91.0,13.0,True,False,False,True,True,33.5667,133.5483,5.55,10.474193548387095,8.012096774193548,Open-Meteo archive
Fukuoka,True,1999,1999-03-21 00:00:00,1999-04-01 00:00:00,Not stated,1999-03-21,1999-04-01,80.0,91.0,11.0,True,False,False,True,True,33.5817,130.3767,6.3500000000000005,10.19032258064516,8.27016129032258,Open-Meteo archive
Oita,True,1999,1999-03-26 00:00:00,1999-04-08 00:00:00,Not stated,1999-03-26,1999-04-08,85.0,98.0,13.0,True,False,False,True,True,33.235,131.6183,6.103571428571429,10.422580645161291,8.26307603686636,Open-Meteo archive
Kagoshima,True,1999,1999-03-26 00:00:00,1999-04-06 00:00:00,Not stated,1999-03-26,1999-04-06,85.0,96.0,11.0,True,False,False,True,True,31.555,130.5467,8.671428571428573,13.035483870967743,10.853456221198158,Open-Meteo archive
Wakkanai,True,2000,2000-05-18 00:00:00,2000-05-21 00:00:00,Sargent cherry (Prunus sargentii),2000-05-18,2000-05-21,138.0,141.0,3.0,False,False,False,True,True,45.415,141.6783,-7.5344827586206895,-3.4419354838709677,-5.488209121245829,Open-Meteo archive
Asahikawa,True,2000,2000-05-09 00:00:00,2000-05-11 00:00:00,Sargent cherry (Prunus sargentii),2000-05-09,2000-05-11,129.0,131.0,2.0,False,False,False,True,True,43.7567,142.3717,-9.044827586206896,-4.409677419354838,-6.727252502780868,Open-Meteo archive
Iwamizawa,False,2000,2000-05-09 00:00:00,2000-05-10 00:00:00,Sargent cherry (Prunus sargentii),2000-05-09,2000-05-10,129.0,130.0,1.0,False,False,False,True,True,43.2117,141.785,-7.5,-3.274193548387097,-5.387096774193548,Open-Meteo archive
Urakawa,False,2000,2000-05-08 00:00:00,2000-05-11 00:00:00,Sargent cherry (Prunus sargentii),2000-05-08,2000-05-11,128.0,131.0,3.0,False,False,False,True,True,42.1617,142.7767,-5.103448275862069,-1.7064516129032257,-3.4049499443826474,Open-Meteo archive
Aomori,True,2000,2000-04-29 00:00:00,2000-05-03 00:00:00,Not stated,2000-04-29,2000-05-03,119.0,123.0,4.0,True,False,False,True,True,40.8217,140.7683,-3.86551724137931,-0.4193548387096774,-2.1424360400444935,Open-Meteo archive
Akita,True,2000,2000-04-20 00:00:00,2000-04-25 00:00:00,Not stated,2000-04-20,2000-04-25,110.0,115.0,5.0,True,False,False,True,True,39.7167,140.0983,-0.9379310344827586,2.070967741935484,0.5665183537263627,Open-Meteo archive
Yamagata,True,2000,2000-04-19 00:00:00,2000-04-24 00:00:00,Not stated,2000-04-19,2000-04-24,109.0,114.0,5.0,True,False,False,True,True,38.255,140.345,-2.1448275862068966,0.4806451612903225,-0.8320912124582871,Open-Meteo archive
Nagano,True,2000,2000-04-18 00:00:00,2000-04-22 00:00:00,Not stated,2000-04-18,2000-04-22,108.0,112.0,4.0,True,False,False,True,True,36.6617,138.1917,-2.810344827586207,0.8612903225806453,-0.9745272525027808,Open-Meteo archive
Fukui,True,2000,2000-04-08 00:00:00,2000-04-13 00:00:00,Not stated,2000-04-08,2000-04-13,98.0,103.0,5.0,True,False,False,True,True,36.055,136.2217,1.603448275862069,5.087096774193548,3.3452725250278084,Open-Meteo archive
Shizuoka,True,2000,2000-03-30 00:00:00,2000-04-06 00:00:00,Not stated,2000-03-30,2000-04-06,89.0,96.0,7.0,True,False,False,True,True,34.975,138.4033,4.862068965517241,7.916129032258064,6.389098998887652,Open-Meteo archive
Matsue,True,2000,2000-04-02 00:00:00,2000-04-08 00:00:00,Not stated,2000-04-02,2000-04-08,92.0,98.0,6.0,True,False,False,True,True,35.4567,133.065,4.4896551724137925,8.464516129032257,6.477085650723025,Open-Meteo archive
Kyoto,True,2000,2000-04-03 00:00:00,2000-04-10 00:00:00,Not stated,2000-04-03,2000-04-10,93.0,100.0,7.0,True,False,False,True,True,35.0117,135.735,2.4,6.383870967741935,4.391935483870967,Open-Meteo archive
Kobe,True,2000,2000-04-02 00:00:00,2000-04-08 00:00:00,Not stated,2000-04-02,2000-04-08,92.0,98.0,6.0,True,False,False,True,True,34.6967,135.2117,3.8758620689655174,7.906451612903226,5.8911568409343715,Open-Meteo archive
Osaka,True,2000,2000-04-02 00:00:00,2000-04-08 00:00:00,Not stated,2000-04-02,2000-04-08,92.0,98.0,6.0,True,False,False,True,True,34.6817,135.5183,3.203448275862069,7.161290322580645,5.182369299221357,Open-Meteo archive
Nara,True,2000,2000-04-05 00:00:00,2000-04-10 00:00:00,Not stated,2000-04-05,2000-04-10,95.0,100.0,5.0,True,False,False,True,True,34.6733,135.8317,2.396551724137931,6.496774193548387,4.446662958843159,Open-Meteo archive
Kochi,True,2000,2000-03-27 00:00:00,2000-04-03 00:00:00,Not stated,2000-03-27,2000-04-03,86.0,93.0,7.0,True,False,False,True,True,33.5667,133.5483,4.80344827586207,8.848387096774195,6.825917686318132,Open-Meteo archive
Fukuoka,True,2000,2000-03-25 00:00:00,2000-04-02 00:00:00,Not stated,2000-03-25,2000-04-02,84.0,92.0,8.0,True,False,False,True,True,33.5817,130.3767,4.793103448275862,8.783870967741937,6.788487208008899,Open-Meteo archive
Oita,True,2000,2000-03-26 00:00:00,2000-04-03 00:00:00,Not stated,2000-03-26,2000-04-03,85.0,93.0,8.0,True,False,False,True,True,33.235,131.6183,4.782758620689655,8.916129032258064,6.849443826473859,Open-Meteo archive
Kagoshima,True,2000,2000-03-30 00:00:00,2000-04-06 00:00:00,Not stated,2000-03-30,2000-04-06,89.0,96.0,7.0,True,False,False,True,True,31.555,130.5467,7.210344827586207,11.212903225806452,9.21162402669633,Open-Meteo archive
Wakkanai,True,2001,2001-05-17 00:00:00,2001-05-19 00:00:00,Sargent cherry (Prunus sargentii),2001-05-17,2001-05-19,137.0,139.0,2.0,False,False,False,True,True,45.415,141.6783,-8.907142857142857,-3.4741935483870967,-6.190668202764977,Open-Meteo archive
Asahikawa,True,2001,2001-05-04 00:00:00,2001-05-07 00:00:00,Sargent cherry (Prunus sargentii),2001-05-04,2001-05-07,124.0,127.0,3.0,False,False,False,True,True,43.7567,142.3717,-10.103571428571428,-4.025806451612903,-7.064688940092165,Open-Meteo archive
Iwamizawa,False,2001,2001-05-03 00:00:00,2001-05-07 00:00:00,Sargent cherry (Prunus sargentii),2001-05-03,2001-05-07,123.0,127.0,4.0,False,False,False,True,True,43.2117,141.785,-8.72857142857143,-2.7838709677419353,-5.756221198156682,Open-Meteo archive
Urakawa,False,2001,2001-05-09 00:00:00,2001-05-13 00:00:00,Sargent cherry (Prunus sargentii),2001-05-09,2001-05-13,129.0,133.0,4.0,False,False,False,True,True,42.1617,142.7767,-6.421428571428572,-1.7064516129032257,-4.063940092165899,Open-Meteo archive
Aomori,True,2001,2001-04-23 00:00:00,2001-04-27 00:00:00,Not stated,2001-04-23,2001-04-27,113.0,117.0,4.0,True,False,False,True,True,40.8217,140.7683,-5.121428571428572,0.235483870967742,-2.442972350230415,Open-Meteo archive
Akita,True,2001,2001-04-12 00:00:00,2001-04-18 00:00:00,Not stated,2001-04-12,2001-04-18,102.0,108.0,6.0,True,False,False,True,True,39.7167,140.0983,-1.6928571428571428,2.661290322580645,0.4842165898617511,Open-Meteo archive
Yamagata,True,2001,2001-04-12 00:00:00,2001-04-15 00:00:00,Not stated,2001-04-12,2001-04-15,102.0,105.0,3.0,True,False,False,True,True,38.255,140.345,-1.9857142857142855,0.9064516129032258,-0.5396313364055298,Open-Meteo archive
Nagano,True,2001,2001-04-10 00:00:00,2001-04-13 00:00:00,Not stated,2001-04-10,2001-04-13,100.0,103.0,3.0,True,False,False,True,True,36.6617,138.1917,-1.4285714285714286,1.525806451612903,0.04861751152073723,Open-Meteo archive
Fukui,True,2001,2001-04-02 00:00:00,2001-04-08 00:00:00,Not stated,2001-04-02,2001-04-08,92.0,98.0,6.0,True,False,False,True,True,36.055,136.2217,3.267857142857143,6.235483870967743,4.7516705069124425,Open-Meteo archive
Shizuoka,True,2001,2001-03-23 00:00:00,2001-04-02 00:00:00,Not stated,2001-03-23,2001-04-02,82.0,92.0,10.0,True,False,False,True,True,34.975,138.4033,6.053571428571429,8.796774193548387,7.425172811059908,Open-Meteo archive
Matsue,True,2001,2001-03-26 00:00:00,2001-04-06 00:00:00,Not stated,2001-03-26,2001-04-06,85.0,96.0,11.0,True,False,False,True,True,35.4567,133.065,6.267857142857143,8.390322580645162,7.329089861751152,Open-Meteo archive
Kyoto,True,2001,2001-03-24 00:00:00,2001-04-03 00:00:00,Not stated,2001-03-24,2001-04-03,83.0,93.0,10.0,True,False,False,True,True,35.0117,135.735,3.9857142857142858,7.206451612903226,5.596082949308756,Open-Meteo archive
Kobe,True,2001,2001-03-25 00:00:00,2001-04-02 00:00:00,Not stated,2001-03-25,2001-04-02,84.0,92.0,8.0,True,False,False,True,True,34.6967,135.2117,5.485714285714286,8.567741935483872,7.026728110599079,Open-Meteo archive
Osaka,True,2001,2001-03-25 00:00:00,2001-04-04 00:00:00,Not stated,2001-03-25,2001-04-04,84.0,94.0,10.0,True,False,False,True,True,34.6817,135.5183,4.732142857142857,7.919354838709677,6.325748847926267,Open-Meteo archive
Nara,True,2001,2001-03-26 00:00:00,2001-04-04 00:00:00,Not stated,2001-03-26,2001-04-04,85.0,94.0,9.0,True,False,False,True,True,34.6733,135.8317,4.071428571428571,7.358064516129032,5.714746543778801,Open-Meteo archive
Kochi,True,2001,2001-03-21 00:00:00,2001-03-30 00:00:00,Not stated,2001-03-21,2001-03-30,80.0,89.0,9.0,True,False,False,True,True,33.5667,133.5483,6.964285714285714,9.641935483870968,8.303110599078341,Open-Meteo archive
Fukuoka,True,2001,2001-03-22 00:00:00,2001-04-01 00:00:00,Not stated,2001-03-22,2001-04-01,81.0,91.0,10.0,True,False,False,True,True,33.5817,130.3767,6.642857142857143,9.493548387096777,8.06820276497696,Open-Meteo archive
Oita,True,2001,2001-03-23 00:00:00,2001-04-04 00:00:00,Not stated,2001-03-23,2001-04-04,82.0,94.0,12.0,True,False,False,True,True,33.235,131.6183,6.582142857142857,9.619354838709675,8.100748847926265,Open-Meteo archive
Kagoshima,True,2001,2001-03-30 00:00:00,2001-04-05 00:00:00,Not stated,2001-03-30,2001-04-05,89.0,95.0,6.0,True,False,False,True,True,31.555,130.5467,9.678571428571429,11.683870967741935,10.681221198156681,Open-Meteo archive
Wakkanai,True,2002,2002-04-29 00:00:00,2002-05-02 00:00:00,Sargent cherry (Prunus sargentii),2002-04-29,2002-05-02,119.0,122.0,3.0,False,False,False,True,True,45.415,141.6783,-2.5357142857142856,-0.9774193548387096,-1.7565668202764977,Open-Meteo archive
Asahikawa,True,2002,2002-04-23 00:00:00,2002-04-25 00:00:00,Sargent cherry (Prunus sargentii),2002-04-23,2002-04-25,113.0,115.0,2.0,False,False,False,True,True,43.7567,142.3717,-5.3,-2.029032258064516,-3.6645161290322577,Open-Meteo archive
Iwamizawa,False,2002,2002-04-22 00:00:00,2002-04-25 00:00:00,Sargent cherry (Prunus sargentii),2002-04-22,2002-04-25,112.0,115.0,3.0,False,False,False,True,True,43.2117,141.785,-3.95,-0.7903225806451613,-2.3701612903225806,Open-Meteo archive
Urakawa,False,2002,2002-04-28 00:00:00,2002-05-02 00:00:00,Sargent cherry (Prunus sargentii),2002-04-28,2002-05-02,118.0,122.0,4.0,False,False,False,True,True,42.1617,142.7767,-2.460714285714286,0.3032258064516129,-1.0787442396313365,Open-Meteo archive
Aomori,True,2002,2002-04-14 00:00:00,2002-04-16 00:00:00,Not stated,2002-04-14,2002-04-16,104.0,106.0,2.0,True,False,False,True,True,40.8217,140.7683,-1.542857142857143,2.035483870967742,0.24631336405529958,Open-Meteo archive
Akita,True,2002,2002-04-07 00:00:00,2002-04-12 00:00:00,Not stated,2002-04-07,2002-04-12,97.0,102.0,5.0,True,False,False,True,True,39.7167,140.0983,0.8035714285714286,4.883870967741935,2.843721198156682,Open-Meteo archive
Yamagata,True,2002,2002-04-03 00:00:00,2002-04-06 00:00:00,Not stated,2002-04-03,2002-04-06,93.0,96.0,3.0,True,False,False,True,True,38.255,140.345,-0.4107142857142856,3.5580645161290323,1.5736751152073734,Open-Meteo archive
Nagano,True,2002,2002-04-02 00:00:00,2002-04-05 00:00:00,Not stated,2002-04-02,2002-04-05,92.0,95.0,3.0,True,False,False,True,True,36.6617,138.1917,-0.3571428571428571,3.303225806451613,1.4730414746543778,Open-Meteo archive
Fukui,True,2002,2002-03-26 00:00:00,2002-03-31 00:00:00,Not stated,2002-03-26,2002-03-31,85.0,90.0,5.0,True,False,False,True,True,36.055,136.2217,4.25,8.370967741935484,6.310483870967742,Open-Meteo archive
Shizuoka,True,2002,2002-03-15 00:00:00,2002-03-22 00:00:00,Not stated,2002-03-15,2002-03-22,74.0,81.0,7.0,True,False,False,True,True,34.975,138.4033,6.3,10.429032258064517,8.364516129032259,Open-Meteo archive
Matsue,True,2002,2002-03-22 00:00:00,2002-03-30 00:00:00,Not stated,2002-03-22,2002-03-30,81.0,89.0,8.0,True,False,False,True,True,35.4567,133.065,7.264285714285714,10.461290322580645,8.862788018433179,Open-Meteo archive
Kyoto,True,2002,2002-03-18 00:00:00,2002-03-28 00:00:00,Not stated,2002-03-18,2002-03-28,77.0,87.0,10.0,True,False,False,True,True,35.0117,135.735,4.4071428571428575,9.038709677419355,6.722926267281107,Open-Meteo archive
Kobe,True,2002,2002-03-22 00:00:00,2002-03-30 00:00:00,Not stated,2002-03-22,2002-03-30,81.0,89.0,8.0,True,False,False,True,True,34.6967,135.2117,5.760714285714286,10.212903225806452,7.986808755760369,Open-Meteo archive
Osaka,True,2002,2002-03-20 00:00:00,2002-03-28 00:00:00,Not stated,2002-03-20,2002-03-28,79.0,87.0,8.0,True,False,False,True,True,34.6817,135.5183,4.964285714285714,9.535483870967743,7.2498847926267285,Open-Meteo archive
Nara,True,2002,2002-03-20 00:00:00,2002-03-26 00:00:00,Not stated,2002-03-20,2002-03-26,79.0,85.0,6.0,True,False,False,True,True,34.6733,135.8317,4.317857142857143,9.03225806451613,6.6750576036866365,Open-Meteo archive
Kochi,True,2002,2002-03-17 00:00:00,2002-03-23 00:00:00,Not stated,2002-03-17,2002-03-23,76.0,82.0,6.0,True,False,False,True,True,33.5667,133.5483,6.803571428571429,11.109677419354838,8.956624423963135,Open-Meteo archive
Fukuoka,True,2002,2002-03-15 00:00:00,2002-03-25 00:00:00,Not stated,2002-03-15,2002-03-25,74.0,84.0,10.0,True,False,False,True,True,33.5817,130.3767,7.039285714285714,10.74516129032258,8.892223502304146,Open-Meteo archive
Oita,True,2002,2002-03-17 00:00:00,2002-03-28 00:00:00,Not stated,2002-03-17,2002-03-28,76.0,87.0,11.0,True,False,False,True,True,33.235,131.6183,6.764285714285714,10.983870967741936,8.874078341013824,Open-Meteo archive
Kagoshima,True,2002,2002-03-27 00:00:00,2002-04-01 00:00:00,Not stated,2002-03-27,2002-04-01,86.0,91.0,5.0,True,False,False,True,True,31.555,130.5467,9.31785714285714,12.951612903225806,11.134735023041472,Open-Meteo archive
Wakkanai,True,2003,2003-05-10 00:00:00,2003-05-14 00:00:00,Sargent cherry (Prunus sargentii),2003-05-10,2003-05-14,130.0,134.0,4.0,False,False,False,True,True,45.415,141.6783,-7.503571428571428,-2.306451612903226,-4.905011520737327,Open-Meteo archive
Asahikawa,True,2003,2003-05-02 00:00:00,2003-05-04 00:00:00,Sargent cherry (Prunus sargentii),2003-05-02,2003-05-04,122.0,124.0,2.0,False,False,False,True,True,43.7567,142.3717,-8.485714285714286,-4.009677419354839,-6.247695852534562,Open-Meteo archive
Iwamizawa,False,2003,2003-05-02 00:00:00,2003-05-03 00:00:00,Sargent cherry (Prunus sargentii),2003-05-02,2003-05-03,122.0,123.0,1.0,False,False,False,True,True,43.2117,141.785,-7.1499999999999995,-2.8870967741935485,-5.018548387096774,Open-Meteo archive
Urakawa,False,2003,2003-05-10 00:00:00,2003-05-13 00:00:00,Sargent cherry (Prunus sargentii),2003-05-10,2003-05-13,130.0,133.0,3.0,False,False,False,True,True,42.1617,142.7767,-4.6499999999999995,-1.429032258064516,-3.0395161290322577,Open-Meteo archive
Aomori,True,2003,2003-04-20 00:00:00,2003-04-27 00:00:00,Not stated,2003-04-20,2003-04-27,110.0,117.0,7.0,True,False,False,True,True,40.8217,140.7683,-2.8607142857142853,-0.096774193548387,-1.4787442396313362,Open-Meteo archive
Akita,True,2003,2003-04-16 00:00:00,2003-04-21 00:00:00,Not stated,2003-04-16,2003-04-21,106.0,111.0,5.0,True,False,False,True,True,39.7167,140.0983,-0.05,2.3193548387096774,1.1346774193548388,Open-Meteo archive
Yamagata,True,2003,2003-04-14 00:00:00,2003-04-17 00:00:00,Not stated,2003-04-14,2003-04-17,104.0,107.0,3.0,True,False,False,True,True,38.255,140.345,-1.0214285714285714,0.3903225806451613,-0.315552995391705,Open-Meteo archive
Nagano,True,2003,2003-04-15 00:00:00,2003-04-18 00:00:00,Not stated,2003-04-15,2003-04-18,105.0,108.0,3.0,True,False,False,True,True,36.6617,138.1917,-1.0892857142857142,0.8483870967741935,-0.12044930875576032,Open-Meteo archive
Fukui,True,2003,2003-04-02 00:00:00,2003-04-07 00:00:00,Not stated,2003-04-02,2003-04-07,92.0,97.0,5.0,True,False,False,True,True,36.055,136.2217,3.5500000000000003,5.812903225806451,4.681451612903226,Open-Meteo archive
Shizuoka,True,2003,2003-03-21 00:00:00,2003-03-28 00:00:00,Not stated,2003-03-21,2003-03-28,80.0,87.0,7.0,True,False,False,True,True,34.975,138.4033,6.307142857142857,7.838709677419355,7.072926267281106,Open-Meteo archive
Matsue,True,2003,2003-03-31 00:00:00,2003-04-06 00:00:00,Not stated,2003-03-31,2003-04-06,90.0,96.0,6.0,True,False,False,True,True,35.4567,133.065,6.632142857142857,7.938709677419355,7.285426267281106,Open-Meteo archive
Kyoto,True,2003,2003-03-28 00:00:00,2003-04-04 00:00:00,Not stated,2003-03-28,2003-04-04,87.0,94.0,7.0,True,False,False,True,True,35.0117,135.735,4.253571428571428,6.27741935483871,5.265495391705069,Open-Meteo archive
Kobe,True,2003,2003-03-28 00:00:00,2003-04-02 00:00:00,Not stated,2003-03-28,2003-04-02,87.0,92.0,5.0,True,False,False,True,True,34.6967,135.2117,5.503571428571428,7.451612903225806,6.477592165898617,Open-Meteo archive
Osaka,True,2003,2003-03-27 00:00:00,2003-04-02 00:00:00,Not stated,2003-03-27,2003-04-02,86.0,92.0,6.0,True,False,False,True,True,34.6817,135.5183,4.807142857142857,6.780645161290322,5.79389400921659,Open-Meteo archive
Nara,True,2003,2003-03-30 00:00:00,2003-04-04 00:00:00,Not stated,2003-03-30,2003-04-04,89.0,94.0,5.0,True,False,False,True,True,34.6733,135.8317,4.264285714285714,6.145161290322581,5.204723502304148,Open-Meteo archive
Kochi,True,2003,2003-03-18 00:00:00,2003-03-25 00:00:00,Not stated,2003-03-18,2003-03-25,77.0,84.0,7.0,True,False,False,True,True,33.5667,133.5483,7.089285714285714,8.932258064516128,8.010771889400921,Open-Meteo archive
Fukuoka,True,2003,2003-03-22 00:00:00,2003-03-28 00:00:00,Not stated,2003-03-22,2003-03-28,81.0,87.0,6.0,True,False,False,True,True,33.5817,130.3767,7.089285714285714,8.738709677419354,7.913997695852535,Open-Meteo archive
Oita,True,2003,2003-03-24 00:00:00,2003-04-02 00:00:00,Not stated,2003-03-24,2003-04-02,83.0,92.0,9.0,True,False,False,True,True,33.235,131.6183,6.910714285714286,8.819354838709677,7.8650345622119815,Open-Meteo archive
Kagoshima,True,2003,2003-03-24 00:00:00,2003-04-02 00:00:00,Not stated,2003-03-24,2003-04-02,83.0,92.0,9.0,True,False,False,True,True,31.555,130.5467,9.821428571428571,11.24516129032258,10.533294930875575,Open-Meteo archive
Wakkanai,True,2004,2004-05-10 00:00:00,2004-05-12 00:00:00,Sargent cherry (Prunus sargentii),2004-05-10,2004-05-12,130.0,132.0,2.0,False,False,False,True,True,45.415,141.6783,-4.403448275862069,-1.893548387096774,-3.1484983314794217,Open-Meteo archive
Asahikawa,True,2004,2004-05-06 00:00:00,2004-05-09 00:00:00,Sargent cherry (Prunus sargentii),2004-05-06,2004-05-09,126.0,129.0,3.0,False,False,False,True,True,43.7567,142.3717,-6.031034482758621,-3.4225806451612906,-4.726807563959955,Open-Meteo archive
Iwamizawa,False,2004,2004-05-06 00:00:00,2004-05-07 00:00:00,Sargent cherry (Prunus sargentii),2004-05-06,2004-05-07,126.0,127.0,1.0,False,False,False,True,True,43.2117,141.785,-4.320689655172414,-2.393548387096774,-3.357119021134594,Open-Meteo archive
Urakawa,False,2004,2004-05-11 00:00:00,2004-05-14 00:00:00,Sargent cherry (Prunus sargentii),2004-05-11,2004-05-14,131.0,134.0,3.0,False,False,False,True,True,42.1617,142.7767,-2.3689655172413793,-0.8838709677419354,-1.6264182424916573,Open-Meteo archive
Aomori,True,2004,2004-04-18 00:00:00,2004-04-21 00:00:00,Not stated,2004-04-18,2004-04-21,108.0,111.0,3.0,True,False,False,True,True,40.8217,140.7683,-1.317241379310345,1.0451612903225806,-0.13604004449388218,Open-Meteo archive
Akita,True,2004,2004-04-12 00:00:00,2004-04-16 00:00:00,Not stated,2004-04-12,2004-04-16,102.0,106.0,4.0,True,False,False,True,True,39.7167,140.0983,1.2965517241379312,3.5387096774193547,2.417630700778643,Open-Meteo archive
Yamagata,True,2004,2004-04-10 00:00:00,2004-04-13 00:00:00,Not stated,2004-04-10,2004-04-13,100.0,103.0,3.0,True,False,False,True,True,38.255,140.345,-0.603448275862069,2.7516129032258063,1.0740823136818687,Open-Meteo archive
Nagano,True,2004,2004-04-06 00:00:00,2004-04-11 00:00:00,Not stated,2004-04-06,2004-04-11,96.0,101.0,5.0,True,False,False,True,True,36.6617,138.1917,0.0655172413793103,2.390322580645161,1.2279199110122356,Open-Meteo archive
Fukui,True,2004,2004-03-29 00:00:00,2004-04-01 00:00:00,Not stated,2004-03-29,2004-04-01,88.0,91.0,3.0,True,False,False,True,True,36.055,136.2217,4.482758620689655,7.041935483870968,5.762347052280312,Open-Meteo archive
Shizuoka,True,2004,2004-03-18 00:00:00,2004-04-01 00:00:00,Not stated,2004-03-18,2004-04-01,77.0,91.0,14.0,True,False,False,True,True,34.975,138.4033,6.896551724137931,9.087096774193547,7.991824249165739,Open-Meteo archive
Matsue,True,2004,2004-03-21 00:00:00,2004-03-31 00:00:00,Not stated,2004-03-21,2004-03-31,80.0,90.0,10.0,True,False,False,True,True,35.4567,133.065,7.817241379310344,8.796774193548387,8.307007786429367,Open-Meteo archive
Kyoto,True,2004,2004-03-24 00:00:00,2004-04-03 00:00:00,Not stated,2004-03-24,2004-04-03,83.0,93.0,10.0,True,False,False,True,True,35.0117,135.735,5.372413793103449,7.438709677419355,6.405561735261402,Open-Meteo archive
Kobe,True,2004,2004-03-26 00:00:00,2004-04-06 00:00:00,Not stated,2004-03-26,2004-04-06,85.0,96.0,11.0,True,False,False,True,True,34.6967,135.2117,6.637931034482759,8.86774193548387,7.752836484983314,Open-Meteo archive
Osaka,True,2004,2004-03-23 00:00:00,2004-04-02 00:00:00,Not stated,2004-03-23,2004-04-02,82.0,92.0,10.0,True,False,False,True,True,34.6817,135.5183,5.968965517241379,7.993548387096775,6.981256952169077,Open-Meteo archive
Nara,True,2004,2004-03-25 00:00:00,2004-03-30 00:00:00,Not stated,2004-03-25,2004-03-30,84.0,89.0,5.0,True,False,False,True,True,34.6733,135.8317,5.272413793103448,7.351612903225806,6.312013348164627,Open-Meteo archive
Kochi,True,2004,2004-03-19 00:00:00,2004-03-31 00:00:00,Not stated,2004-03-19,2004-03-31,78.0,90.0,12.0,True,False,False,True,True,33.5667,133.5483,7.555172413793104,9.880645161290325,8.717908787541713,Open-Meteo archive
Fukuoka,True,2004,2004-03-17 00:00:00,2004-03-30 00:00:00,Not stated,2004-03-17,2004-03-30,76.0,89.0,13.0,True,False,False,True,True,33.5817,130.3767,7.69655172413793,9.54516129032258,8.620856507230256,Open-Meteo archive
Oita,True,2004,2004-03-19 00:00:00,2004-04-03 00:00:00,Not stated,2004-03-19,2004-04-03,78.0,93.0,15.0,True,False,False,True,True,33.235,131.6183,7.541379310344827,9.338709677419354,8.440044493882091,Open-Meteo archive
Kagoshima,True,2004,2004-03-29 00:00:00,2004-04-06 00:00:00,Not stated,2004-03-29,2004-04-06,88.0,96.0,8.0,True,False,False,True,True,31.555,130.5467,9.744827586206895,12.13548387096774,10.940155728587317,Open-Meteo archive
Wakkanai,True,2005,2005-05-23 00:00:00,2005-05-28 00:00:00,Sargent cherry (Prunus sargentii),2005-05-23,2005-05-28,143.0,148.0,5.0,False,False,False,True,True,45.415,141.6783,-7.075,-2.196774193548387,-4.635887096774193,Open-Meteo archive
Asahikawa,True,2005,2005-05-14 00:00:00,2005-05-17 00:00:00,Sargent cherry (Prunus sargentii),2005-05-14,2005-05-17,134.0,137.0,3.0,False,False,False,True,True,43.7567,142.3717,-8.85357142857143,-3.883870967741936,-6.368721198156683,Open-Meteo archive
Iwamizawa,False,2005,2005-05-11 00:00:00,2005-05-13 00:00:00,Sargent cherry (Prunus sargentii),2005-05-11,2005-05-13,131.0,133.0,2.0,False,False,False,True,True,43.2117,141.785,-7.314285714285715,-2.851612903225807,-5.082949308755761,Open-Meteo archive
Urakawa,False,2005,2005-05-16 00:00:00,2005-05-20 00:00:00,Sargent cherry (Prunus sargentii),2005-05-16,2005-05-20,136.0,140.0,4.0,False,False,False,True,True,42.1617,142.7767,-4.985714285714286,-1.238709677419355,-3.11221198156682,Open-Meteo archive
Aomori,True,2005,2005-04-29 00:00:00,2005-05-02 00:00:00,Not stated,2005-04-29,2005-05-02,119.0,122.0,3.0,True,False,False,True,True,40.8217,140.7683,-3.7821428571428575,0.1,-1.8410714285714287,Open-Meteo archive
Akita,True,2005,2005-04-24 00:00:00,2005-04-28 00:00:00,Not stated,2005-04-24,2005-04-28,114.0,118.0,4.0,True,False,False,True,True,39.7167,140.0983,-1.592857142857143,1.864516129032258,0.13582949308755754,Open-Meteo archive
Yamagata,True,2005,2005-04-19 00:00:00,2005-04-23 00:00:00,Not stated,2005-04-19,2005-04-23,109.0,113.0,4.0,True,False,False,True,True,38.255,140.345,-2.8000000000000003,0.7451612903225807,-1.0274193548387098,Open-Meteo archive
Nagano,True,2005,2005-04-14 00:00:00,2005-04-19 00:00:00,Not stated,2005-04-14,2005-04-19,104.0,109.0,5.0,True,False,False,True,True,36.6617,138.1917,-1.4035714285714285,1.6612903225806452,0.12885944700460839,Open-Meteo archive
Fukui,True,2005,2005-04-07 00:00:00,2005-04-12 00:00:00,Not stated,2005-04-07,2005-04-12,97.0,102.0,5.0,True,False,False,True,True,36.055,136.2217,2.789285714285714,6.225806451612903,4.507546082949308,Open-Meteo archive
Shizuoka,True,2005,2005-03-29 00:00:00,2005-04-07 00:00:00,Not stated,2005-03-29,2005-04-07,88.0,97.0,9.0,True,False,False,True,True,34.975,138.4033,6.267857142857143,8.538709677419355,7.403283410138249,Open-Meteo archive
Matsue,True,2005,2005-04-05 00:00:00,2005-04-08 00:00:00,Not stated,2005-04-05,2005-04-08,95.0,98.0,3.0,True,False,False,True,True,35.4567,133.065,5.353571428571429,8.196774193548388,6.7751728110599085,Open-Meteo archive
Kyoto,True,2005,2005-04-02 00:00:00,2005-04-08 00:00:00,Not stated,2005-04-02,2005-04-08,92.0,98.0,6.0,True,False,False,True,True,35.0117,135.735,3.585714285714286,6.841935483870968,5.2138248847926265,Open-Meteo archive
Kobe,True,2005,2005-04-03 00:00:00,2005-04-09 00:00:00,Not stated,2005-04-03,2005-04-09,93.0,99.0,6.0,True,False,False,True,True,34.6967,135.2117,4.935714285714285,8.2,6.567857142857142,Open-Meteo archive
Osaka,True,2005,2005-04-03 00:00:00,2005-04-08 00:00:00,Not stated,2005-04-03,2005-04-08,93.0,98.0,5.0,True,False,False,True,True,34.6817,135.5183,4.2785714285714285,7.558064516129033,5.918317972350231,Open-Meteo archive
Nara,True,2005,2005-04-02 00:00:00,2005-04-07 00:00:00,Not stated,2005-04-02,2005-04-07,92.0,97.0,5.0,True,False,False,True,True,34.6733,135.8317,3.628571428571429,6.741935483870968,5.185253456221199,Open-Meteo archive
Kochi,True,2005,2005-03-31 00:00:00,2005-04-06 00:00:00,Not stated,2005-03-31,2005-04-06,90.0,96.0,6.0,True,False,False,True,True,33.5667,133.5483,6.185714285714285,8.59032258064516,7.388018433179723,Open-Meteo archive
Fukuoka,True,2005,2005-03-29 00:00:00,2005-04-06 00:00:00,Not stated,2005-03-29,2005-04-06,88.0,96.0,8.0,True,False,False,True,True,33.5817,130.3767,5.442857142857143,8.403225806451612,6.923041474654378,Open-Meteo archive
Oita,True,2005,2005-03-31 00:00:00,2005-04-08 00:00:00,Not stated,2005-03-31,2005-04-08,90.0,98.0,8.0,True,False,False,True,True,33.235,131.6183,5.603571428571429,8.535483870967743,7.0695276497695865,Open-Meteo archive
Kagoshima,True,2005,2005-04-03 00:00:00,2005-04-09 00:00:00,Not stated,2005-04-03,2005-04-09,93.0,99.0,6.0,True,False,False,True,True,31.555,130.5467,8.382142857142856,10.319354838709677,9.350748847926265,Open-Meteo archive
Wakkanai,True,2006,2006-05-18 00:00:00,2006-05-20 00:00:00,Sargent cherry (Prunus sargentii),2006-05-18,2006-05-20,138.0,140.0,2.0,False,False,False,True,True,45.415,141.6783,-5.625,-1.470967741935484,-3.547983870967742,Open-Meteo archive
Asahikawa,True,2006,2006-05-10 00:00:00,2006-05-12 00:00:00,Sargent cherry (Prunus sargentii),2006-05-10,2006-05-12,130.0,132.0,2.0,False,False,False,True,True,43.7567,142.3717,-7.110714285714286,-2.6838709677419357,-4.8972926267281105,Open-Meteo archive
Iwamizawa,False,2006,2006-05-09 00:00:00,2006-05-12 00:00:00,Sargent cherry (Prunus sargentii),2006-05-09,2006-05-12,129.0,132.0,3.0,False,False,False,True,True,43.2117,141.785,-5.7821428571428575,-1.6935483870967742,-3.7378456221198157,Open-Meteo archive
Urakawa,False,2006,2006-05-11 00:00:00,2006-05-15 00:00:00,Sargent cherry (Prunus sargentii),2006-05-11,2006-05-15,131.0,135.0,4.0,False,False,False,True,True,42.1617,142.7767,-3.767857142857143,-0.0451612903225806,-1.9065092165898616,Open-Meteo archive
Aomori,True,2006,2006-05-01 00:00:00,2006-05-06 00:00:00,Not stated,2006-05-01,2006-05-06,121.0,126.0,5.0,True,False,False,True,True,40.8217,140.7683,-2.2857142857142856,0.6806451612903226,-0.8025345622119815,Open-Meteo archive
Akita,True,2006,2006-04-21 00:00:00,2006-04-26 00:00:00,Not stated,2006-04-21,2006-04-26,111.0,116.0,5.0,True,False,False,True,True,39.7167,140.0983,0.0035714285714285,2.8741935483870966,1.4388824884792626,Open-Meteo archive
Yamagata,True,2006,2006-04-18 00:00:00,2006-04-23 00:00:00,Not stated,2006-04-18,2006-04-23,108.0,113.0,5.0,True,False,False,True,True,38.255,140.345,-0.1357142857142858,1.993548387096774,0.9289170506912441,Open-Meteo archive
Nagano,True,2006,2006-04-15 00:00:00,2006-04-20 00:00:00,Not stated,2006-04-15,2006-04-20,105.0,110.0,5.0,True,False,False,True,True,36.6617,138.1917,0.0678571428571428,1.9870967741935484,1.0274769585253456,Open-Meteo archive
Fukui,True,2006,2006-04-05 00:00:00,2006-04-12 00:00:00,Not stated,2006-04-05,2006-04-12,95.0,102.0,7.0,True,False,False,True,True,36.055,136.2217,3.725,6.051612903225807,4.888306451612904,Open-Meteo archive
Shizuoka,True,2006,2006-03-17 00:00:00,2006-03-27 00:00:00,Not stated,2006-03-17,2006-03-27,76.0,86.0,10.0,True,False,False,True,True,34.975,138.4033,7.103571428571429,8.751612903225807,7.927592165898618,Open-Meteo archive
Matsue,True,2006,2006-03-28 00:00:00,2006-04-06 00:00:00,Not stated,2006-03-28,2006-04-06,87.0,96.0,9.0,True,False,False,True,True,35.4567,133.065,6.403571428571429,8.119354838709677,7.261463133640554,Open-Meteo archive
Kyoto,True,2006,2006-03-27 00:00:00,2006-04-06 00:00:00,Not stated,2006-03-27,2006-04-06,86.0,96.0,10.0,True,False,False,True,True,35.0117,135.735,4.639285714285714,6.796774193548388,5.718029953917052,Open-Meteo archive
Kobe,True,2006,2006-03-27 00:00:00,2006-04-08 00:00:00,Not stated,2006-03-27,2006-04-08,86.0,98.0,12.0,True,False,False,True,True,34.6967,135.2117,6.082142857142857,7.935483870967742,7.0088133640553,Open-Meteo archive
Osaka,True,2006,2006-03-28 00:00:00,2006-04-04 00:00:00,Not stated,2006-03-28,2006-04-04,87.0,94.0,7.0,True,False,False,True,True,34.6817,135.5183,5.167857142857143,7.261290322580645,6.214573732718893,Open-Meteo archive
Nara,True,2006,2006-03-29 00:00:00,2006-04-05 00:00:00,Not stated,2006-03-29,2006-04-05,88.0,95.0,7.0,True,False,False,True,True,34.6733,135.8317,4.925,6.683870967741935,5.804435483870968,Open-Meteo archive
Kochi,True,2006,2006-03-15 00:00:00,2006-03-24 00:00:00,Not stated,2006-03-15,2006-03-24,74.0,83.0,9.0,True,False,False,True,True,33.5667,133.5483,7.585714285714286,8.899999999999999,8.242857142857142,Open-Meteo archive
Fukuoka,True,2006,2006-03-23 00:00:00,2006-04-03 00:00:00,Not stated,2006-03-23,2006-04-03,82.0,93.0,11.0,True,False,False,True,True,33.5817,130.3767,6.6000000000000005,8.803225806451612,7.701612903225806,Open-Meteo archive
Oita,True,2006,2006-03-23 00:00:00,2006-04-03 00:00:00,Not stated,2006-03-23,2006-04-03,82.0,93.0,11.0,True,False,False,True,True,33.235,131.6183,6.735714285714286,8.574193548387097,7.654953917050691,Open-Meteo archive
Kagoshima,True,2006,2006-03-20 00:00:00,2006-03-29 00:00:00,Not stated,2006-03-20,2006-03-29,79.0,88.0,9.0,True,False,False,True,True,31.555,130.5467,9.932142857142855,10.961290322580645,10.446716589861751,Open-Meteo archive
Wakkanai,True,2007,2007-05-15 00:00:00,2007-05-17 00:00:00,Sargent cherry (Prunus sargentii),2007-05-15,2007-05-17,135.0,137.0,2.0,False,False,False,True,True,45.415,141.6783,-4.2821428571428575,-1.961290322580645,-3.121716589861751,Open-Meteo archive
Asahikawa,True,2007,2007-05-06 00:00:00,2007-05-08 00:00:00,Sargent cherry (Prunus sargentii),2007-05-06,2007-05-08,126.0,128.0,2.0,False,False,False,True,True,43.7567,142.3717,-6.2,-3.1903225806451614,-4.695161290322581,Open-Meteo archive
Urakawa,False,2007,2007-05-08 00:00:00,2007-05-10 00:00:00,Sargent cherry (Prunus sargentii),2007-05-08,2007-05-10,128.0,130.0,2.0,False,False,False,True,True,42.1617,142.7767,-2.835714285714286,-0.7612903225806452,-1.7985023041474655,Open-Meteo archive
Aomori,True,2007,2007-04-25 00:00:00,2007-04-29 00:00:00,Not stated,2007-04-25,2007-04-29,115.0,119.0,4.0,True,False,False,True,True,40.8217,140.7683,-1.15,0.3580645161290323,-0.3959677419354838,Open-Meteo archive
Akita,True,2007,2007-04-18 00:00:00,2007-04-23 00:00:00,Not stated,2007-04-18,2007-04-23,108.0,113.0,5.0,True,False,False,True,True,39.7167,140.0983,2.039285714285714,2.764516129032258,2.401900921658986,Open-Meteo archive
Yamagata,True,2007,2007-04-13 00:00:00,2007-04-19 00:00:00,Not stated,2007-04-13,2007-04-19,103.0,109.0,6.0,True,False,False,True,True,38.255,140.345,1.1071428571428572,2.583870967741935,1.8455069124423962,Open-Meteo archive
Nagano,True,2007,2007-04-07 00:00:00,2007-04-14 00:00:00,Not stated,2007-04-07,2007-04-14,97.0,104.0,7.0,True,False,False,True,True,36.6617,138.1917,1.082142857142857,2.764516129032258,1.9233294930875577,Open-Meteo archive
Fukui,True,2007,2007-03-29 00:00:00,2007-04-09 00:00:00,Not stated,2007-03-29,2007-04-09,88.0,99.0,11.0,True,False,False,True,True,36.055,136.2217,6.0928571428571425,6.929032258064517,6.510944700460829,Open-Meteo archive
Shizuoka,True,2007,2007-03-24 00:00:00,2007-03-30 00:00:00,Not stated,2007-03-24,2007-03-30,83.0,89.0,6.0,True,False,False,True,True,34.975,138.4033,8.142857142857142,9.493548387096777,8.81820276497696,Open-Meteo archive
Matsue,True,2007,2007-03-26 00:00:00,2007-04-03 00:00:00,Not stated,2007-03-26,2007-04-03,85.0,93.0,8.0,True,False,False,True,True,35.4567,133.065,8.607142857142858,9.293548387096775,8.950345622119816,Open-Meteo archive
Kyoto,True,2007,2007-03-25 00:00:00,2007-04-03 00:00:00,Not stated,2007-03-25,2007-04-03,84.0,93.0,9.0,True,False,False,True,True,35.0117,135.735,6.246428571428572,7.835483870967742,7.040956221198157,Open-Meteo archive
Kobe,True,2007,2007-03-30 00:00:00,2007-04-08 00:00:00,Not stated,2007-03-30,2007-04-08,89.0,98.0,9.0,True,False,False,True,True,34.6967,135.2117,7.6571428571428575,9.061290322580644,8.35921658986175,Open-Meteo archive
Osaka,True,2007,2007-03-27 00:00:00,2007-04-03 00:00:00,Not stated,2007-03-27,2007-04-03,86.0,93.0,7.0,True,False,False,True,True,34.6817,135.5183,6.971428571428571,8.435483870967742,7.703456221198156,Open-Meteo archive
Nara,True,2007,2007-03-27 00:00:00,2007-04-04 00:00:00,Not stated,2007-03-27,2007-04-04,86.0,94.0,8.0,True,False,False,True,True,34.6733,135.8317,6.310714285714285,7.706451612903226,7.008582949308756,Open-Meteo archive
Kochi,True,2007,2007-03-23 00:00:00,2007-04-01 00:00:00,Not stated,2007-03-23,2007-04-01,82.0,91.0,9.0,True,False,False,True,True,33.5667,133.5483,8.660714285714286,9.870967741935484,9.265841013824886,Open-Meteo archive
Fukuoka,True,2007,2007-03-21 00:00:00,2007-03-31 00:00:00,Not stated,2007-03-21,2007-03-31,80.0,90.0,10.0,True,False,False,True,True,33.5817,130.3767,8.578571428571427,9.793548387096775,9.186059907834101,Open-Meteo archive
Oita,True,2007,2007-03-22 00:00:00,2007-04-04 00:00:00,Not stated,2007-03-22,2007-04-04,81.0,94.0,13.0,True,False,False,True,True,33.235,131.6183,8.489285714285714,9.69032258064516,9.089804147465436,Open-Meteo archive
Kagoshima,True,2007,2007-03-30 00:00:00,2007-04-04 00:00:00,Not stated,2007-03-30,2007-04-04,89.0,94.0,5.0,True,False,False,True,True,31.555,130.5467,10.857142857142858,11.98709677419355,11.422119815668204,Open-Meteo archive
Wakkanai,True,2008,2008-05-02 00:00:00,2008-05-05 00:00:00,Sargent cherry (Prunus sargentii),2008-05-02,2008-05-05,122.0,125.0,3.0,False,False,False,True,True,45.415,141.6783,-5.482758620689655,0.0903225806451612,-2.696218020022247,Open-Meteo archive
Asahikawa,True,2008,2008-04-23 00:00:00,2008-04-26 00:00:00,Sargent cherry (Prunus sargentii),2008-04-23,2008-04-26,113.0,116.0,3.0,False,False,False,True,True,43.7567,142.3717,-8.503448275862068,-0.6096774193548388,-4.556562847608453,Open-Meteo archive
Urakawa,False,2008,2008-05-04 00:00:00,2008-05-06 00:00:00,Sargent cherry (Prunus sargentii),2008-05-04,2008-05-06,124.0,126.0,2.0,False,False,False,True,True,42.1617,142.7767,-4.203448275862069,1.8225806451612905,-1.1904338153503893,Open-Meteo archive
Aomori,True,2008,2008-04-17 00:00:00,2008-04-21 00:00:00,Not stated,2008-04-17,2008-04-21,107.0,111.0,4.0,True,False,False,True,True,40.8217,140.7683,-2.7551724137931037,3.664516129032258,0.4546718576195772,Open-Meteo archive
Akita,True,2008,2008-04-10 00:00:00,2008-04-15 00:00:00,Not stated,2008-04-10,2008-04-15,100.0,105.0,5.0,True,False,False,True,True,39.7167,140.0983,-0.6620689655172414,5.374193548387097,2.3560622914349274,Open-Meteo archive
Yamagata,True,2008,2008-04-12 00:00:00,2008-04-16 00:00:00,Not stated,2008-04-12,2008-04-16,102.0,106.0,4.0,True,False,False,True,True,38.255,140.345,-2.1517241379310343,3.383870967741936,0.6160734149054508,Open-Meteo archive
Nagano,True,2008,2008-04-10 00:00:00,2008-04-16 00:00:00,Not stated,2008-04-10,2008-04-16,100.0,106.0,6.0,True,False,False,True,True,36.6617,138.1917,-2.424137931034483,3.5258064516129033,0.5508342602892102,Open-Meteo archive
Fukui,True,2008,2008-04-02 00:00:00,2008-04-06 00:00:00,Not stated,2008-04-02,2008-04-06,92.0,96.0,4.0,True,False,False,True,True,36.055,136.2217,1.9,7.712903225806452,4.806451612903226,Open-Meteo archive
Shizuoka,True,2008,2008-03-22 00:00:00,2008-03-27 00:00:00,Not stated,2008-03-22,2008-03-27,81.0,86.0,5.0,True,False,False,True,True,34.975,138.4033,5.251724137931035,9.883870967741936,7.567797552836486,Open-Meteo archive
Matsue,True,2008,2008-04-01 00:00:00,2008-04-06 00:00:00,Not stated,2008-04-01,2008-04-06,91.0,96.0,5.0,True,False,False,True,True,35.4567,133.065,5.0103448275862075,9.17741935483871,7.093882091212459,Open-Meteo archive
Kyoto,True,2008,2008-03-24 00:00:00,2008-04-01 00:00:00,Not stated,2008-03-24,2008-04-01,83.0,91.0,8.0,True,False,False,True,True,35.0117,135.735,2.6206896551724137,8.641935483870967,5.63131256952169,Open-Meteo archive
Kobe,True,2008,2008-03-26 00:00:00,2008-04-03 00:00:00,Not stated,2008-03-26,2008-04-03,85.0,93.0,8.0,True,False,False,True,True,34.6967,135.2117,4.031034482758621,9.674193548387096,6.8526140155728585,Open-Meteo archive
Osaka,True,2008,2008-03-26 00:00:00,2008-04-02 00:00:00,Not stated,2008-03-26,2008-04-02,85.0,92.0,7.0,True,False,False,True,True,34.6817,135.5183,3.3551724137931034,9.096774193548388,6.225973303670745,Open-Meteo archive
Nara,True,2008,2008-03-26 00:00:00,2008-04-03 00:00:00,Not stated,2008-03-26,2008-04-03,85.0,93.0,8.0,True,False,False,True,True,34.6733,135.8317,2.5827586206896553,8.570967741935483,5.57686318131257,Open-Meteo archive
Kochi,True,2008,2008-03-24 00:00:00,2008-03-28 00:00:00,Not stated,2008-03-24,2008-03-28,83.0,87.0,4.0,True,False,False,True,True,33.5667,133.5483,5.306896551724138,10.093548387096773,7.7002224694104555,Open-Meteo archive
Fukuoka,True,2008,2008-03-24 00:00:00,2008-04-02 00:00:00,Not stated,2008-03-24,2008-04-02,83.0,92.0,9.0,True,False,False,True,True,33.5817,130.3767,5.189655172413793,9.493548387096777,7.341601779755285,Open-Meteo archive
Oita,True,2008,2008-03-24 00:00:00,2008-04-04 00:00:00,Not stated,2008-03-24,2008-04-04,83.0,94.0,11.0,True,False,False,True,True,33.235,131.6183,5.241379310344827,9.99032258064516,7.615850945494993,Open-Meteo archive
Kagoshima,True,2008,2008-03-28 00:00:00,2008-04-12 00:00:00,Not stated,2008-03-28,2008-04-12,87.0,102.0,15.0,True,False,False,True,True,31.555,130.5467,7.427586206896552,11.983870967741936,9.705728587319244,Open-Meteo archive
Wakkanai,True,2009,2009-05-10 00:00:00,2009-05-12 00:00:00,Sargent cherry (Prunus sargentii),2009-05-10,2009-05-12,130.0,132.0,2.0,False,False,False,True,True,45.415,141.6783,-5.135714285714286,-0.7516129032258064,-2.9436635944700464,Open-Meteo archive
Asahikawa,True,2009,2009-05-03 00:00:00,2009-05-04 00:00:00,Sargent cherry (Prunus sargentii),2009-05-03,2009-05-04,123.0,124.0,1.0,False,False,False,True,True,43.7567,142.3717,-7.0321428571428575,-2.1548387096774193,-4.593490783410139,Open-Meteo archive
Urakawa,False,2009,2009-05-05 00:00:00,2009-05-08 00:00:00,Sargent cherry (Prunus sargentii),2009-05-05,2009-05-08,125.0,128.0,3.0,False,False,False,True,True,42.1617,142.7767,-2.857142857142857,0.6580645161290322,-1.0995391705069126,Open-Meteo archive
Aomori,True,2009,2009-04-18 00:00:00,2009-04-22 00:00:00,Not stated,2009-04-18,2009-04-22,108.0,112.0,4.0,True,False,False,True,True,40.8217,140.7683,-1.2357142857142858,1.2451612903225806,0.00472350230414742,Open-Meteo archive
Akita,True,2009,2009-04-14 00:00:00,2009-04-19 00:00:00,Not stated,2009-04-14,2009-04-19,104.0,109.0,5.0,True,False,False,True,True,39.7167,140.0983,1.1071428571428572,3.616129032258064,2.3616359447004607,Open-Meteo archive
Yamagata,True,2009,2009-04-11 00:00:00,2009-04-13 00:00:00,Not stated,2009-04-11,2009-04-13,101.0,103.0,2.0,True,False,False,True,True,38.255,140.345,-0.3964285714285713,2.661290322580645,1.1324308755760368,Open-Meteo archive
Nagano,True,2009,2009-04-08 00:00:00,2009-04-12 00:00:00,Not stated,2009-04-08,2009-04-12,98.0,102.0,4.0,True,False,False,True,True,36.6617,138.1917,0.5107142857142858,2.606451612903226,1.5585829493087557,Open-Meteo archive
Fukui,True,2009,2009-03-26 00:00:00,2009-04-07 00:00:00,Not stated,2009-03-26,2009-04-07,85.0,97.0,12.0,True,False,False,True,True,36.055,136.2217,5.685714285714285,7.338709677419355,6.51221198156682,Open-Meteo archive
Shizuoka,True,2009,2009-03-19 00:00:00,2009-03-27 00:00:00,Not stated,2009-03-19,2009-03-27,78.0,86.0,8.0,True,False,False,True,True,34.975,138.4033,8.382142857142856,9.312903225806451,8.847523041474654,Open-Meteo archive
Matsue,True,2009,2009-03-22 00:00:00,2009-04-06 00:00:00,Not stated,2009-03-22,2009-04-06,81.0,96.0,15.0,True,False,False,True,True,35.4567,133.065,8.135714285714286,9.27741935483871,8.706566820276498,Open-Meteo archive
Kyoto,True,2009,2009-03-19 00:00:00,2009-04-05 00:00:00,Not stated,2009-03-19,2009-04-05,78.0,95.0,17.0,True,False,False,True,True,35.0117,135.735,5.835714285714286,7.854838709677419,6.845276497695853,Open-Meteo archive
Kobe,True,2009,2009-03-23 00:00:00,2009-04-06 00:00:00,Not stated,2009-03-23,2009-04-06,82.0,96.0,14.0,True,False,False,True,True,34.6967,135.2117,7.278571428571429,9.093548387096773,8.186059907834101,Open-Meteo archive
Osaka,True,2009,2009-03-24 00:00:00,2009-04-06 00:00:00,Not stated,2009-03-24,2009-04-06,83.0,96.0,13.0,True,False,False,True,True,34.6817,135.5183,6.492857142857143,8.425806451612903,7.4593317972350235,Open-Meteo archive
Nara,True,2009,2009-03-23 00:00:00,2009-04-06 00:00:00,Not stated,2009-03-23,2009-04-06,82.0,96.0,14.0,True,False,False,True,True,34.6733,135.8317,6.064285714285715,7.774193548387097,6.919239631336406,Open-Meteo archive
Kochi,True,2009,2009-03-16 00:00:00,2009-03-24 00:00:00,Not stated,2009-03-16,2009-03-24,75.0,83.0,8.0,True,False,False,True,True,33.5667,133.5483,9.210714285714284,10.24516129032258,9.727937788018432,Open-Meteo archive
Fukuoka,True,2009,2009-03-13 00:00:00,2009-03-23 00:00:00,Not stated,2009-03-13,2009-03-23,72.0,82.0,10.0,True,False,False,True,True,33.5817,130.3767,8.807142857142857,10.306451612903226,9.55679723502304,Open-Meteo archive
Oita,True,2009,2009-03-17 00:00:00,2009-03-28 00:00:00,Not stated,2009-03-17,2009-03-28,76.0,87.0,11.0,True,False,False,True,True,33.235,131.6183,8.971428571428572,10.351612903225806,9.661520737327189,Open-Meteo archive
Kagoshima,True,2009,2009-03-19 00:00:00,2009-04-01 00:00:00,Not stated,2009-03-19,2009-04-01,78.0,91.0,13.0,True,False,False,True,True,31.555,130.5467,11.846428571428572,12.412903225806453,12.129665898617512,Open-Meteo archive
Wakkanai,True,2010,2010-05-22 00:00:00,2010-05-25 00:00:00,Sargent cherry (Prunus sargentii),2010-05-22,2010-05-25,142.0,145.0,3.0,False,False,False,True,True,45.415,141.6783,-5.8999999999999995,-2.096774193548387,-3.9983870967741932,Open-Meteo archive
Asahikawa,True,2010,2010-05-11 00:00:00,2010-05-13 00:00:00,Sargent cherry (Prunus sargentii),2010-05-11,2010-05-13,131.0,133.0,2.0,False,False,False,True,True,43.7567,142.3717,-7.825,-3.858064516129032,-5.841532258064516,Open-Meteo archive
Aomori,True,2010,2010-04-28 00:00:00,2010-05-02 00:00:00,Not stated,2010-04-28,2010-05-02,118.0,122.0,4.0,True,False,False,True,True,40.8217,140.7683,-2.7357142857142853,0.4419354838709677,-1.1468894009216588,Open-Meteo archive
Akita,True,2010,2010-04-24 00:00:00,2010-04-28 00:00:00,Not stated,2010-04-24,2010-04-28,114.0,118.0,4.0,True,False,False,True,True,39.7167,140.0983,-0.1035714285714285,2.9483870967741934,1.4224078341013824,Open-Meteo archive
Yamagata,True,2010,2010-04-19 00:00:00,2010-04-25 00:00:00,Not stated,2010-04-19,2010-04-25,109.0,115.0,6.0,True,False,False,True,True,38.255,140.345,-1.5857142857142856,1.5096774193548386,-0.03801843317972353,Open-Meteo archive
Nagano,True,2010,2010-04-09 00:00:00,2010-04-13 00:00:00,Not stated,2010-04-09,2010-04-13,99.0,103.0,4.0,True,False,False,True,True,36.6617,138.1917,0.1499999999999999,2.203225806451613,1.1766129032258064,Open-Meteo archive
Fukui,True,2010,2010-04-02 00:00:00,2010-04-06 00:00:00,Not stated,2010-04-02,2010-04-06,92.0,96.0,4.0,True,False,False,True,True,36.055,136.2217,5.103571428571429,6.861290322580645,5.982430875576037,Open-Meteo archive
Shizuoka,True,2010,2010-03-17 00:00:00,2010-03-26 00:00:00,Not stated,2010-03-17,2010-03-26,76.0,85.0,9.0,True,False,False,True,True,34.975,138.4033,7.410714285714286,9.596774193548388,8.503744239631336,Open-Meteo archive
Matsue,True,2010,2010-03-22 00:00:00,2010-04-03 00:00:00,Not stated,2010-03-22,2010-04-03,81.0,93.0,12.0,True,False,False,True,True,35.4567,133.065,7.1571428571428575,8.432258064516128,7.7947004608294925,Open-Meteo archive
Kyoto,True,2010,2010-03-19 00:00:00,2010-04-01 00:00:00,Not stated,2010-03-19,2010-04-01,78.0,91.0,13.0,True,False,False,True,True,35.0117,135.735,5.910714285714286,7.54516129032258,6.7279377880184335,Open-Meteo archive
Kobe,True,2010,2010-03-20 00:00:00,2010-04-04 00:00:00,Not stated,2010-03-20,2010-04-04,79.0,94.0,15.0,True,False,False,True,True,34.6967,135.2117,7.132142857142857,9.025806451612905,8.07897465437788,Open-Meteo archive
Osaka,True,2010,2010-03-21 00:00:00,2010-04-04 00:00:00,Not stated,2010-03-21,2010-04-04,80.0,94.0,14.0,True,False,False,True,True,34.6817,135.5183,6.360714285714286,8.206451612903226,7.283582949308756,Open-Meteo archive
Nara,True,2010,2010-03-20 00:00:00,2010-04-02 00:00:00,Not stated,2010-03-20,2010-04-02,79.0,92.0,13.0,True,False,False,True,True,34.6733,135.8317,5.878571428571428,7.874193548387097,6.876382488479262,Open-Meteo archive
Kochi,True,2010,2010-03-10 00:00:00,2010-03-21 00:00:00,Not stated,2010-03-10,2010-03-21,69.0,80.0,11.0,True,False,False,True,True,33.5667,133.5483,8.389285714285714,10.12258064516129,9.255933179723502,Open-Meteo archive
Fukuoka,True,2010,2010-03-14 00:00:00,2010-03-25 00:00:00,Not stated,2010-03-14,2010-03-25,73.0,84.0,11.0,True,False,False,True,True,33.5817,130.3767,8.060714285714285,9.612903225806452,8.83680875576037,Open-Meteo archive
Oita,True,2010,2010-03-17 00:00:00,2010-03-29 00:00:00,Not stated,2010-03-17,2010-03-29,76.0,88.0,12.0,True,False,False,True,True,33.235,131.6183,8.417857142857143,10.003225806451614,9.210541474654377,Open-Meteo archive
Kagoshima,True,2010,2010-03-23 00:00:00,2010-04-06 00:00:00,Not stated,2010-03-23,2010-04-06,82.0,96.0,14.0,True,False,False,True,True,31.555,130.5467,10.87857142857143,12.667741935483871,11.77315668202765,Open-Meteo archive
Wakkanai,True,2011,2011-05-19 00:00:00,2011-05-25 00:00:00,Sargent cherry (Prunus sargentii),2011-05-19,2011-05-25,139.0,145.0,6.0,False,False,False,True,True,45.415,141.6783,-3.15,-1.7548387096774194,-2.4524193548387094,Open-Meteo archive
Asahikawa,True,2011,2011-05-09 00:00:00,2011-05-12 00:00:00,Sargent cherry (Prunus sargentii),2011-05-09,2011-05-12,129.0,132.0,3.0,False,False,False,True,True,43.7567,142.3717,-5.767857142857143,-4.22258064516129,-4.995218894009216,Open-Meteo archive
Aomori,True,2011,2011-04-25 00:00:00,2011-04-28 00:00:00,Not stated,2011-04-25,2011-04-28,115.0,118.0,3.0,True,False,False,True,True,40.8217,140.7683,-0.8642857142857142,-0.2032258064516129,-0.5337557603686636,Open-Meteo archive
Akita,True,2011,2011-04-23 00:00:00,2011-04-27 00:00:00,Not stated,2011-04-23,2011-04-27,113.0,117.0,4.0,True,False,False,True,True,39.7167,140.0983,0.8642857142857142,1.8612903225806452,1.3627880184331798,Open-Meteo archive
Yamagata,True,2011,2011-04-18 00:00:00,2011-04-25 00:00:00,Not stated,2011-04-18,2011-04-25,108.0,115.0,7.0,True,False,False,True,True,38.255,140.345,-1.125,0.0709677419354838,-0.5270161290322581,Open-Meteo archive
Nagano,True,2011,2011-04-15 00:00:00,2011-04-21 00:00:00,Not stated,2011-04-15,2011-04-21,105.0,111.0,6.0,True,False,False,True,True,36.6617,138.1917,-0.225,0.5645161290322581,0.16975806451612907,Open-Meteo archive
Fukui,True,2011,2011-04-07 00:00:00,2011-04-13 00:00:00,Not stated,2011-04-07,2011-04-13,97.0,103.0,6.0,True,False,False,True,True,36.055,136.2217,4.017857142857143,4.754838709677419,4.386347926267281,Open-Meteo archive
Shizuoka,True,2011,2011-03-20 00:00:00,2011-04-04 00:00:00,Not stated,2011-03-20,2011-04-04,79.0,94.0,15.0,True,False,False,True,True,34.975,138.4033,7.417857142857143,7.509677419354839,7.463767281105991,Open-Meteo archive
Matsue,True,2011,2011-04-06 00:00:00,2011-04-12 00:00:00,Not stated,2011-04-06,2011-04-12,96.0,102.0,6.0,True,False,False,True,True,35.4567,133.065,6.803571428571429,7.096774193548387,6.9501728110599075,Open-Meteo archive
Kyoto,True,2011,2011-03-28 00:00:00,2011-04-07 00:00:00,Not stated,2011-03-28,2011-04-07,87.0,97.0,10.0,True,False,False,True,True,35.0117,135.735,5.439285714285715,6.132258064516129,5.785771889400921,Open-Meteo archive
Kobe,True,2011,2011-03-31 00:00:00,2011-04-10 00:00:00,Not stated,2011-03-31,2011-04-10,90.0,100.0,10.0,True,False,False,True,True,34.6967,135.2117,6.382142857142857,7.196774193548387,6.789458525345622,Open-Meteo archive
Osaka,True,2011,2011-03-31 00:00:00,2011-04-07 00:00:00,Not stated,2011-03-31,2011-04-07,90.0,97.0,7.0,True,False,False,True,True,34.6817,135.5183,5.885714285714286,6.699999999999999,6.292857142857143,Open-Meteo archive
Nara,True,2011,2011-03-31 00:00:00,2011-04-08 00:00:00,Not stated,2011-03-31,2011-04-08,90.0,98.0,8.0,True,False,False,True,True,34.6733,135.8317,5.410714285714286,5.816129032258065,5.613421658986175,Open-Meteo archive
Kochi,True,2011,2011-03-22 00:00:00,2011-03-31 00:00:00,Not stated,2011-03-22,2011-03-31,81.0,90.0,9.0,True,False,False,True,True,33.5667,133.5483,7.132142857142857,8.006451612903225,7.569297235023042,Open-Meteo archive
Fukuoka,True,2011,2011-03-22 00:00:00,2011-04-02 00:00:00,Not stated,2011-03-22,2011-04-02,81.0,92.0,11.0,True,False,False,True,True,33.5817,130.3767,7.128571428571428,7.429032258064517,7.278801843317972,Open-Meteo archive
Oita,True,2011,2011-03-23 00:00:00,2011-04-05 00:00:00,Not stated,2011-03-23,2011-04-05,82.0,95.0,13.0,True,False,False,True,True,33.235,131.6183,7.196428571428571,8.061290322580644,7.628859447004608,Open-Meteo archive
Kagoshima,True,2011,2011-03-23 00:00:00,2011-04-05 00:00:00,Not stated,2011-03-23,2011-04-05,82.0,95.0,13.0,True,False,False,True,True,31.555,130.5467,9.796428571428573,9.84516129032258,9.820794930875575,Open-Meteo archive
Wakkanai,True,2012,2012-05-14 00:00:00,2012-05-18 00:00:00,Sargent cherry (Prunus sargentii),2012-05-14,2012-05-18,134.0,138.0,4.0,False,False,False,True,True,45.415,141.6783,-7.320689655172414,-3.264516129032258,-5.292602892102336,Open-Meteo archive
Asahikawa,True,2012,2012-05-02 00:00:00,2012-05-02 00:00:00,Sargent cherry (Prunus sargentii),2012-05-02,2012-05-02,122.0,122.0,0.0,False,False,True,True,True,43.7567,142.3717,-9.620689655172416,-4.019354838709678,-6.820022246941047,Open-Meteo archive
Aomori,True,2012,2012-04-29 00:00:00,2012-05-01 00:00:00,Not stated,2012-04-29,2012-05-01,119.0,121.0,2.0,True,False,False,True,True,40.8217,140.7683,-3.872413793103448,0.7741935483870968,-1.5491101223581758,Open-Meteo archive
Akita,True,2012,2012-04-24 00:00:00,2012-04-26 00:00:00,Not stated,2012-04-24,2012-04-26,114.0,116.0,2.0,True,False,False,True,True,39.7167,140.0983,-1.6655172413793102,2.5806451612903225,0.45756395995550614,Open-Meteo archive
Yamagata,True,2012,2012-04-23 00:00:00,2012-04-26 00:00:00,Not stated,2012-04-23,2012-04-26,113.0,116.0,3.0,True,False,False,True,True,38.255,140.345,-3.3586206896551727,0.9870967741935484,-1.1857619577308123,Open-Meteo archive
Nagano,True,2012,2012-04-18 00:00:00,2012-04-21 00:00:00,Not stated,2012-04-18,2012-04-21,108.0,111.0,3.0,True,False,False,True,True,36.6617,138.1917,-2.4551724137931035,2.0483870967741935,-0.20339265850945498,Open-Meteo archive
Fukui,True,2012,2012-04-10 00:00:00,2012-04-13 00:00:00,Not stated,2012-04-10,2012-04-13,100.0,103.0,3.0,True,False,False,True,True,36.055,136.2217,2.0620689655172413,6.145161290322581,4.103615127919911,Open-Meteo archive
Shizuoka,True,2012,2012-03-24 00:00:00,2012-04-01 00:00:00,Not stated,2012-03-24,2012-04-01,83.0,91.0,8.0,True,False,False,True,True,34.975,138.4033,5.758620689655173,9.02258064516129,7.390600667408231,Open-Meteo archive
Matsue,True,2012,2012-04-06 00:00:00,2012-04-10 00:00:00,Not stated,2012-04-06,2012-04-10,96.0,100.0,4.0,True,False,False,True,True,35.4567,133.065,4.6000000000000005,8.338709677419354,6.469354838709677,Open-Meteo archive
Kyoto,True,2012,2012-04-03 00:00:00,2012-04-09 00:00:00,Not stated,2012-04-03,2012-04-09,93.0,99.0,6.0,True,False,False,True,True,35.0117,135.735,2.634482758620689,7.122580645161291,4.87853170189099,Open-Meteo archive
Kobe,True,2012,2012-04-02 00:00:00,2012-04-09 00:00:00,Not stated,2012-04-02,2012-04-09,92.0,99.0,7.0,True,False,False,True,True,34.6967,135.2117,4.010344827586207,8.351612903225806,6.180978865406006,Open-Meteo archive
Osaka,True,2012,2012-04-02 00:00:00,2012-04-09 00:00:00,Not stated,2012-04-02,2012-04-09,92.0,99.0,7.0,True,False,False,True,True,34.6817,135.5183,3.3241379310344827,7.719354838709678,5.52174638487208,Open-Meteo archive
Nara,True,2012,2012-04-03 00:00:00,2012-04-09 00:00:00,Not stated,2012-04-03,2012-04-09,93.0,99.0,6.0,True,False,False,True,True,34.6733,135.8317,2.8448275862068964,7.17741935483871,5.011123470522803,Open-Meteo archive
Kochi,True,2012,2012-03-21 00:00:00,2012-03-27 00:00:00,Not stated,2012-03-21,2012-03-27,80.0,86.0,6.0,True,False,False,True,True,33.5667,133.5483,5.775862068965517,9.748387096774191,7.762124582869854,Open-Meteo archive
Fukuoka,True,2012,2012-03-27 00:00:00,2012-04-01 00:00:00,Not stated,2012-03-27,2012-04-01,86.0,91.0,5.0,True,False,False,True,True,33.5817,130.3767,4.962068965517242,9.112903225806452,7.037486095661847,Open-Meteo archive
Oita,True,2012,2012-03-27 00:00:00,2012-04-03 00:00:00,Not stated,2012-03-27,2012-04-03,86.0,93.0,7.0,True,False,False,True,True,33.235,131.6183,5.120689655172414,9.574193548387097,7.347441601779755,Open-Meteo archive
Kagoshima,True,2012,2012-03-26 00:00:00,2012-04-05 00:00:00,Not stated,2012-03-26,2012-04-05,85.0,95.0,10.0,True,False,False,True,True,31.555,130.5467,8.4,11.951612903225806,10.175806451612903,Open-Meteo archive
Wakkanai,True,2013,2013-05-26 00:00:00,2013-05-28 00:00:00,Sargent cherry (Prunus sargentii),2013-05-26,2013-05-28,146.0,148.0,2.0,False,False,False,True,True,45.415,141.6783,-6.221428571428571,-2.229032258064516,-4.225230414746544,Open-Meteo archive
Asahikawa,True,2013,2013-05-18 00:00:00,2013-05-20 00:00:00,Sargent cherry (Prunus sargentii),2013-05-18,2013-05-20,138.0,140.0,2.0,False,False,False,True,True,43.7567,142.3717,-8.307142857142857,-3.454838709677419,-5.880990783410138,Open-Meteo archive
Aomori,True,2013,2013-04-29 00:00:00,2013-05-06 00:00:00,Not stated,2013-04-29,2013-05-06,119.0,126.0,7.0,True,False,False,True,True,40.8217,140.7683,-3.1,0.8806451612903226,-1.1096774193548389,Open-Meteo archive
Akita,True,2013,2013-04-23 00:00:00,2013-04-29 00:00:00,Not stated,2013-04-23,2013-04-29,113.0,119.0,6.0,True,False,False,True,True,39.7167,140.0983,-1.0392857142857144,2.761290322580645,0.8610023041474654,Open-Meteo archive
Yamagata,True,2013,2013-04-15 00:00:00,2013-04-19 00:00:00,Not stated,2013-04-15,2013-04-19,105.0,109.0,4.0,True,False,False,True,True,38.255,140.345,-2.7285714285714286,1.9903225806451612,-0.3691244239631337,Open-Meteo archive
Nagano,True,2013,2013-04-06 00:00:00,2013-04-15 00:00:00,Not stated,2013-04-06,2013-04-15,96.0,105.0,9.0,True,False,False,True,True,36.6617,138.1917,-2.085714285714286,3.3129032258064517,0.6135944700460829,Open-Meteo archive
Fukui,True,2013,2013-03-28 00:00:00,2013-04-02 00:00:00,Not stated,2013-03-28,2013-04-02,87.0,92.0,5.0,True,False,False,True,True,36.055,136.2217,2.482142857142857,7.912903225806452,5.197523041474654,Open-Meteo archive
Shizuoka,True,2013,2013-03-17 00:00:00,2013-03-23 00:00:00,Not stated,2013-03-17,2013-03-23,76.0,82.0,6.0,True,False,False,True,True,34.975,138.4033,5.985714285714286,10.919354838709678,8.452534562211982,Open-Meteo archive
Matsue,True,2013,2013-03-23 00:00:00,2013-03-31 00:00:00,Not stated,2013-03-23,2013-03-31,82.0,90.0,8.0,True,False,False,True,True,35.4567,133.065,5.7749999999999995,9.674193548387096,7.724596774193548,Open-Meteo archive
Kyoto,True,2013,2013-03-22 00:00:00,2013-03-30 00:00:00,Not stated,2013-03-22,2013-03-30,81.0,89.0,8.0,True,False,False,True,True,35.0117,135.735,3.7714285714285714,8.696774193548388,6.234101382488479,Open-Meteo archive
Kobe,True,2013,2013-03-21 00:00:00,2013-03-31 00:00:00,Not stated,2013-03-21,2013-03-31,80.0,90.0,10.0,True,False,False,True,True,34.6967,135.2117,5.232142857142857,9.841935483870968,7.537039170506912,Open-Meteo archive
Osaka,True,2013,2013-03-21 00:00:00,2013-03-29 00:00:00,Not stated,2013-03-21,2013-03-29,80.0,88.0,8.0,True,False,False,True,True,34.6817,135.5183,4.378571428571428,9.070967741935483,6.724769585253456,Open-Meteo archive
Nara,True,2013,2013-03-22 00:00:00,2013-03-29 00:00:00,Not stated,2013-03-22,2013-03-29,81.0,88.0,7.0,True,False,False,True,True,34.6733,135.8317,3.692857142857143,8.719354838709679,6.206105990783411,Open-Meteo archive
Kochi,True,2013,2013-03-15 00:00:00,2013-03-22 00:00:00,Not stated,2013-03-15,2013-03-22,74.0,81.0,7.0,True,False,False,True,True,33.5667,133.5483,6.821428571428571,11.15483870967742,8.988133640552995,Open-Meteo archive
Fukuoka,True,2013,2013-03-13 00:00:00,2013-03-22 00:00:00,Not stated,2013-03-13,2013-03-22,72.0,81.0,9.0,True,False,False,True,True,33.5817,130.3767,6.360714285714286,10.548387096774194,8.45455069124424,Open-Meteo archive
Oita,True,2013,2013-03-14 00:00:00,2013-03-25 00:00:00,Not stated,2013-03-14,2013-03-25,73.0,84.0,11.0,True,False,False,True,True,33.235,131.6183,6.707142857142857,10.95483870967742,8.830990783410138,Open-Meteo archive
Kagoshima,True,2013,2013-03-15 00:00:00,2013-03-26 00:00:00,Not stated,2013-03-15,2013-03-26,74.0,85.0,11.0,True,False,False,True,True,31.555,130.5467,9.421428571428573,13.316129032258065,11.36877880184332,Open-Meteo archive
Wakkanai,True,2014,2014-05-11 00:00:00,2014-05-13 00:00:00,Sargent cherry (Prunus sargentii),2014-05-11,2014-05-13,131.0,133.0,2.0,False,False,False,True,True,45.415,141.6783,-5.325,-2.390322580645161,-3.8576612903225804,Open-Meteo archive
Asahikawa,True,2014,2014-05-02 00:00:00,2014-05-04 00:00:00,Sargent cherry (Prunus sargentii),2014-05-02,2014-05-04,122.0,124.0,2.0,False,False,False,True,True,43.7567,142.3717,-7.960714285714286,-3.7838709677419353,-5.872292626728111,Open-Meteo archive
Aomori,True,2014,2014-04-22 00:00:00,2014-04-25 00:00:00,Not stated,2014-04-22,2014-04-25,112.0,115.0,3.0,True,False,False,True,True,40.8217,140.7683,-2.789285714285714,0.9129032258064516,-0.9381912442396313,Open-Meteo archive
Akita,True,2014,2014-04-20 00:00:00,2014-04-24 00:00:00,Not stated,2014-04-20,2014-04-24,110.0,114.0,4.0,True,False,False,True,True,39.7167,140.0983,-0.8678571428571429,3.0999999999999996,1.1160714285714284,Open-Meteo archive
Yamagata,True,2014,2014-04-14 00:00:00,2014-04-17 00:00:00,Not stated,2014-04-14,2014-04-17,104.0,107.0,3.0,True,False,False,True,True,38.255,140.345,-2.3285714285714287,1.7806451612903225,-0.27396313364055314,Open-Meteo archive
Nagano,True,2014,2014-04-11 00:00:00,2014-04-17 00:00:00,Not stated,2014-04-11,2014-04-17,101.0,107.0,6.0,True,False,False,True,True,36.6617,138.1917,-2.282142857142857,2.1225806451612903,-0.07978110599078336,Open-Meteo archive
Fukui,True,2014,2014-03-31 00:00:00,2014-04-03 00:00:00,Not stated,2014-03-31,2014-04-03,90.0,93.0,3.0,True,False,False,True,True,36.055,136.2217,3.4678571428571425,6.996774193548387,5.232315668202765,Open-Meteo archive
Shizuoka,True,2014,2014-03-24 00:00:00,2014-03-31 00:00:00,Not stated,2014-03-24,2014-03-31,83.0,90.0,7.0,True,False,False,True,True,34.975,138.4033,6.096428571428571,9.083870967741936,7.590149769585253,Open-Meteo archive
Matsue,True,2014,2014-03-27 00:00:00,2014-04-02 00:00:00,Not stated,2014-03-27,2014-04-02,86.0,92.0,6.0,True,False,False,True,True,35.4567,133.065,5.7,9.041935483870969,7.370967741935484,Open-Meteo archive
Kyoto,True,2014,2014-03-27 00:00:00,2014-04-02 00:00:00,Not stated,2014-03-27,2014-04-02,86.0,92.0,6.0,True,False,False,True,True,35.0117,135.735,3.882142857142857,8.003225806451614,5.942684331797235,Open-Meteo archive
Kobe,True,2014,2014-03-27 00:00:00,2014-04-01 00:00:00,Not stated,2014-03-27,2014-04-01,86.0,91.0,5.0,True,False,False,True,True,34.6967,135.2117,5.103571428571429,9.12258064516129,7.11307603686636,Open-Meteo archive
Osaka,True,2014,2014-03-27 00:00:00,2014-04-02 00:00:00,Not stated,2014-03-27,2014-04-02,86.0,92.0,6.0,True,False,False,True,True,34.6817,135.5183,4.3,8.53225806451613,6.416129032258064,Open-Meteo archive
Nara,True,2014,2014-03-27 00:00:00,2014-04-01 00:00:00,Not stated,2014-03-27,2014-04-01,86.0,91.0,5.0,True,False,False,True,True,34.6733,135.8317,3.821428571428571,7.896774193548388,5.859101382488479,Open-Meteo archive
Kochi,True,2014,2014-03-18 00:00:00,2014-03-25 00:00:00,Not stated,2014-03-18,2014-03-25,77.0,84.0,7.0,True,False,False,True,True,33.5667,133.5483,6.2178571428571425,10.261290322580646,8.239573732718894,Open-Meteo archive
Fukuoka,True,2014,2014-03-19 00:00:00,2014-03-27 00:00:00,Not stated,2014-03-19,2014-03-27,78.0,86.0,8.0,True,False,False,True,True,33.5817,130.3767,6.557142857142857,10.116129032258064,8.336635944700461,Open-Meteo archive
Oita,True,2014,2014-03-25 00:00:00,2014-03-30 00:00:00,Not stated,2014-03-25,2014-03-30,84.0,89.0,5.0,True,False,False,True,True,33.235,131.6183,6.267857142857143,10.148387096774194,8.208122119815668,Open-Meteo archive
Kagoshima,True,2014,2014-03-20 00:00:00,2014-03-31 00:00:00,Not stated,2014-03-20,2014-03-31,79.0,90.0,11.0,True,False,False,True,True,31.555,130.5467,9.257142857142856,12.125806451612902,10.69147465437788,Open-Meteo archive
Wakkanai,True,2015,2015-05-03 00:00:00,2015-05-06 00:00:00,Sargent cherry (Prunus sargentii),2015-05-03,2015-05-06,123.0,126.0,3.0,False,False,False,True,True,45.415,141.6783,-2.9499999999999997,1.283870967741935,-0.8330645161290323,Open-Meteo archive
Asahikawa,True,2015,2015-04-27 00:00:00,2015-04-28 00:00:00,Sargent cherry (Prunus sargentii),2015-04-27,2015-04-28,117.0,118.0,1.0,False,False,False,True,True,43.7567,142.3717,-5.896428571428571,-0.2129032258064516,-3.0546658986175115,Open-Meteo archive
Aomori,True,2015,2015-04-14 00:00:00,2015-04-19 00:00:00,Not stated,2015-04-14,2015-04-19,104.0,109.0,5.0,True,False,False,True,True,40.8217,140.7683,-0.4071428571428571,2.92258064516129,1.2577188940092165,Open-Meteo archive
Akita,True,2015,2015-04-11 00:00:00,2015-04-15 00:00:00,Not stated,2015-04-11,2015-04-15,101.0,105.0,4.0,True,False,False,True,True,39.7167,140.0983,1.3071428571428572,4.854838709677419,3.080990783410138,Open-Meteo archive
Yamagata,True,2015,2015-04-10 00:00:00,2015-04-15 00:00:00,Not stated,2015-04-10,2015-04-15,100.0,105.0,5.0,True,False,False,True,True,38.255,140.345,-0.6464285714285715,2.958064516129032,1.1558179723502304,Open-Meteo archive
Nagano,True,2015,2015-04-04 00:00:00,2015-04-10 00:00:00,Not stated,2015-04-04,2015-04-10,94.0,100.0,6.0,True,False,False,True,True,36.6617,138.1917,-1.0142857142857142,3.325806451612903,1.1557603686635944,Open-Meteo archive
Fukui,True,2015,2015-03-31 00:00:00,2015-04-03 00:00:00,Not stated,2015-03-31,2015-04-03,90.0,93.0,3.0,True,False,False,True,True,36.055,136.2217,4.0321428571428575,7.248387096774193,5.640264976958525,Open-Meteo archive
Shizuoka,True,2015,2015-03-22 00:00:00,2015-04-01 00:00:00,Not stated,2015-03-22,2015-04-01,81.0,91.0,10.0,True,False,False,True,True,34.975,138.4033,6.303571428571429,9.561290322580644,7.932430875576037,Open-Meteo archive
Matsue,True,2015,2015-03-29 00:00:00,2015-04-02 00:00:00,Not stated,2015-03-29,2015-04-02,88.0,92.0,4.0,True,False,False,True,True,35.4567,133.065,6.203571428571428,8.72258064516129,7.46307603686636,Open-Meteo archive
Kyoto,True,2015,2015-03-27 00:00:00,2015-04-01 00:00:00,Not stated,2015-03-27,2015-04-01,86.0,91.0,5.0,True,False,False,True,True,35.0117,135.735,4.378571428571428,8.116129032258064,6.247350230414746,Open-Meteo archive
Kobe,True,2015,2015-03-27 00:00:00,2015-04-02 00:00:00,Not stated,2015-03-27,2015-04-02,86.0,92.0,6.0,True,False,False,True,True,34.6967,135.2117,5.639285714285714,9.19032258064516,7.414804147465437,Open-Meteo archive
Osaka,True,2015,2015-03-26 00:00:00,2015-04-01 00:00:00,Not stated,2015-03-26,2015-04-01,85.0,91.0,6.0,True,False,False,True,True,34.6817,135.5183,4.914285714285714,8.490322580645161,6.702304147465437,Open-Meteo archive
Nara,True,2015,2015-03-27 00:00:00,2015-03-31 00:00:00,Not stated,2015-03-27,2015-03-31,86.0,90.0,4.0,True,False,False,True,True,34.6733,135.8317,4.1535714285714285,7.935483870967742,6.044527649769585,Open-Meteo archive
Kochi,True,2015,2015-03-22 00:00:00,2015-03-30 00:00:00,Not stated,2015-03-22,2015-03-30,81.0,89.0,8.0,True,False,False,True,True,33.5667,133.5483,6.260714285714286,9.919354838709678,8.090034562211983,Open-Meteo archive
Fukuoka,True,2015,2015-03-22 00:00:00,2015-03-29 00:00:00,Not stated,2015-03-22,2015-03-29,81.0,88.0,7.0,True,False,False,True,True,33.5817,130.3767,6.042857142857143,9.396774193548389,7.719815668202766,Open-Meteo archive
Oita,True,2015,2015-03-26 00:00:00,2015-04-03 00:00:00,Not stated,2015-03-26,2015-04-03,85.0,93.0,8.0,True,False,False,True,True,33.235,131.6183,6.192857142857143,9.383870967741936,7.78836405529954,Open-Meteo archive
Kagoshima,True,2015,2015-03-21 00:00:00,2015-03-31 00:00:00,Not stated,2015-03-21,2015-03-31,80.0,90.0,10.0,True,False,False,True,True,31.555,130.5467,8.307142857142857,11.77741935483871,10.042281105990783,Open-Meteo archive
Wakkanai,True,2016,2016-05-13 00:00:00,2016-05-15 00:00:00,Sargent cherry (Prunus sargentii),2016-05-13,2016-05-15,133.0,135.0,2.0,False,False,False,True,True,45.415,141.6783,-5.896551724137931,-0.6387096774193549,-3.2676307007786427,Open-Meteo archive
Asahikawa,True,2016,2016-05-03 00:00:00,2016-05-04 00:00:00,Sargent cherry (Prunus sargentii),2016-05-03,2016-05-04,123.0,124.0,1.0,False,False,False,True,True,43.7567,142.3717,-7.217241379310344,-2.3354838709677415,-4.7763626251390425,Open-Meteo archive
Aomori,True,2016,2016-04-17 00:00:00,2016-04-21 00:00:00,Not stated,2016-04-17,2016-04-21,107.0,111.0,4.0,True,False,False,True,True,40.8217,140.7683,-1.5551724137931036,2.2225806451612904,0.3337041156840934,Open-Meteo archive
Akita,True,2016,2016-04-14 00:00:00,2016-04-19 00:00:00,Not stated,2016-04-14,2016-04-19,104.0,109.0,5.0,True,False,False,True,True,39.7167,140.0983,0.4206896551724138,4.374193548387097,2.397441601779755,Open-Meteo archive
Yamagata,True,2016,2016-04-06 00:00:00,2016-04-10 00:00:00,Not stated,2016-04-06,2016-04-10,96.0,100.0,4.0,True,False,False,True,True,38.255,140.345,-1.0172413793103448,3.7225806451612904,1.3526696329254728,Open-Meteo archive
Nagano,True,2016,2016-04-03 00:00:00,2016-04-08 00:00:00,Not stated,2016-04-03,2016-04-08,93.0,98.0,5.0,True,False,False,True,True,36.6617,138.1917,-0.4655172413793104,3.5032258064516126,1.518854282536151,Open-Meteo archive
Fukui,True,2016,2016-03-27 00:00:00,2016-03-31 00:00:00,Not stated,2016-03-27,2016-03-31,86.0,90.0,4.0,True,False,False,True,True,36.055,136.2217,4.793103448275862,7.945161290322581,6.369132369299221,Open-Meteo archive
Shizuoka,True,2016,2016-03-27 00:00:00,2016-04-05 00:00:00,Not stated,2016-03-27,2016-04-05,86.0,95.0,9.0,True,False,False,True,True,34.975,138.4033,7.317241379310344,9.983870967741936,8.650556173526141,Open-Meteo archive
Matsue,True,2016,2016-03-23 00:00:00,2016-03-30 00:00:00,Not stated,2016-03-23,2016-03-30,82.0,89.0,7.0,True,False,False,True,True,35.4567,133.065,6.568965517241379,9.380645161290325,7.974805339265852,Open-Meteo archive
Kyoto,True,2016,2016-03-23 00:00:00,2016-04-02 00:00:00,Not stated,2016-03-23,2016-04-02,82.0,92.0,10.0,True,False,False,True,True,35.0117,135.735,4.941379310344827,8.370967741935484,6.656173526140155,Open-Meteo archive
Kobe,True,2016,2016-03-26 00:00:00,2016-04-03 00:00:00,Not stated,2016-03-26,2016-04-03,85.0,93.0,8.0,True,False,False,True,True,34.6967,135.2117,6.244827586206896,9.448387096774193,7.846607341490545,Open-Meteo archive
Osaka,True,2016,2016-03-23 00:00:00,2016-04-01 00:00:00,Not stated,2016-03-23,2016-04-01,82.0,91.0,9.0,True,False,False,True,True,34.6817,135.5183,5.548275862068966,8.754838709677419,7.151557285873192,Open-Meteo archive
Nara,True,2016,2016-03-23 00:00:00,2016-04-02 00:00:00,Not stated,2016-03-23,2016-04-02,82.0,92.0,10.0,True,False,False,True,True,34.6733,135.8317,4.772413793103448,8.03225806451613,6.402335928809789,Open-Meteo archive
Kochi,True,2016,2016-03-24 00:00:00,2016-04-02 00:00:00,Not stated,2016-03-24,2016-04-02,83.0,92.0,9.0,True,False,False,True,True,33.5667,133.5483,7.027586206896552,10.46774193548387,8.747664071190211,Open-Meteo archive
Fukuoka,True,2016,2016-03-19 00:00:00,2016-03-30 00:00:00,Not stated,2016-03-19,2016-03-30,78.0,89.0,11.0,True,False,False,True,True,33.5817,130.3767,6.334482758620689,9.925806451612903,8.130144605116797,Open-Meteo archive
Oita,True,2016,2016-03-28 00:00:00,2016-04-08 00:00:00,Not stated,2016-03-28,2016-04-08,87.0,98.0,11.0,True,False,False,True,True,33.235,131.6183,6.6000000000000005,10.148387096774194,8.374193548387098,Open-Meteo archive
Kagoshima,True,2016,2016-03-27 00:00:00,2016-04-06 00:00:00,Not stated,2016-03-27,2016-04-06,86.0,96.0,10.0,True,False,False,True,True,31.555,130.5467,8.9,12.087096774193547,10.493548387096773,Open-Meteo archive
Wakkanai,True,2017,2017-05-09 00:00:00,2017-05-11 00:00:00,Sargent cherry (Prunus sargentii),2017-05-09,2017-05-11,129.0,131.0,2.0,False,False,False,True,True,45.415,141.6783,-3.628571428571429,-1.4129032258064516,-2.5207373271889404,Open-Meteo archive
Asahikawa,True,2017,2017-05-03 00:00:00,2017-05-05 00:00:00,Sargent cherry (Prunus sargentii),2017-05-03,2017-05-05,123.0,125.0,2.0,False,False,False,True,True,43.7567,142.3717,-5.503571428571428,-2.232258064516129,-3.8679147465437786,Open-Meteo archive
Aomori,True,2017,2017-04-17 00:00:00,2017-04-21 00:00:00,Not stated,2017-04-17,2017-04-21,107.0,111.0,4.0,True,False,False,True,True,40.8217,140.7683,-0.8428571428571429,1.164516129032258,0.16082949308755762,Open-Meteo archive
Akita,True,2017,2017-04-16 00:00:00,2017-04-19 00:00:00,Not stated,2017-04-16,2017-04-19,106.0,109.0,3.0,True,False,False,True,True,39.7167,140.0983,0.3892857142857143,3.238709677419355,1.8139976958525346,Open-Meteo archive
Yamagata,True,2017,2017-04-14 00:00:00,2017-04-17 00:00:00,Not stated,2017-04-14,2017-04-17,104.0,107.0,3.0,True,False,False,True,True,38.255,140.345,0.625,3.2870967741935484,1.9560483870967742,Open-Meteo archive
Nagano,True,2017,2017-04-14 00:00:00,2017-04-17 00:00:00,Not stated,2017-04-14,2017-04-17,104.0,107.0,3.0,True,False,False,True,True,36.6617,138.1917,-1.3357142857142856,2.338709677419355,0.5014976958525347,Open-Meteo archive
Fukui,True,2017,2017-04-05 00:00:00,2017-04-07 00:00:00,Not stated,2017-04-05,2017-04-07,95.0,97.0,2.0,True,False,False,True,True,36.055,136.2217,2.6142857142857143,5.538709677419354,4.0764976958525345,Open-Meteo archive
Shizuoka,True,2017,2017-04-02 00:00:00,2017-04-12 00:00:00,Not stated,2017-04-02,2017-04-12,92.0,102.0,10.0,True,False,False,True,True,34.975,138.4033,6.271428571428571,7.970967741935484,7.121198156682027,Open-Meteo archive
Matsue,True,2017,2017-04-01 00:00:00,2017-04-07 00:00:00,Not stated,2017-04-01,2017-04-07,91.0,97.0,6.0,True,False,False,True,True,35.4567,133.065,4.739285714285714,6.770967741935484,5.755126728110599,Open-Meteo archive
Kyoto,True,2017,2017-03-31 00:00:00,2017-04-07 00:00:00,Not stated,2017-03-31,2017-04-07,90.0,97.0,7.0,True,False,False,True,True,35.0117,135.735,3.371428571428571,6.254838709677419,4.813133640552995,Open-Meteo archive
Kobe,True,2017,2017-04-03 00:00:00,2017-04-10 00:00:00,Not stated,2017-04-03,2017-04-10,93.0,100.0,7.0,True,False,False,True,True,34.6967,135.2117,5.489285714285714,8.067741935483872,6.778513824884793,Open-Meteo archive
Osaka,True,2017,2017-03-30 00:00:00,2017-04-06 00:00:00,Not stated,2017-03-30,2017-04-06,89.0,96.0,7.0,True,False,False,True,True,34.6817,135.5183,4.932142857142857,7.687096774193549,6.309619815668203,Open-Meteo archive
Nara,True,2017,2017-04-03 00:00:00,2017-04-08 00:00:00,Not stated,2017-04-03,2017-04-08,93.0,98.0,5.0,True,False,False,True,True,34.6733,135.8317,4.267857142857143,6.919354838709677,5.59360599078341,Open-Meteo archive
Kochi,True,2017,2017-03-29 00:00:00,2017-04-06 00:00:00,Not stated,2017-03-29,2017-04-06,88.0,96.0,8.0,True,False,False,True,True,33.5667,133.5483,6.325,8.80967741935484,7.56733870967742,Open-Meteo archive
Fukuoka,True,2017,2017-03-25 00:00:00,2017-04-05 00:00:00,Not stated,2017-03-25,2017-04-05,84.0,95.0,11.0,True,False,False,True,True,33.5817,130.3767,6.557142857142857,8.619354838709677,7.588248847926267,Open-Meteo archive
Oita,True,2017,2017-04-04 00:00:00,2017-04-13 00:00:00,Not stated,2017-04-04,2017-04-13,94.0,103.0,9.0,True,False,False,True,True,33.235,131.6183,6.889285714285714,8.851612903225806,7.87044930875576,Open-Meteo archive
Kagoshima,True,2017,2017-04-05 00:00:00,2017-04-15 00:00:00,Not stated,2017-04-05,2017-04-15,95.0,105.0,10.0,True,False,False,True,True,31.555,130.5467,8.260714285714286,10.619354838709675,9.44003456221198,Open-Meteo archive
Wakkanai,True,2018,2018-05-12 00:00:00,2018-05-15 00:00:00,Sargent cherry (Prunus sargentii),2018-05-12,2018-05-15,132.0,135.0,3.0,False,False,False,True,True,45.415,141.6783,-5.807142857142857,-0.5645161290322581,-3.1858294930875575,Open-Meteo archive
Asahikawa,True,2018,2018-04-30 00:00:00,2018-05-01 00:00:00,Sargent cherry (Prunus sargentii),2018-04-30,2018-05-01,120.0,121.0,1.0,False,False,False,True,True,43.7567,142.3717,-7.7178571428571425,-0.9612903225806452,-4.339573732718894,Open-Meteo archive
Aomori,True,2018,2018-04-19 00:00:00,2018-04-22 00:00:00,Not stated,2018-04-19,2018-04-22,109.0,112.0,3.0,True,False,False,True,True,40.8217,140.7683,-1.9107142857142856,3.9193548387096775,1.004320276497696,Open-Meteo archive
Akita,True,2018,2018-04-17 00:00:00,2018-04-20 00:00:00,Not stated,2018-04-17,2018-04-20,107.0,110.0,3.0,True,False,False,True,True,39.7167,140.0983,-0.8892857142857142,4.935483870967742,2.023099078341014,Open-Meteo archive
Yamagata,True,2018,2018-04-04 00:00:00,2018-04-11 00:00:00,Not stated,2018-04-04,2018-04-11,94.0,101.0,7.0,True,False,False,True,True,38.255,140.345,-0.8571428571428571,5.009677419354839,2.076267281105991,Open-Meteo archive
Nagano,True,2018,2018-04-02 00:00:00,2018-04-06 00:00:00,Not stated,2018-04-02,2018-04-06,92.0,96.0,4.0,True,False,False,True,True,36.6617,138.1917,-2.05,4.961290322580646,1.455645161290323,Open-Meteo archive
Fukui,True,2018,2018-03-29 00:00:00,2018-04-02 00:00:00,Not stated,2018-03-29,2018-04-02,88.0,92.0,4.0,True,False,False,True,True,36.055,136.2217,0.7678571428571429,7.693548387096774,4.230702764976958,Open-Meteo archive
Shizuoka,True,2018,2018-03-18 00:00:00,2018-03-27 00:00:00,Not stated,2018-03-18,2018-03-27,77.0,86.0,9.0,True,False,False,True,True,34.975,138.4033,5.203571428571428,10.919354838709678,8.061463133640553,Open-Meteo archive
Matsue,True,2018,2018-03-26 00:00:00,2018-03-29 00:00:00,Not stated,2018-03-26,2018-03-29,85.0,88.0,3.0,True,False,False,True,True,35.4567,133.065,2.9857142857142853,8.580645161290322,5.783179723502304,Open-Meteo archive
Kyoto,True,2018,2018-03-22 00:00:00,2018-03-28 00:00:00,Not stated,2018-03-22,2018-03-28,81.0,87.0,6.0,True,False,False,True,True,35.0117,135.735,2.3285714285714287,8.661290322580646,5.4949308755760375,Open-Meteo archive
Kobe,True,2018,2018-03-23 00:00:00,2018-03-29 00:00:00,Not stated,2018-03-23,2018-03-29,82.0,88.0,6.0,True,False,False,True,True,34.6967,135.2117,4.189285714285714,10.035483870967743,7.112384792626729,Open-Meteo archive
Osaka,True,2018,2018-03-20 00:00:00,2018-03-26 00:00:00,Not stated,2018-03-20,2018-03-26,79.0,85.0,6.0,True,False,False,True,True,34.6817,135.5183,3.753571428571429,9.374193548387098,6.563882488479264,Open-Meteo archive
Nara,True,2018,2018-03-24 00:00:00,2018-03-29 00:00:00,Not stated,2018-03-24,2018-03-29,83.0,88.0,5.0,True,False,False,True,True,34.6733,135.8317,3.317857142857143,9.567741935483872,6.442799539170507,Open-Meteo archive
Kochi,True,2018,2018-03-15 00:00:00,2018-03-19 00:00:00,Not stated,2018-03-15,2018-03-19,74.0,78.0,4.0,True,False,False,True,True,33.5667,133.5483,4.214285714285714,10.970967741935484,7.592626728110599,Open-Meteo archive
Fukuoka,True,2018,2018-03-19 00:00:00,2018-03-27 00:00:00,Not stated,2018-03-19,2018-03-27,78.0,86.0,8.0,True,False,False,True,True,33.5817,130.3767,4.803571428571429,10.19032258064516,7.496947004608295,Open-Meteo archive
Oita,True,2018,2018-03-23 00:00:00,2018-03-30 00:00:00,Not stated,2018-03-23,2018-03-30,82.0,89.0,7.0,True,False,False,True,True,33.235,131.6183,5.289285714285714,10.483870967741936,7.886578341013825,Open-Meteo archive
Kagoshima,True,2018,2018-03-17 00:00:00,2018-03-29 00:00:00,Not stated,2018-03-17,2018-03-29,76.0,88.0,12.0,True,False,False,True,True,31.555,130.5467,7.142857142857143,13.138709677419357,10.14078341013825,Open-Meteo archive
Wakkanai,True,2019,2019-05-07 00:00:00,2019-05-09 00:00:00,Sargent cherry (Prunus sargentii),2019-05-07,2019-05-09,127.0,129.0,2.0,False,False,False,True,True,45.415,141.6783,-5.060714285714285,-0.8741935483870967,-2.967453917050691,Open-Meteo archive
Asahikawa,True,2019,2019-05-01 00:00:00,2019-05-04 00:00:00,Sargent cherry (Prunus sargentii),2019-05-01,2019-05-04,121.0,124.0,3.0,False,False,False,True,True,43.7567,142.3717,-6.485714285714286,-1.3064516129032258,-3.896082949308756,Open-Meteo archive
Aomori,True,2019,2019-04-18 00:00:00,2019-04-22 00:00:00,Not stated,2019-04-18,2019-04-22,108.0,112.0,4.0,True,False,False,True,True,40.8217,140.7683,-0.5,3.3741935483870966,1.4370967741935483,Open-Meteo archive
Akita,True,2019,2019-04-16 00:00:00,2019-04-20 00:00:00,Not stated,2019-04-16,2019-04-20,106.0,110.0,4.0,True,False,False,True,True,39.7167,140.0983,1.5392857142857144,5.109677419354839,3.324481566820277,Open-Meteo archive
Yamagata,True,2019,2019-04-12 00:00:00,2019-04-17 00:00:00,Not stated,2019-04-12,2019-04-17,102.0,107.0,5.0,True,False,False,True,True,38.255,140.345,1.8285714285714287,4.987096774193549,3.4078341013824884,Open-Meteo archive
Nagano,True,2019,2019-04-13 00:00:00,2019-04-18 00:00:00,Not stated,2019-04-13,2019-04-18,103.0,108.0,5.0,True,False,False,True,True,36.6617,138.1917,0.4642857142857143,3.97741935483871,2.220852534562212,Open-Meteo archive
Fukui,True,2019,2019-03-28 00:00:00,2019-04-05 00:00:00,Not stated,2019-03-28,2019-04-05,87.0,95.0,8.0,True,False,False,True,True,36.055,136.2217,4.475,7.209677419354839,5.842338709677419,Open-Meteo archive
Shizuoka,True,2019,2019-03-28 00:00:00,2019-04-06 00:00:00,Not stated,2019-03-28,2019-04-06,87.0,96.0,9.0,True,False,False,True,True,34.975,138.4033,8.078571428571427,10.074193548387097,9.076382488479261,Open-Meteo archive
Matsue,True,2019,2019-03-26 00:00:00,2019-04-01 00:00:00,Not stated,2019-03-26,2019-04-01,85.0,91.0,6.0,True,False,False,True,True,35.4567,133.065,5.925,8.270967741935483,7.097983870967742,Open-Meteo archive
Kyoto,True,2019,2019-03-27 00:00:00,2019-04-06 00:00:00,Not stated,2019-03-27,2019-04-06,86.0,96.0,10.0,True,False,False,True,True,35.0117,135.735,4.878571428571428,7.851612903225806,6.365092165898617,Open-Meteo archive
Kobe,True,2019,2019-03-27 00:00:00,2019-04-06 00:00:00,Not stated,2019-03-27,2019-04-06,86.0,96.0,10.0,True,False,False,True,True,34.6967,135.2117,6.689285714285715,9.36774193548387,8.028513824884794,Open-Meteo archive
Osaka,True,2019,2019-03-27 00:00:00,2019-04-04 00:00:00,Not stated,2019-03-27,2019-04-04,86.0,94.0,8.0,True,False,False,True,True,34.6817,135.5183,6.175,9.05483870967742,7.61491935483871,Open-Meteo archive
Nara,True,2019,2019-03-29 00:00:00,2019-04-05 00:00:00,Not stated,2019-03-29,2019-04-05,88.0,95.0,7.0,True,False,False,True,True,34.6733,135.8317,5.6000000000000005,8.529032258064515,7.064516129032258,Open-Meteo archive
Kochi,True,2019,2019-03-22 00:00:00,2019-03-29 00:00:00,Not stated,2019-03-22,2019-03-29,81.0,88.0,7.0,True,False,False,True,True,33.5667,133.5483,7.9678571428571425,10.016129032258064,8.991993087557603,Open-Meteo archive
Fukuoka,True,2019,2019-03-21 00:00:00,2019-03-29 00:00:00,Not stated,2019-03-21,2019-03-29,80.0,88.0,8.0,True,False,False,True,True,33.5817,130.3767,7.682142857142857,9.90967741935484,8.795910138248848,Open-Meteo archive
Oita,True,2019,2019-03-24 00:00:00,2019-04-06 00:00:00,Not stated,2019-03-24,2019-04-06,83.0,96.0,13.0,True,False,False,True,True,33.235,131.6183,8.421428571428573,10.435483870967742,9.428456221198157,Open-Meteo archive
Kagoshima,True,2019,2019-03-25 00:00:00,2019-04-09 00:00:00,Not stated,2019-03-25,2019-04-09,84.0,99.0,15.0,True,False,False,True,True,31.555,130.5467,10.332142857142856,12.296774193548387,11.314458525345621,Open-Meteo archive
Wakkanai,True,2020,2020-05-10 00:00:00,2020-05-12 00:00:00,Sargent cherry (Prunus sargentii),2020-05-10,2020-05-12,130.0,132.0,2.0,False,False,False,True,True,45.415,141.6783,-4.7620689655172415,0.0258064516129032,-2.3681312569521693,Open-Meteo archive
Asahikawa,True,2020,2020-05-03 00:00:00,2020-05-04 00:00:00,Sargent cherry (Prunus sargentii),2020-05-03,2020-05-04,123.0,124.0,1.0,False,False,False,True,True,43.7567,142.3717,-6.441379310344828,-0.5903225806451612,-3.515850945494994,Open-Meteo archive
Aomori,True,2020,2020-04-17 00:00:00,2020-04-21 00:00:00,Not stated,2020-04-17,2020-04-21,107.0,111.0,4.0,True,False,False,True,True,40.8217,140.7683,0.8068965517241379,4.761290322580645,2.784093437152391,Open-Meteo archive
Akita,True,2020,2020-04-08 00:00:00,2020-04-15 00:00:00,Not stated,2020-04-08,2020-04-15,98.0,105.0,7.0,True,False,False,True,True,39.7167,140.0983,2.555172413793103,6.122580645161291,4.338876529477197,Open-Meteo archive
Yamagata,True,2020,2020-04-03 00:00:00,2020-04-09 00:00:00,Not stated,2020-04-03,2020-04-09,93.0,99.0,6.0,True,False,False,True,True,38.255,140.345,2.6413793103448273,5.587096774193548,4.1142380422691875,Open-Meteo archive
Nagano,True,2020,2020-04-02 00:00:00,2020-04-13 00:00:00,Not stated,2020-04-02,2020-04-13,92.0,103.0,11.0,True,False,False,True,True,36.6617,138.1917,1.6413793103448275,4.870967741935484,3.256173526140156,Open-Meteo archive
Fukui,True,2020,2020-03-25 00:00:00,2020-03-31 00:00:00,Not stated,2020-03-25,2020-03-31,84.0,90.0,6.0,True,False,False,True,True,36.055,136.2217,5.344827586206897,7.754838709677419,6.549833147942158,Open-Meteo archive
Shizuoka,True,2020,2020-03-27 00:00:00,2020-04-07 00:00:00,Not stated,2020-03-27,2020-04-07,86.0,97.0,11.0,True,False,False,True,True,34.975,138.4033,7.837931034482759,10.435483870967742,9.13670745272525,Open-Meteo archive
Matsue,True,2020,2020-03-23 00:00:00,2020-03-30 00:00:00,Not stated,2020-03-23,2020-03-30,82.0,89.0,7.0,True,False,False,True,True,35.4567,133.065,6.382758620689655,8.932258064516128,7.657508342602892,Open-Meteo archive
Kyoto,True,2020,2020-03-22 00:00:00,2020-03-30 00:00:00,Not stated,2020-03-22,2020-03-30,81.0,89.0,8.0,True,False,False,True,True,35.0117,135.735,5.296551724137931,8.648387096774194,6.972469410456062,Open-Meteo archive
Kobe,True,2020,2020-03-26 00:00:00,2020-04-03 00:00:00,Not stated,2020-03-26,2020-04-03,85.0,93.0,8.0,True,False,False,True,True,34.6967,135.2117,7.206896551724138,10.080645161290322,8.64377085650723,Open-Meteo archive
Osaka,True,2020,2020-03-23 00:00:00,2020-04-03 00:00:00,Not stated,2020-03-23,2020-04-03,82.0,93.0,11.0,True,False,False,True,True,34.6817,135.5183,6.575862068965517,9.761290322580646,8.168576195773081,Open-Meteo archive
Nara,True,2020,2020-03-26 00:00:00,2020-04-03 00:00:00,Not stated,2020-03-26,2020-04-03,85.0,93.0,8.0,True,False,False,True,True,34.6733,135.8317,6.06551724137931,9.348387096774196,7.706952169076754,Open-Meteo archive
Kochi,True,2020,2020-03-24 00:00:00,2020-04-02 00:00:00,Not stated,2020-03-24,2020-04-02,83.0,92.0,9.0,True,False,False,True,True,33.5667,133.5483,7.793103448275862,10.98709677419355,9.390100111234705,Open-Meteo archive
Fukuoka,True,2020,2020-03-21 00:00:00,2020-04-02 00:00:00,Not stated,2020-03-21,2020-04-02,80.0,92.0,12.0,True,False,False,True,True,33.5817,130.3767,7.989655172413792,10.48709677419355,9.23837597330367,Open-Meteo archive
Oita,True,2020,2020-03-25 00:00:00,2020-04-08 00:00:00,Not stated,2020-03-25,2020-04-08,84.0,98.0,14.0,True,False,False,True,True,33.235,131.6183,8.293103448275861,10.858064516129032,9.575583982202446,Open-Meteo archive
Kagoshima,True,2020,2020-04-01 00:00:00,2020-04-19 00:00:00,Not stated,2020-04-01,2020-04-19,91.0,109.0,18.0,True,False,False,True,True,31.555,130.5467,10.527586206896553,12.97741935483871,11.752502780867632,Open-Meteo archive
Wakkanai,True,2021,2021-05-08 00:00:00,2021-05-11 00:00:00,Sargent cherry (Prunus sargentii),2021-05-08,2021-05-11,128.0,131.0,3.0,False,False,False,True,True,45.415,141.6783,-3.95,0.5483870967741935,-1.7008064516129033,Open-Meteo archive
Asahikawa,True,2021,2021-04-29 00:00:00,2021-05-03 00:00:00,Sargent cherry (Prunus sargentii),2021-04-29,2021-05-03,119.0,123.0,4.0,False,False,False,True,True,43.7567,142.3717,-5.535714285714286,0.3290322580645161,-2.6033410138248847,Open-Meteo archive
Aomori,True,2021,2021-04-13 00:00:00,2021-04-17 00:00:00,Not stated,2021-04-13,2021-04-17,103.0,107.0,4.0,True,False,False,True,True,40.8217,140.7683,-0.5821428571428571,4.970967741935484,2.194412442396313,Open-Meteo archive
Akita,True,2021,2021-04-04 00:00:00,2021-04-07 00:00:00,Not stated,2021-04-04,2021-04-07,94.0,97.0,3.0,True,False,False,True,True,39.7167,140.0983,1.525,6.083870967741936,3.804435483870968,Open-Meteo archive
Yamagata,True,2021,2021-04-02 00:00:00,2021-04-05 00:00:00,Not stated,2021-04-02,2021-04-05,92.0,95.0,3.0,True,False,False,True,True,38.255,140.345,1.8357142857142856,6.403225806451613,4.11947004608295,Open-Meteo archive
Nagano,True,2021,2021-03-29 00:00:00,2021-04-01 00:00:00,Not stated,2021-03-29,2021-04-01,88.0,91.0,3.0,True,False,False,True,True,36.6617,138.1917,1.175,5.867741935483871,3.5213709677419356,Open-Meteo archive
Fukui,True,2021,2021-03-22 00:00:00,2021-03-27 00:00:00,Not stated,2021-03-22,2021-03-27,81.0,86.0,5.0,True,False,False,True,True,36.055,136.2217,5.0,8.735483870967743,6.867741935483871,Open-Meteo archive
Shizuoka,True,2021,2021-03-20 00:00:00,2021-03-28 00:00:00,Not stated,2021-03-20,2021-03-28,79.0,87.0,8.0,True,False,False,True,True,34.975,138.4033,8.175,11.996774193548386,10.085887096774194,Open-Meteo archive
Matsue,True,2021,2021-03-14 00:00:00,2021-03-27 00:00:00,Not stated,2021-03-14,2021-03-27,73.0,86.0,13.0,True,False,False,True,True,35.4567,133.065,6.728571428571429,9.3,8.014285714285714,Open-Meteo archive
Kyoto,True,2021,2021-03-16 00:00:00,2021-03-26 00:00:00,Not stated,2021-03-16,2021-03-26,75.0,85.0,10.0,True,False,False,True,True,35.0117,135.735,5.510714285714286,9.516129032258064,7.513421658986175,Open-Meteo archive
Kobe,True,2021,2021-03-24 00:00:00,2021-03-30 00:00:00,Not stated,2021-03-24,2021-03-30,83.0,89.0,6.0,True,False,False,True,True,34.6967,135.2117,7.285714285714286,10.790322580645162,9.038018433179724,Open-Meteo archive
Osaka,True,2021,2021-03-19 00:00:00,2021-03-28 00:00:00,Not stated,2021-03-19,2021-03-28,78.0,87.0,9.0,True,False,False,True,True,34.6817,135.5183,7.035714285714286,10.448387096774193,8.74205069124424,Open-Meteo archive
Nara,True,2021,2021-03-21 00:00:00,2021-03-30 00:00:00,Not stated,2021-03-21,2021-03-30,80.0,89.0,9.0,True,False,False,True,True,34.6733,135.8317,6.235714285714286,10.251612903225809,8.243663594470046,Open-Meteo archive
Kochi,True,2021,2021-03-15 00:00:00,2021-03-23 00:00:00,Not stated,2021-03-15,2021-03-23,74.0,82.0,8.0,True,False,False,True,True,33.5667,133.5483,8.060714285714285,12.612903225806452,10.33680875576037,Open-Meteo archive
Fukuoka,True,2021,2021-03-12 00:00:00,2021-03-22 00:00:00,Not stated,2021-03-12,2021-03-22,71.0,81.0,10.0,True,False,False,True,True,33.5817,130.3767,8.15,11.603225806451611,9.876612903225805,Open-Meteo archive
Oita,True,2021,2021-03-18 00:00:00,2021-03-30 00:00:00,Not stated,2021-03-18,2021-03-30,77.0,89.0,12.0,True,False,False,True,True,33.235,131.6183,8.821428571428571,11.974193548387095,10.397811059907834,Open-Meteo archive
Kagoshima,True,2021,2021-03-17 00:00:00,2021-03-30 00:00:00,Not stated,2021-03-17,2021-03-30,76.0,89.0,13.0,True,False,False,True,True,31.555,130.5467,10.767857142857142,14.303225806451612,12.535541474654377,Open-Meteo archive
Wakkanai,True,2022,2022-05-06 00:00:00,2022-05-09 00:00:00,Sargent cherry (Prunus sargentii),2022-05-06,2022-05-09,126.0,129.0,3.0,False,False,False,True,True,45.415,141.6783,-4.107142857142857,0.2548387096774193,-1.9261520737327187,Open-Meteo archive
Asahikawa,True,2022,2022-04-26 00:00:00,2022-04-28 00:00:00,Sargent cherry (Prunus sargentii),2022-04-26,2022-04-28,116.0,118.0,2.0,False,False,False,True,True,43.7567,142.3717,-6.071428571428571,-0.9032258064516128,-3.487327188940092,Open-Meteo archive
Aomori,True,2022,2022-04-16 00:00:00,2022-04-20 00:00:00,Not stated,2022-04-16,2022-04-20,106.0,110.0,4.0,True,False,False,True,True,40.8217,140.7683,-0.9428571428571428,3.083870967741935,1.0705069124423963,Open-Meteo archive
Akita,True,2022,2022-04-12 00:00:00,2022-04-16 00:00:00,Not stated,2022-04-12,2022-04-16,102.0,106.0,4.0,True,False,False,True,True,39.7167,140.0983,0.2357142857142857,4.590322580645162,2.4130184331797238,Open-Meteo archive
Yamagata,True,2022,2022-04-11 00:00:00,2022-04-13 00:00:00,Not stated,2022-04-11,2022-04-13,101.0,103.0,2.0,True,False,False,True,True,38.255,140.345,-0.3678571428571429,4.158064516129032,1.8951036866359448,Open-Meteo archive
Nagano,True,2022,2022-04-09 00:00:00,2022-04-11 00:00:00,Not stated,2022-04-09,2022-04-11,99.0,101.0,2.0,True,False,False,True,True,36.6617,138.1917,-2.25,4.354838709677419,1.0524193548387095,Open-Meteo archive
Fukui,True,2022,2022-03-31 00:00:00,2022-04-06 00:00:00,Not stated,2022-03-31,2022-04-06,90.0,96.0,6.0,True,False,False,True,True,36.055,136.2217,1.2571428571428571,7.580645161290323,4.41889400921659,Open-Meteo archive
Shizuoka,True,2022,2022-03-21 00:00:00,2022-03-30 00:00:00,Not stated,2022-03-21,2022-03-30,80.0,89.0,9.0,True,False,False,True,True,34.975,138.4033,5.260714285714286,10.964516129032257,8.11261520737327,Open-Meteo archive
Matsue,True,2022,2022-03-26 00:00:00,2022-03-31 00:00:00,Not stated,2022-03-26,2022-03-31,85.0,90.0,5.0,True,False,False,True,True,35.4567,133.065,3.642857142857143,8.82258064516129,6.232718894009216,Open-Meteo archive
Kyoto,True,2022,2022-03-24 00:00:00,2022-03-30 00:00:00,Not stated,2022-03-24,2022-03-30,83.0,89.0,6.0,True,False,False,True,True,35.0117,135.735,2.2285714285714286,8.503225806451614,5.365898617511521,Open-Meteo archive
Kobe,True,2022,2022-03-25 00:00:00,2022-04-01 00:00:00,Not stated,2022-03-25,2022-04-01,84.0,91.0,7.0,True,False,False,True,True,34.6967,135.2117,4.171428571428572,9.890322580645162,7.030875576036866,Open-Meteo archive
Osaka,True,2022,2022-03-23 00:00:00,2022-03-30 00:00:00,Not stated,2022-03-23,2022-03-30,82.0,89.0,7.0,True,False,False,True,True,34.6817,135.5183,3.946428571428571,9.50967741935484,6.728052995391706,Open-Meteo archive
Nara,True,2022,2022-03-25 00:00:00,2022-03-31 00:00:00,Not stated,2022-03-25,2022-03-31,84.0,90.0,6.0,True,False,False,True,True,34.6733,135.8317,2.9214285714285713,9.283870967741937,6.102649769585254,Open-Meteo archive
Kochi,True,2022,2022-03-19 00:00:00,2022-03-27 00:00:00,Not stated,2022-03-19,2022-03-27,78.0,86.0,8.0,True,False,False,True,True,33.5667,133.5483,5.007142857142857,11.290322580645162,8.14873271889401,Open-Meteo archive
Fukuoka,True,2022,2022-03-17 00:00:00,2022-03-27 00:00:00,Not stated,2022-03-17,2022-03-27,76.0,86.0,10.0,True,False,False,True,True,33.5817,130.3767,4.596428571428571,10.729032258064516,7.662730414746543,Open-Meteo archive
Oita,True,2022,2022-03-23 00:00:00,2022-04-01 00:00:00,Not stated,2022-03-23,2022-04-01,82.0,91.0,9.0,True,False,False,True,True,33.235,131.6183,5.621428571428572,11.36451612903226,8.492972350230417,Open-Meteo archive
Kagoshima,True,2022,2022-03-20 00:00:00,2022-04-01 00:00:00,Not stated,2022-03-20,2022-04-01,79.0,91.0,12.0,True,False,False,True,True,31.555,130.5467,6.903571428571429,13.174193548387096,10.038882488479263,Open-Meteo archive
Wakkanai,True,2023,2023-05-03 00:00:00,2023-05-05 00:00:00,Sargent cherry (Prunus sargentii),2023-05-03,2023-05-05,123.0,125.0,2.0,False,False,False,True,True,45.415,141.6783,-5.135714285714286,1.8870967741935485,-1.6243087557603688,Open-Meteo archive
Asahikawa,True,2023,2023-04-25 00:00:00,2023-04-28 00:00:00,Sargent cherry (Prunus sargentii),2023-04-25,2023-04-28,115.0,118.0,3.0,False,False,False,True,True,43.7567,142.3717,-6.8,1.261290322580645,-2.7693548387096776,Open-Meteo archive
Aomori,True,2023,2023-04-07 00:00:00,2023-04-11 00:00:00,Not stated,2023-04-07,2023-04-11,97.0,101.0,4.0,True,False,False,True,True,40.8217,140.7683,-0.3178571428571429,5.625806451612903,2.65397465437788,Open-Meteo archive
Akita,True,2023,2023-04-04 00:00:00,2023-04-07 00:00:00,Not stated,2023-04-04,2023-04-07,94.0,97.0,3.0,True,False,False,True,True,39.7167,140.0983,0.7821428571428571,6.919354838709677,3.8507488479262673,Open-Meteo archive
Yamagata,True,2023,2023-03-31 00:00:00,2023-04-05 00:00:00,Not stated,2023-03-31,2023-04-05,90.0,95.0,5.0,True,False,False,True,True,38.255,140.345,0.5678571428571428,6.987096774193549,3.777476958525346,Open-Meteo archive
Nagano,True,2023,2023-03-28 00:00:00,2023-04-03 00:00:00,Not stated,2023-03-28,2023-04-03,87.0,93.0,6.0,True,False,False,True,True,36.6617,138.1917,0.4071428571428571,6.632258064516129,3.519700460829493,Open-Meteo archive
Fukui,True,2023,2023-03-22 00:00:00,2023-03-27 00:00:00,Not stated,2023-03-22,2023-03-27,81.0,86.0,5.0,True,False,False,True,True,36.055,136.2217,3.492857142857143,9.216129032258063,6.354493087557604,Open-Meteo archive
Shizuoka,True,2023,2023-03-19 00:00:00,2023-03-29 00:00:00,Not stated,2023-03-19,2023-03-29,78.0,88.0,10.0,True,False,False,True,True,34.975,138.4033,7.475,12.048387096774194,9.761693548387097,Open-Meteo archive
Matsue,True,2023,2023-03-20 00:00:00,2023-03-27 00:00:00,Not stated,2023-03-20,2023-03-27,79.0,86.0,7.0,True,False,False,True,True,35.4567,133.065,5.257142857142857,9.916129032258064,7.586635944700461,Open-Meteo archive
Kyoto,True,2023,2023-03-17 00:00:00,2023-03-24 00:00:00,Not stated,2023-03-17,2023-03-24,76.0,83.0,7.0,True,False,False,True,True,35.0117,135.735,4.310714285714286,10.029032258064516,7.169873271889401,Open-Meteo archive
Kobe,True,2023,2023-03-24 00:00:00,2023-03-31 00:00:00,Not stated,2023-03-24,2023-03-31,83.0,90.0,7.0,True,False,False,True,True,34.6967,135.2117,6.014285714285714,11.541935483870969,8.778110599078342,Open-Meteo archive
Osaka,True,2023,2023-03-19 00:00:00,2023-03-27 00:00:00,Not stated,2023-03-19,2023-03-27,78.0,86.0,8.0,True,False,False,True,True,34.6817,135.5183,5.385714285714285,10.86774193548387,8.126728110599078,Open-Meteo archive
Nara,True,2023,2023-03-20 00:00:00,2023-03-27 00:00:00,Not stated,2023-03-20,2023-03-27,79.0,86.0,7.0,True,False,False,True,True,34.6733,135.8317,4.825,10.838709677419354,7.831854838709678,Open-Meteo archive
Kochi,True,2023,2023-03-17 00:00:00,2023-03-24 00:00:00,Not stated,2023-03-17,2023-03-24,76.0,83.0,7.0,True,False,False,True,True,33.5667,133.5483,7.125,12.19032258064516,9.65766129032258,Open-Meteo archive
Fukuoka,True,2023,2023-03-18 00:00:00,2023-03-26 00:00:00,Not stated,2023-03-18,2023-03-26,77.0,85.0,8.0,True,False,False,True,True,33.5817,130.3767,7.278571428571429,11.651612903225804,9.465092165898616,Open-Meteo archive
Oita,True,2023,2023-03-24 00:00:00,2023-04-03 00:00:00,Not stated,2023-03-24,2023-04-03,83.0,93.0,10.0,True,False,False,True,True,33.235,131.6183,7.839285714285714,11.59032258064516,9.714804147465438,Open-Meteo archive
Kagoshima,True,2023,2023-03-24 00:00:00,2023-04-05 00:00:00,Not stated,2023-03-24,2023-04-05,83.0,95.0,12.0,True,False,False,True,True,31.555,130.5467,10.360714285714286,13.84516129032258,12.102937788018433,Open-Meteo archive
Wakkanai,True,2024,2024-05-01 00:00:00,2024-05-04 00:00:00,Sargent cherry (Prunus sargentii),2024-05-01,2024-05-04,121.0,124.0,3.0,False,False,False,True,True,45.415,141.6783,-4.472413793103448,-1.3741935483870968,-2.9233036707452724,Open-Meteo archive
Asahikawa,True,2024,2024-04-24 00:00:00,2024-04-26 00:00:00,Sargent cherry (Prunus sargentii),2024-04-24,2024-04-26,114.0,116.0,2.0,False,False,False,True,True,43.7567,142.3717,-7.396551724137931,-4.4,-5.8982758620689655,Open-Meteo archive
Aomori,True,2024,2024-04-15 00:00:00,2024-04-18 00:00:00,Not stated,2024-04-15,2024-04-18,105.0,108.0,3.0,True,False,False,True,True,40.8217,140.7683,0.8275862068965517,2.4838709677419355,1.6557285873192435,Open-Meteo archive
Akita,True,2024,2024-04-10 00:00:00,2024-04-14 00:00:00,Not stated,2024-04-10,2024-04-14,100.0,104.0,4.0,True,False,False,True,True,39.7167,140.0983,2.679310344827586,3.7838709677419353,3.2315906562847605,Open-Meteo archive
Yamagata,True,2024,2024-04-07 00:00:00,2024-04-10 00:00:00,Not stated,2024-04-07,2024-04-10,97.0,100.0,3.0,True,False,False,True,True,38.255,140.345,2.3620689655172415,3.070967741935484,2.7165183537263626,Open-Meteo archive
Nagano,True,2024,2024-04-08 00:00:00,2024-04-13 00:00:00,Not stated,2024-04-08,2024-04-13,98.0,103.0,5.0,True,False,False,True,True,36.6617,138.1917,1.6482758620689657,2.6451612903225805,2.146718576195773,Open-Meteo archive
Fukui,True,2024,2024-04-01 00:00:00,2024-04-06 00:00:00,Not stated,2024-04-01,2024-04-06,91.0,96.0,5.0,True,False,False,True,True,36.055,136.2217,4.93448275862069,5.970967741935484,5.452725250278087,Open-Meteo archive
Shizuoka,True,2024,2024-03-30 00:00:00,2024-04-08 00:00:00,Not stated,2024-03-30,2024-04-08,89.0,98.0,9.0,True,False,False,True,True,34.975,138.4033,8.558620689655172,9.264516129032256,8.911568409343714,Open-Meteo archive
Matsue,True,2024,2024-03-28 00:00:00,2024-04-03 00:00:00,Not stated,2024-03-28,2024-04-03,87.0,93.0,6.0,True,False,False,True,True,35.4567,133.065,6.4655172413793105,7.929032258064516,7.197274749721913,Open-Meteo archive
Kyoto,True,2024,2024-03-29 00:00:00,2024-04-05 00:00:00,Not stated,2024-03-29,2024-04-05,88.0,95.0,7.0,True,False,False,True,True,35.0117,135.735,5.913793103448276,6.935483870967742,6.424638487208009,Open-Meteo archive
Kobe,True,2024,2024-04-01 00:00:00,2024-04-07 00:00:00,Not stated,2024-04-01,2024-04-07,91.0,97.0,6.0,True,False,False,True,True,34.6967,135.2117,7.293103448275862,8.52258064516129,7.907842046718576,Open-Meteo archive
Osaka,True,2024,2024-03-30 00:00:00,2024-04-06 00:00:00,Not stated,2024-03-30,2024-04-06,89.0,96.0,7.0,True,False,False,True,True,34.6817,135.5183,7.024137931034482,8.248387096774193,7.636262513904338,Open-Meteo archive
Nara,True,2024,2024-03-31 00:00:00,2024-04-08 00:00:00,Not stated,2024-03-31,2024-04-08,90.0,98.0,8.0,True,False,False,True,True,34.6733,135.8317,6.486206896551724,7.435483870967742,6.960845383759732,Open-Meteo archive
Kochi,True,2024,2024-03-23 00:00:00,2024-03-31 00:00:00,Not stated,2024-03-23,2024-03-31,82.0,90.0,8.0,True,False,False,True,True,33.5667,133.5483,9.327586206896552,9.964516129032257,9.646051167964405,Open-Meteo archive
Fukuoka,True,2024,2024-03-27 00:00:00,2024-04-02 00:00:00,Not stated,2024-03-27,2024-04-02,86.0,92.0,6.0,True,False,False,True,True,33.5817,130.3767,8.4,9.961290322580645,9.180645161290322,Open-Meteo archive
Oita,True,2024,2024-03-30 00:00:00,2024-04-05 00:00:00,Not stated,2024-03-30,2024-04-05,89.0,95.0,6.0,True,False,False,True,True,33.235,131.6183,9.320689655172414,10.293548387096775,9.807119021134595,Open-Meteo archive
Kagoshima,True,2024,2024-03-29 00:00:00,2024-04-12 00:00:00,Not stated,2024-03-29,2024-04-12,88.0,102.0,14.0,True,False,False,True,True,31.555,130.5467,12.46896551724138,12.36451612903226,12.41674082313682,Open-Meteo archive
